-- phpMyAdmin SQL Dump
-- version 3.5.8.1
-- http://www.phpmyadmin.net
--
-- Host: localhost
-- Generation Time: Aug 08, 2016 at 06:08 PM
-- Server version: 5.5.40
-- PHP Version: 5.4.38

SET SQL_MODE="NO_AUTO_VALUE_ON_ZERO";
SET time_zone = "+00:00";


/*!40101 SET @OLD_CHARACTER_SET_CLIENT=@@CHARACTER_SET_CLIENT */;
/*!40101 SET @OLD_CHARACTER_SET_RESULTS=@@CHARACTER_SET_RESULTS */;
/*!40101 SET @OLD_COLLATION_CONNECTION=@@COLLATION_CONNECTION */;
/*!40101 SET NAMES utf8 */;

--
-- Database: `dentsu_suzukisx4`
--

-- --------------------------------------------------------

--
-- Table structure for table `tbl_captcha`
--

CREATE TABLE IF NOT EXISTS `tbl_captcha` (
  `id` int(11) unsigned NOT NULL AUTO_INCREMENT,
  `time` int(11) DEFAULT NULL,
  `ip_address` varchar(16) DEFAULT NULL,
  `word` varchar(10) DEFAULT NULL,
  PRIMARY KEY (`id`)
) ENGINE=MyISAM  DEFAULT CHARSET=utf8 AUTO_INCREMENT=11 ;

--
-- Dumping data for table `tbl_captcha`
--

INSERT INTO `tbl_captcha` (`id`, `time`, `ip_address`, `word`) VALUES
(10, 1470202569, '::1', 'OomTQ');

-- --------------------------------------------------------

--
-- Table structure for table `tbl_ci_sessions`
--

CREATE TABLE IF NOT EXISTS `tbl_ci_sessions` (
  `session_id` varchar(40) NOT NULL DEFAULT '0',
  `ip_address` varchar(45) NOT NULL DEFAULT '0',
  `user_agent` varchar(120) NOT NULL,
  `last_activity` int(10) unsigned NOT NULL DEFAULT '0',
  `user_data` blob NOT NULL,
  PRIMARY KEY (`session_id`),
  KEY `last_activity_idx` (`last_activity`)
) ENGINE=MyISAM DEFAULT CHARSET=utf8;

--
-- Dumping data for table `tbl_ci_sessions`
--

INSERT INTO `tbl_ci_sessions` (`session_id`, `ip_address`, `user_agent`, `last_activity`, `user_data`) VALUES
('e3d225ec073536e9e3627939dd32b576', '::1', 'Mozilla/5.0 (Macintosh; Intel Mac OS X 10.7; rv:47.0) Gecko/20100101 Firefox/47.0', 1470376321, 0x613a363a7b733a393a22757365725f64617461223b733a303a22223b733a31313a226d6f64756c655f6c697374223b733a3539393a227b2241646d696e223a7b2264617368626f6172647b7b736c6173687d7d2f696e646578223a2244617368626f6172642050616e656c222c22757365727b7b736c6173687d7d2f696e646578223a225573657273222c227573657267726f75707b7b736c6173687d7d2f696e646578223a22557365722047726f757073222c226c616e67756167657b7b736c6173687d7d2f696e646578223a224c616e677561676573222c2273657474696e677b7b736c6173687d7d2f696e646578223a2253657474696e6773227d2c224d6f64756c65223a7b226d6f64756c656c6973747b7b736c6173687d7d2f696e646578223a224d6f64756c65204c69737473227d2c2250616765223a7b22706167657b7b736c6173687d7d2f696e646578223a225061676573222c22706167656d656e757b7b736c6173687d7d2f696e646578223a2250616765204d656e7573227d2c225061727469636970616e74223a7b227061727469636970616e747b7b736c6173687d7d2f696e646578223a225061727469636970616e74222c227061727469636970616e745f616e737765727b7b736c6173687d7d2f696e646578223a225061727469636970616e7420416e73776572227d2c225175657374696f6e6e61697265223a7b227175657374696f6e6e616972657b7b736c6173687d7d2f696e646578223a225175657374696f6e6e6169726573222c227175657374696f6e7b7b736c6173687d7d2f696e646578223a225175657374696f6e73222c227175657374696f6e72756c657b7b736c6173687d7d2f696e646578223a225175657374696f6e2052756c65227d7d223b733a32303a226d6f64756c655f66756e6374696f6e5f6c697374223b733a353132323a227b2241646d696e223a7b2264617368626f6172647b7b736c6173687d7d2f696e646578223a2244617368626f6172642050616e656c222c22757365727b7b736c6173687d7d2f696e646578223a225573657273222c227573657267726f75707b7b736c6173687d7d2f696e646578223a22557365722047726f757073222c226c616e67756167657b7b736c6173687d7d2f696e646578223a224c616e677561676573222c2273657474696e677b7b736c6173687d7d2f696e646578223a2253657474696e6773222c2264617368626f6172647b7b736c6173687d7d2f616464223a22416464204e65772044617368626f617264222c2264617368626f6172647b7b736c6173687d7d2f76696577223a22566965772044617368626f617264222c2264617368626f6172647b7b736c6173687d7d2f65646974223a22456469742044617368626f617264222c2264617368626f6172647b7b736c6173687d7d2f64656c657465223a2244656c6574652044617368626f617264222c2264617368626f6172647b7b736c6173687d7d2f6368616e6765223a224368616e67652044617368626f61726420537461747573222c22757365727b7b736c6173687d7d2f616464223a224164642055736572222c22757365727b7b736c6173687d7d2f76696577223a22566965772055736572222c22757365727b7b736c6173687d7d2f65646974223a22456469742055736572222c22757365727b7b736c6173687d7d2f64656c657465223a2244656c6574652055736572222c22757365727b7b736c6173687d7d2f6368616e6765223a224368616e6765205573657220537461747573222c22757365727b7b736c6173687d7d2f696d616765223a224368616e6765205573657220496d616765222c22757365727b7b736c6173687d7d2f75706c6f6164223a2255706c6f6164205573657220496d616765222c22757365727b7b736c6173687d7d2f6578706f7274223a224578706f727420557365722044617461222c227573657267726f75707b7b736c6173687d7d2f616464223a2241646420557365722047726f7570222c227573657267726f75707b7b736c6173687d7d2f76696577223a225669657720557365722047726f7570222c227573657267726f75707b7b736c6173687d7d2f65646974223a224564697420557365722047726f7570222c227573657267726f75707b7b736c6173687d7d2f64656c657465223a2244656c65746520557365722047726f7570222c227573657267726f75707b7b736c6173687d7d2f6368616e6765223a224368616e676520557365722047726f757020537461747573222c227573657267726f75707b7b736c6173687d7d2f6578706f7274223a224578706f727420557365722047726f75702044617461222c226c616e67756167657b7b736c6173687d7d2f616464223a22416464204c616e6775616765222c226c616e67756167657b7b736c6173687d7d2f76696577223a2256696577204c616e6775616765222c226c616e67756167657b7b736c6173687d7d2f65646974223a2245646974204c616e6775616765222c226c616e67756167657b7b736c6173687d7d2f64656c657465223a2244656c657465204c616e6775616765222c226c616e67756167657b7b736c6173687d7d2f6368616e6765223a224368616e6765204c616e677561676520537461747573222c2273657474696e677b7b736c6173687d7d2f616464223a224164642053657474696e67222c2273657474696e677b7b736c6173687d7d2f76696577223a22566965772053657474696e67222c2273657474696e677b7b736c6173687d7d2f65646974223a22456469742053657474696e67222c2273657474696e677b7b736c6173687d7d2f64656c657465223a2244656c6574652053657474696e67222c2273657474696e677b7b736c6173687d7d2f6368616e6765223a224368616e67652053657474696e6720537461747573227d2c224d6f64756c65223a7b226d6f64756c656c6973747b7b736c6173687d7d2f65646974223a2245646974204d6f64756c65222c226d6f64756c656c6973747b7b736c6173687d7d2f7472617368223a2244656c6574652055736572205065726d697373696f6e227d2c2250616765223a7b22706167657b7b736c6173687d7d2f696e646578223a225061676573222c22706167656d656e757b7b736c6173687d7d2f696e646578223a2250616765204d656e7573222c22706167657b7b736c6173687d7d2f696e6465787b7b736c6173687d7d2f616464223a224164642050616765222c22706167657b7b736c6173687d7d2f696e6465787b7b736c6173687d7d2f76696577223a22566965772050616765222c22706167657b7b736c6173687d7d2f696e6465787b7b736c6173687d7d2f65646974223a22456469742050616765222c22706167657b7b736c6173687d7d2f696e6465787b7b736c6173687d7d2f64656c657465223a2244656c6574652050616765222c22706167657b7b736c6173687d7d2f696e6465787b7b736c6173687d7d2f6368616e6765223a224368616e6765205061676520537461747573222c22706167657b7b736c6173687d7d2f696e6465787b7b736c6173687d7d2f6578706f7274223a224578706f72742050616765222c22706167657b7b736c6173687d7d2f696e6465787b7b736c6173687d7d2f7072696e74223a225072696e742050616765222c22706167655f67616c6c6572797b7b736c6173687d7d2f696e646578223a2247616c6c657279222c22706167655f67616c6c6572797b7b736c6173687d7d2f696e6465787b7b736c6173687d7d2f616464223a224164642047616c6c657279222c22706167655f67616c6c6572797b7b736c6173687d7d2f696e6465787b7b736c6173687d7d2f76696577223a22566965772047616c6c657279222c22706167655f67616c6c6572797b7b736c6173687d7d2f696e6465787b7b736c6173687d7d2f65646974223a22456469742047616c6c657279222c22706167655f67616c6c6572797b7b736c6173687d7d2f696e6465787b7b736c6173687d7d2f64656c657465223a2244656c6574652047616c6c657279222c22706167655f67616c6c6572797b7b736c6173687d7d2f696e6465787b7b736c6173687d7d2f6368616e6765223a224368616e67652047616c6c657279222c22706167655f67616c6c6572797b7b736c6173687d7d2f696e6465787b7b736c6173687d7d2f6578706f7274223a224578706f72742047616c6c657279222c22706167655f67616c6c6572797b7b736c6173687d7d2f696e6465787b7b736c6173687d7d2f7072696e74223a225072696e742047616c6c657279222c22706167655f67616c6c6572797b7b736c6173687d7d2f696e6465787b7b736c6173687d7d2f75706c6f61645f66696c65223a2255706c6f61642047616c6c657279222c22706167656d656e757b7b736c6173687d7d2f696e6465787b7b736c6173687d7d2f616464223a224164642050616765204d656e75222c22706167656d656e757b7b736c6173687d7d2f696e6465787b7b736c6173687d7d2f76696577223a22566965772050616765204d656e75222c22706167656d656e757b7b736c6173687d7d2f696e6465787b7b736c6173687d7d2f65646974223a22456469742050616765204d656e75222c22706167656d656e757b7b736c6173687d7d2f696e6465787b7b736c6173687d7d2f64656c657465223a2244656c6574652050616765204d656e75222c22706167656d656e757b7b736c6173687d7d2f696e6465787b7b736c6173687d7d2f6368616e6765223a224368616e67652050616765204d656e7520537461747573222c22706167656d656e757b7b736c6173687d7d2f696e6465787b7b736c6173687d7d2f6578706f7274223a224578706f72742050616765204d656e75222c22706167656d656e757b7b736c6173687d7d2f696e6465787b7b736c6173687d7d2f7072696e74223a225072696e742050616765204d656e75227d2c225061727469636970616e74223a7b227061727469636970616e747b7b736c6173687d7d2f696e646578223a225061727469636970616e74222c227061727469636970616e745f616e737765727b7b736c6173687d7d2f696e646578223a225061727469636970616e7420416e73776572222c227061727469636970616e745f616e737765727b7b736c6173687d7d2f696e6465787b7b736c6173687d7d2f616464223a22416464205061727469636970616e7420416e73776572222c227061727469636970616e745f616e737765727b7b736c6173687d7d2f696e6465787b7b736c6173687d7d2f76696577223a2256696577205061727469636970616e7420416e73776572222c227061727469636970616e745f616e737765727b7b736c6173687d7d2f696e6465787b7b736c6173687d7d2f65646974223a2245646974205061727469636970616e7420416e73776572222c227061727469636970616e745f616e737765727b7b736c6173687d7d2f696e6465787b7b736c6173687d7d2f64656c657465223a2244656c657465205061727469636970616e7420416e73776572222c227061727469636970616e745f616e737765727b7b736c6173687d7d2f696e6465787b7b736c6173687d7d2f6368616e6765223a224368616e6765205061727469636970616e7420416e7377657220537461747573222c227061727469636970616e745f616e737765727b7b736c6173687d7d2f696e6465787b7b736c6173687d7d2f6578706f7274223a224578706f7274205061727469636970616e7420416e73776572222c227061727469636970616e745f616e737765727b7b736c6173687d7d2f696e6465787b7b736c6173687d7d2f7072696e74223a225072696e74205061727469636970616e7420416e73776572227d2c225175657374696f6e6e61697265223a7b227175657374696f6e6e616972657b7b736c6173687d7d2f696e646578223a225175657374696f6e6e6169726573222c227175657374696f6e7b7b736c6173687d7d2f696e646578223a225175657374696f6e73222c227175657374696f6e72756c657b7b736c6173687d7d2f696e646578223a225175657374696f6e2052756c65222c227175657374696f6e6e616972657b7b736c6173687d7d2f696e6465787b7b736c6173687d7d2f616464223a22416464205175657374696f6e6e61697265222c227175657374696f6e6e616972657b7b736c6173687d7d2f696e6465787b7b736c6173687d7d2f76696577223a2256696577205175657374696f6e6e61697265222c227175657374696f6e6e616972657b7b736c6173687d7d2f696e6465787b7b736c6173687d7d2f65646974223a2245646974205175657374696f6e6e61697265222c227175657374696f6e6e616972657b7b736c6173687d7d2f696e6465787b7b736c6173687d7d2f64656c657465223a2244656c657465205175657374696f6e6e61697265222c227175657374696f6e6e616972657b7b736c6173687d7d2f696e6465787b7b736c6173687d7d2f6368616e6765223a224368616e6765205175657374696f6e6e6169726520537461747573222c227175657374696f6e6e616972657b7b736c6173687d7d2f696e6465787b7b736c6173687d7d2f6578706f7274223a224578706f7274205175657374696f6e6e61697265222c227175657374696f6e6e616972657b7b736c6173687d7d2f696e6465787b7b736c6173687d7d2f7072696e74223a225072696e74205175657374696f6e6e61697265222c227175657374696f6e7b7b736c6173687d7d2f696e6465787b7b736c6173687d7d2f616464223a22416464205175657374696f6e222c227175657374696f6e7b7b736c6173687d7d2f696e6465787b7b736c6173687d7d2f76696577223a2256696577205175657374696f6e222c227175657374696f6e7b7b736c6173687d7d2f696e6465787b7b736c6173687d7d2f65646974223a2245646974205175657374696f6e222c227175657374696f6e7b7b736c6173687d7d2f696e6465787b7b736c6173687d7d2f64656c657465223a2244656c657465205175657374696f6e222c227175657374696f6e7b7b736c6173687d7d2f696e6465787b7b736c6173687d7d2f6368616e6765223a224368616e6765205175657374696f6e20537461747573222c227175657374696f6e7b7b736c6173687d7d2f696e6465787b7b736c6173687d7d2f6578706f7274223a224578706f7274205175657374696f6e222c227175657374696f6e7b7b736c6173687d7d2f696e6465787b7b736c6173687d7d2f7072696e74223a225072696e74205175657374696f6e222c227175657374696f6e72756c657b7b736c6173687d7d2f696e6465787b7b736c6173687d7d2f616464223a22416464205175657374696f6e2052756c65222c227175657374696f6e72756c657b7b736c6173687d7d2f696e6465787b7b736c6173687d7d2f76696577223a2256696577205175657374696f6e2052756c65222c227175657374696f6e72756c657b7b736c6173687d7d2f696e6465787b7b736c6173687d7d2f65646974223a2245646974205175657374696f6e2052756c65222c227175657374696f6e72756c657b7b736c6173687d7d2f696e6465787b7b736c6173687d7d2f64656c657465223a2244656c657465205175657374696f6e2052756c65222c227175657374696f6e72756c657b7b736c6173687d7d2f696e6465787b7b736c6173687d7d2f6368616e6765223a224368616e6765205175657374696f6e2052756c6520537461747573222c227175657374696f6e72756c657b7b736c6173687d7d2f696e6465787b7b736c6173687d7d2f6578706f7274223a224578706f7274205175657374696f6e2052756c65222c227175657374696f6e72756c657b7b736c6173687d7d2f696e6465787b7b736c6173687d7d2f7072696e74223a225072696e74205175657374696f6e2052756c65227d7d223b733a31323a22757365725f73657373696f6e223b4f3a383a22737464436c617373223a383a7b733a323a226964223b733a313a2231223b733a383a22757365726e616d65223b733a353a2261646d696e223b733a353a22656d61696c223b733a31353a2261646d696e4061646d696e2e636f6d223b733a383a2267726f75705f6964223b733a313a2231223b733a363a22737461747573223b733a313a2231223b733a31303a226c6173745f6c6f67696e223b733a31303a2231343730323836373439223b733a393a226c6f676765645f696e223b623a313b733a343a226e616d65223b733a313a2220223b7d733a383a22637572725f75726c223b733a383a22706167652f746f63223b733a383a22707265765f75726c223b733a32393a2261646d696e2d70616e656c2f7061727469636970616e742f696e646578223b7d);

-- --------------------------------------------------------

--
-- Table structure for table `tbl_conferences`
--

CREATE TABLE IF NOT EXISTS `tbl_conferences` (
  `id` int(11) NOT NULL AUTO_INCREMENT,
  `type` int(11) NOT NULL,
  `name` varchar(255) NOT NULL,
  `subject` varchar(255) NOT NULL,
  `url` varchar(255) NOT NULL,
  `synopsis` text,
  `description` text,
  `open_date` int(32) NOT NULL,
  `close_date` char(32) NOT NULL,
  `is_fee` tinyint(1) NOT NULL,
  `is_submit` tinyint(1) NOT NULL,
  `is_speaker` tinyint(1) NOT NULL,
  `is_invitation` tinyint(1) NOT NULL,
  `registration_fee` varchar(256) NOT NULL,
  `cover_photo` varchar(255) NOT NULL,
  `is_located` tinyint(1) NOT NULL,
  `is_related` tinyint(1) NOT NULL,
  `messages` text,
  `seat` int(11) DEFAULT NULL,
  `location` varchar(255) DEFAULT NULL,
  `user_id` int(11) NOT NULL,
  `status` enum('publish','draft','unpublish') DEFAULT 'publish',
  `added` int(11) NOT NULL,
  `modified` int(11) NOT NULL,
  PRIMARY KEY (`id`)
) ENGINE=MyISAM DEFAULT CHARSET=utf8 AUTO_INCREMENT=1 ;

-- --------------------------------------------------------

--
-- Table structure for table `tbl_conference_attach_speakers`
--

CREATE TABLE IF NOT EXISTS `tbl_conference_attach_speakers` (
  `speaker_id` int(11) NOT NULL AUTO_INCREMENT,
  `conference_id` int(11) NOT NULL,
  `priority` int(11) NOT NULL,
  PRIMARY KEY (`speaker_id`)
) ENGINE=MyISAM DEFAULT CHARSET=utf8 AUTO_INCREMENT=1 ;

-- --------------------------------------------------------

--
-- Table structure for table `tbl_conference_attach_submissions`
--

CREATE TABLE IF NOT EXISTS `tbl_conference_attach_submissions` (
  `submission_id` int(11) NOT NULL AUTO_INCREMENT,
  `conference_id` int(11) NOT NULL,
  `priority` int(11) NOT NULL,
  PRIMARY KEY (`submission_id`)
) ENGINE=MyISAM DEFAULT CHARSET=utf8 AUTO_INCREMENT=1 ;

-- --------------------------------------------------------

--
-- Table structure for table `tbl_conference_banners`
--

CREATE TABLE IF NOT EXISTS `tbl_conference_banners` (
  `id` int(11) unsigned NOT NULL AUTO_INCREMENT,
  `conference_id` int(11) unsigned DEFAULT NULL,
  `url` varchar(255) DEFAULT NULL,
  `title` varchar(255) DEFAULT NULL,
  `file_name` text,
  `priority` int(11) DEFAULT NULL,
  `count` int(11) DEFAULT NULL,
  `status` tinyint(1) DEFAULT '1',
  `added` int(11) DEFAULT NULL,
  `modified` int(11) DEFAULT NULL,
  PRIMARY KEY (`id`),
  KEY `conference_id` (`conference_id`,`url`)
) ENGINE=MyISAM DEFAULT CHARSET=utf8 AUTO_INCREMENT=1 ;

-- --------------------------------------------------------

--
-- Table structure for table `tbl_conference_images`
--

CREATE TABLE IF NOT EXISTS `tbl_conference_images` (
  `id` int(11) unsigned NOT NULL AUTO_INCREMENT,
  `conference_id` int(11) unsigned DEFAULT NULL,
  `url` varchar(255) DEFAULT NULL,
  `title` varchar(255) DEFAULT NULL,
  `file_name` text,
  `priority` int(11) DEFAULT NULL,
  `count` int(11) DEFAULT NULL,
  `status` tinyint(1) DEFAULT '1',
  `added` int(11) DEFAULT NULL,
  `modified` int(11) DEFAULT NULL,
  PRIMARY KEY (`id`),
  KEY `conference_id` (`conference_id`,`url`)
) ENGINE=MyISAM DEFAULT CHARSET=utf8 AUTO_INCREMENT=1 ;

-- --------------------------------------------------------

--
-- Table structure for table `tbl_conference_informations`
--

CREATE TABLE IF NOT EXISTS `tbl_conference_informations` (
  `id` int(11) unsigned NOT NULL AUTO_INCREMENT,
  `conference_id` int(11) unsigned DEFAULT NULL,
  `url` varchar(255) DEFAULT NULL,
  `subject` varchar(255) DEFAULT NULL,
  `description` text,
  `cover` varchar(324) DEFAULT NULL,
  `allow_comment` tinyint(1) NOT NULL,
  `user_id` tinyint(3) DEFAULT NULL,
  `count` int(11) DEFAULT NULL,
  `status` tinyint(1) DEFAULT NULL,
  `added` int(11) unsigned DEFAULT NULL,
  `modified` int(11) unsigned DEFAULT NULL,
  PRIMARY KEY (`id`),
  KEY `url` (`url`)
) ENGINE=MyISAM DEFAULT CHARSET=utf8 AUTO_INCREMENT=1 ;

-- --------------------------------------------------------

--
-- Table structure for table `tbl_conference_speakers`
--

CREATE TABLE IF NOT EXISTS `tbl_conference_speakers` (
  `id` int(11) unsigned NOT NULL AUTO_INCREMENT,
  `url` varchar(255) DEFAULT NULL,
  `subject` varchar(255) DEFAULT NULL,
  `description` text NOT NULL,
  `file_name` varchar(255) DEFAULT NULL,
  `user_id` tinyint(3) DEFAULT NULL,
  `count` int(11) DEFAULT NULL,
  `status` tinyint(1) DEFAULT NULL,
  `added` int(11) unsigned DEFAULT NULL,
  `modified` int(11) unsigned DEFAULT NULL,
  PRIMARY KEY (`id`),
  KEY `url` (`url`)
) ENGINE=MyISAM DEFAULT CHARSET=utf8 AUTO_INCREMENT=1 ;

-- --------------------------------------------------------

--
-- Table structure for table `tbl_conference_submissions`
--

CREATE TABLE IF NOT EXISTS `tbl_conference_submissions` (
  `id` int(11) unsigned NOT NULL AUTO_INCREMENT,
  `url` varchar(255) DEFAULT NULL,
  `subject` varchar(255) DEFAULT NULL,
  `description` text,
  `file_name` varchar(255) DEFAULT NULL,
  `user_id` tinyint(3) DEFAULT NULL,
  `count` int(11) DEFAULT NULL,
  `status` tinyint(1) DEFAULT NULL,
  `added` int(11) unsigned DEFAULT NULL,
  `modified` int(11) unsigned DEFAULT NULL,
  PRIMARY KEY (`id`),
  KEY `url` (`url`)
) ENGINE=MyISAM DEFAULT CHARSET=utf8 AUTO_INCREMENT=1 ;

-- --------------------------------------------------------

--
-- Table structure for table `tbl_configurations`
--

CREATE TABLE IF NOT EXISTS `tbl_configurations` (
  `parameter` varchar(150) NOT NULL DEFAULT '',
  `value` varchar(150) NOT NULL DEFAULT '',
  PRIMARY KEY (`parameter`,`value`)
) ENGINE=MyISAM DEFAULT CHARSET=utf8;

--
-- Dumping data for table `tbl_configurations`
--

INSERT INTO `tbl_configurations` (`parameter`, `value`) VALUES
('environment', '0'),
('install', '0'),
('maintenance', '0'),
('theme', '0');

-- --------------------------------------------------------

--
-- Table structure for table `tbl_group_permissions`
--

CREATE TABLE IF NOT EXISTS `tbl_group_permissions` (
  `id` int(11) unsigned NOT NULL AUTO_INCREMENT,
  `permission_id` int(11) NOT NULL,
  `group_id` int(11) NOT NULL,
  `value` smallint(1) NOT NULL,
  `added` int(11) NOT NULL,
  `modified` int(11) NOT NULL,
  PRIMARY KEY (`id`),
  KEY `id` (`id`)
) ENGINE=MyISAM  DEFAULT CHARSET=utf8 AUTO_INCREMENT=369 ;

--
-- Dumping data for table `tbl_group_permissions`
--

INSERT INTO `tbl_group_permissions` (`id`, `permission_id`, `group_id`, `value`, `added`, `modified`) VALUES
(1, 1, 1, 1, 1470113926, 0),
(2, 2, 1, 1, 1470113926, 0),
(3, 3, 1, 1, 1470113926, 0),
(4, 4, 1, 1, 1470113926, 0),
(5, 5, 1, 1, 1470113926, 0),
(6, 35, 1, 1, 1470113926, 0),
(7, 36, 1, 1, 1470113926, 0),
(8, 60, 1, 1, 1470113926, 0),
(9, 61, 1, 1, 1470113926, 0),
(10, 69, 1, 1, 1470113926, 0),
(11, 70, 1, 1, 1470113926, 0),
(12, 71, 1, 1, 1470113926, 0),
(13, 6, 1, 1, 1470113926, 0),
(14, 7, 1, 1, 1470113926, 0),
(15, 8, 1, 1, 1470113926, 0),
(16, 9, 1, 1, 1470113926, 0),
(17, 10, 1, 1, 1470113926, 0),
(18, 11, 1, 1, 1470113926, 0),
(19, 12, 1, 1, 1470113926, 0),
(20, 13, 1, 1, 1470113926, 0),
(21, 14, 1, 1, 1470113926, 0),
(22, 15, 1, 1, 1470113926, 0),
(23, 16, 1, 1, 1470113926, 0),
(24, 17, 1, 1, 1470113926, 0),
(25, 18, 1, 1, 1470113926, 0),
(26, 19, 1, 1, 1470113926, 0),
(27, 20, 1, 1, 1470113926, 0),
(28, 21, 1, 1, 1470113926, 0),
(29, 22, 1, 1, 1470113926, 0),
(30, 23, 1, 1, 1470113926, 0),
(31, 24, 1, 1, 1470113926, 0),
(32, 25, 1, 1, 1470113926, 0),
(33, 26, 1, 1, 1470113926, 0),
(34, 27, 1, 1, 1470113926, 0),
(35, 28, 1, 1, 1470113926, 0),
(36, 29, 1, 1, 1470113926, 0),
(37, 30, 1, 1, 1470113926, 0),
(38, 31, 1, 1, 1470113926, 0),
(39, 32, 1, 1, 1470113926, 0),
(40, 33, 1, 1, 1470113926, 0),
(41, 34, 1, 1, 1470113926, 0),
(42, 37, 1, 1, 1470113926, 0),
(43, 38, 1, 1, 1470113926, 0),
(44, 39, 1, 1, 1470113926, 0),
(45, 40, 1, 1, 1470113926, 0),
(46, 41, 1, 1, 1470113926, 0),
(47, 42, 1, 1, 1470113926, 0),
(48, 43, 1, 1, 1470113926, 0),
(49, 44, 1, 1, 1470113926, 0),
(50, 45, 1, 1, 1470113926, 0),
(51, 46, 1, 1, 1470113926, 0),
(52, 47, 1, 1, 1470113926, 0),
(53, 48, 1, 1, 1470113926, 0),
(54, 49, 1, 1, 1470113926, 0),
(55, 50, 1, 1, 1470113926, 0),
(56, 51, 1, 1, 1470113926, 0),
(57, 52, 1, 1, 1470113926, 0),
(58, 53, 1, 1, 1470113926, 0),
(59, 54, 1, 1, 1470113926, 0),
(60, 55, 1, 1, 1470113926, 0),
(61, 56, 1, 1, 1470113926, 0),
(62, 57, 1, 1, 1470113926, 0),
(63, 58, 1, 1, 1470113926, 0),
(64, 59, 1, 1, 1470113926, 0),
(65, 62, 1, 1, 1470113926, 0),
(66, 63, 1, 1, 1470113926, 0),
(67, 64, 1, 1, 1470113926, 0),
(68, 65, 1, 1, 1470113926, 0),
(69, 66, 1, 1, 1470113926, 0),
(70, 67, 1, 1, 1470113926, 0),
(71, 68, 1, 1, 1470113926, 0),
(72, 72, 1, 1, 1470113926, 0),
(73, 73, 1, 1, 1470113926, 0),
(74, 74, 1, 1, 1470113926, 0),
(75, 75, 1, 1, 1470113926, 0),
(76, 76, 1, 1, 1470113926, 0),
(77, 77, 1, 1, 1470113926, 0),
(78, 78, 1, 1, 1470113926, 0),
(79, 79, 1, 1, 1470113926, 0),
(80, 80, 1, 1, 1470113926, 0),
(81, 81, 1, 1, 1470113926, 0),
(82, 82, 1, 1, 1470113926, 0),
(83, 83, 1, 1, 1470113926, 0),
(84, 84, 1, 1, 1470113926, 0),
(85, 85, 1, 1, 1470113926, 0),
(86, 86, 1, 1, 1470113926, 0),
(87, 87, 1, 1, 1470113926, 0),
(88, 88, 1, 1, 1470113926, 0),
(89, 89, 1, 1, 1470113926, 0),
(90, 90, 1, 1, 1470113926, 0),
(91, 91, 1, 1, 1470113926, 0),
(92, 92, 1, 1, 1470113926, 0),
(93, 1, 2, 1, 1470113926, 0),
(94, 2, 2, 1, 1470113926, 0),
(95, 3, 2, 1, 1470113926, 0),
(96, 4, 2, 1, 1470113926, 0),
(97, 5, 2, 1, 1470113926, 0),
(98, 35, 2, 1, 1470113926, 0),
(99, 36, 2, 1, 1470113926, 0),
(100, 60, 2, 1, 1470113926, 0),
(101, 61, 2, 1, 1470113926, 0),
(102, 69, 2, 1, 1470113926, 0),
(103, 70, 2, 1, 1470113926, 0),
(104, 71, 2, 1, 1470113926, 0),
(105, 6, 2, 1, 1470113926, 0),
(106, 7, 2, 1, 1470113926, 0),
(107, 8, 2, 1, 1470113926, 0),
(108, 9, 2, 1, 1470113926, 0),
(109, 10, 2, 1, 1470113926, 0),
(110, 11, 2, 1, 1470113926, 0),
(111, 12, 2, 1, 1470113926, 0),
(112, 13, 2, 1, 1470113926, 0),
(113, 14, 2, 1, 1470113926, 0),
(114, 15, 2, 1, 1470113926, 0),
(115, 16, 2, 1, 1470113926, 0),
(116, 17, 2, 1, 1470113926, 0),
(117, 18, 2, 1, 1470113926, 0),
(118, 19, 2, 1, 1470113926, 0),
(119, 20, 2, 1, 1470113926, 0),
(120, 21, 2, 1, 1470113926, 0),
(121, 22, 2, 1, 1470113926, 0),
(122, 23, 2, 1, 1470113926, 0),
(123, 24, 2, 1, 1470113926, 0),
(124, 25, 2, 1, 1470113926, 0),
(125, 26, 2, 1, 1470113926, 0),
(126, 27, 2, 1, 1470113926, 0),
(127, 28, 2, 1, 1470113926, 0),
(128, 29, 2, 1, 1470113926, 0),
(129, 30, 2, 1, 1470113926, 0),
(130, 31, 2, 1, 1470113926, 0),
(131, 32, 2, 1, 1470113926, 0),
(132, 33, 2, 1, 1470113926, 0),
(133, 34, 2, 1, 1470113926, 0),
(134, 37, 2, 1, 1470113926, 0),
(135, 38, 2, 1, 1470113926, 0),
(136, 39, 2, 1, 1470113926, 0),
(137, 40, 2, 1, 1470113926, 0),
(138, 41, 2, 1, 1470113926, 0),
(139, 42, 2, 1, 1470113926, 0),
(140, 43, 2, 1, 1470113926, 0),
(141, 44, 2, 1, 1470113926, 0),
(142, 45, 2, 1, 1470113926, 0),
(143, 46, 2, 1, 1470113926, 0),
(144, 47, 2, 1, 1470113926, 0),
(145, 48, 2, 1, 1470113926, 0),
(146, 49, 2, 1, 1470113926, 0),
(147, 50, 2, 1, 1470113926, 0),
(148, 51, 2, 1, 1470113926, 0),
(149, 52, 2, 1, 1470113926, 0),
(150, 53, 2, 1, 1470113926, 0),
(151, 54, 2, 1, 1470113926, 0),
(152, 55, 2, 1, 1470113926, 0),
(153, 56, 2, 1, 1470113926, 0),
(154, 57, 2, 1, 1470113926, 0),
(155, 58, 2, 1, 1470113926, 0),
(156, 59, 2, 1, 1470113926, 0),
(157, 62, 2, 1, 1470113926, 0),
(158, 63, 2, 1, 1470113926, 0),
(159, 64, 2, 1, 1470113926, 0),
(160, 65, 2, 1, 1470113926, 0),
(161, 66, 2, 1, 1470113926, 0),
(162, 67, 2, 1, 1470113926, 0),
(163, 68, 2, 1, 1470113926, 0),
(164, 72, 2, 1, 1470113926, 0),
(165, 73, 2, 1, 1470113926, 0),
(166, 74, 2, 1, 1470113926, 0),
(167, 75, 2, 1, 1470113926, 0),
(168, 76, 2, 1, 1470113926, 0),
(169, 77, 2, 1, 1470113926, 0),
(170, 78, 2, 1, 1470113926, 0),
(171, 79, 2, 1, 1470113926, 0),
(172, 80, 2, 1, 1470113926, 0),
(173, 81, 2, 1, 1470113926, 0),
(174, 82, 2, 1, 1470113926, 0),
(175, 83, 2, 1, 1470113926, 0),
(176, 84, 2, 1, 1470113926, 0),
(177, 85, 2, 1, 1470113926, 0),
(178, 86, 2, 1, 1470113926, 0),
(179, 87, 2, 1, 1470113926, 0),
(180, 88, 2, 1, 1470113926, 0),
(181, 89, 2, 1, 1470113926, 0),
(182, 90, 2, 1, 1470113927, 0),
(183, 91, 2, 1, 1470113927, 0),
(184, 92, 2, 1, 1470113927, 0),
(185, 1, 99, 0, 1470113927, 0),
(186, 2, 99, 0, 1470113927, 0),
(187, 3, 99, 0, 1470113927, 0),
(188, 4, 99, 0, 1470113927, 0),
(189, 5, 99, 0, 1470113927, 0),
(190, 35, 99, 0, 1470113927, 0),
(191, 36, 99, 0, 1470113927, 0),
(192, 60, 99, 0, 1470113927, 0),
(193, 61, 99, 0, 1470113927, 0),
(194, 69, 99, 0, 1470113927, 0),
(195, 70, 99, 0, 1470113927, 0),
(196, 71, 99, 0, 1470113927, 0),
(197, 6, 99, 0, 1470113927, 0),
(198, 7, 99, 0, 1470113927, 0),
(199, 8, 99, 0, 1470113927, 0),
(200, 9, 99, 0, 1470113927, 0),
(201, 10, 99, 0, 1470113927, 0),
(202, 11, 99, 0, 1470113927, 0),
(203, 12, 99, 0, 1470113927, 0),
(204, 13, 99, 0, 1470113927, 0),
(205, 14, 99, 0, 1470113927, 0),
(206, 15, 99, 0, 1470113927, 0),
(207, 16, 99, 0, 1470113927, 0),
(208, 17, 99, 0, 1470113927, 0),
(209, 18, 99, 0, 1470113927, 0),
(210, 19, 99, 0, 1470113927, 0),
(211, 20, 99, 0, 1470113927, 0),
(212, 21, 99, 0, 1470113927, 0),
(213, 22, 99, 0, 1470113927, 0),
(214, 23, 99, 0, 1470113927, 0),
(215, 24, 99, 0, 1470113927, 0),
(216, 25, 99, 0, 1470113927, 0),
(217, 26, 99, 0, 1470113927, 0),
(218, 27, 99, 0, 1470113927, 0),
(219, 28, 99, 0, 1470113927, 0),
(220, 29, 99, 0, 1470113927, 0),
(221, 30, 99, 0, 1470113927, 0),
(222, 31, 99, 0, 1470113927, 0),
(223, 32, 99, 0, 1470113927, 0),
(224, 33, 99, 0, 1470113927, 0),
(225, 34, 99, 0, 1470113927, 0),
(226, 37, 99, 0, 1470113927, 0),
(227, 38, 99, 0, 1470113927, 0),
(228, 39, 99, 0, 1470113927, 0),
(229, 40, 99, 0, 1470113927, 0),
(230, 41, 99, 0, 1470113927, 0),
(231, 42, 99, 0, 1470113927, 0),
(232, 43, 99, 0, 1470113927, 0),
(233, 44, 99, 0, 1470113927, 0),
(234, 45, 99, 0, 1470113927, 0),
(235, 46, 99, 0, 1470113927, 0),
(236, 47, 99, 0, 1470113927, 0),
(237, 48, 99, 0, 1470113927, 0),
(238, 49, 99, 0, 1470113927, 0),
(239, 50, 99, 0, 1470113927, 0),
(240, 51, 99, 0, 1470113927, 0),
(241, 52, 99, 0, 1470113927, 0),
(242, 53, 99, 0, 1470113927, 0),
(243, 54, 99, 0, 1470113927, 0),
(244, 55, 99, 0, 1470113927, 0),
(245, 56, 99, 0, 1470113927, 0),
(246, 57, 99, 0, 1470113927, 0),
(247, 58, 99, 0, 1470113927, 0),
(248, 59, 99, 0, 1470113927, 0),
(249, 62, 99, 0, 1470113927, 0),
(250, 63, 99, 0, 1470113927, 0),
(251, 64, 99, 0, 1470113927, 0),
(252, 65, 99, 0, 1470113927, 0),
(253, 66, 99, 0, 1470113927, 0),
(254, 67, 99, 0, 1470113927, 0),
(255, 68, 99, 0, 1470113927, 0),
(256, 72, 99, 0, 1470113927, 0),
(257, 73, 99, 0, 1470113927, 0),
(258, 74, 99, 0, 1470113927, 0),
(259, 75, 99, 0, 1470113927, 0),
(260, 76, 99, 0, 1470113927, 0),
(261, 77, 99, 0, 1470113927, 0),
(262, 78, 99, 0, 1470113927, 0),
(263, 79, 99, 0, 1470113927, 0),
(264, 80, 99, 0, 1470113927, 0),
(265, 81, 99, 0, 1470113927, 0),
(266, 82, 99, 0, 1470113927, 0),
(267, 83, 99, 0, 1470113927, 0),
(268, 84, 99, 0, 1470113927, 0),
(269, 85, 99, 0, 1470113927, 0),
(270, 86, 99, 0, 1470113927, 0),
(271, 87, 99, 0, 1470113927, 0),
(272, 88, 99, 0, 1470113927, 0),
(273, 89, 99, 0, 1470113927, 0),
(274, 90, 99, 0, 1470113927, 0),
(275, 91, 99, 0, 1470113927, 0),
(276, 92, 99, 0, 1470113927, 0),
(277, 1, 100, 0, 1470113927, 0),
(278, 2, 100, 0, 1470113927, 0),
(279, 3, 100, 0, 1470113927, 0),
(280, 4, 100, 0, 1470113927, 0),
(281, 5, 100, 0, 1470113927, 0),
(282, 35, 100, 0, 1470113927, 0),
(283, 36, 100, 0, 1470113927, 0),
(284, 60, 100, 0, 1470113927, 0),
(285, 61, 100, 0, 1470113927, 0),
(286, 69, 100, 0, 1470113927, 0),
(287, 70, 100, 0, 1470113927, 0),
(288, 71, 100, 0, 1470113927, 0),
(289, 6, 100, 0, 1470113927, 0),
(290, 7, 100, 0, 1470113927, 0),
(291, 8, 100, 0, 1470113927, 0),
(292, 9, 100, 0, 1470113927, 0),
(293, 10, 100, 0, 1470113927, 0),
(294, 11, 100, 0, 1470113927, 0),
(295, 12, 100, 0, 1470113927, 0),
(296, 13, 100, 0, 1470113927, 0),
(297, 14, 100, 0, 1470113927, 0),
(298, 15, 100, 0, 1470113927, 0),
(299, 16, 100, 0, 1470113927, 0),
(300, 17, 100, 0, 1470113927, 0),
(301, 18, 100, 0, 1470113927, 0),
(302, 19, 100, 0, 1470113927, 0),
(303, 20, 100, 0, 1470113927, 0),
(304, 21, 100, 0, 1470113927, 0),
(305, 22, 100, 0, 1470113927, 0),
(306, 23, 100, 0, 1470113927, 0),
(307, 24, 100, 0, 1470113927, 0),
(308, 25, 100, 0, 1470113927, 0),
(309, 26, 100, 0, 1470113927, 0),
(310, 27, 100, 0, 1470113927, 0),
(311, 28, 100, 0, 1470113927, 0),
(312, 29, 100, 0, 1470113927, 0),
(313, 30, 100, 0, 1470113927, 0),
(314, 31, 100, 0, 1470113927, 0),
(315, 32, 100, 0, 1470113927, 0),
(316, 33, 100, 0, 1470113927, 0),
(317, 34, 100, 0, 1470113927, 0),
(318, 37, 100, 0, 1470113927, 0),
(319, 38, 100, 0, 1470113927, 0),
(320, 39, 100, 0, 1470113927, 0),
(321, 40, 100, 0, 1470113927, 0),
(322, 41, 100, 0, 1470113927, 0),
(323, 42, 100, 0, 1470113927, 0),
(324, 43, 100, 0, 1470113927, 0),
(325, 44, 100, 0, 1470113927, 0),
(326, 45, 100, 0, 1470113927, 0),
(327, 46, 100, 0, 1470113927, 0),
(328, 47, 100, 0, 1470113927, 0),
(329, 48, 100, 0, 1470113927, 0),
(330, 49, 100, 0, 1470113927, 0),
(331, 50, 100, 0, 1470113927, 0),
(332, 51, 100, 0, 1470113927, 0),
(333, 52, 100, 0, 1470113927, 0),
(334, 53, 100, 0, 1470113927, 0),
(335, 54, 100, 0, 1470113927, 0),
(336, 55, 100, 0, 1470113927, 0),
(337, 56, 100, 0, 1470113927, 0),
(338, 57, 100, 0, 1470113927, 0),
(339, 58, 100, 0, 1470113927, 0),
(340, 59, 100, 0, 1470113927, 0),
(341, 62, 100, 0, 1470113927, 0),
(342, 63, 100, 0, 1470113927, 0),
(343, 64, 100, 0, 1470113927, 0),
(344, 65, 100, 0, 1470113927, 0),
(345, 66, 100, 0, 1470113927, 0),
(346, 67, 100, 0, 1470113927, 0),
(347, 68, 100, 0, 1470113927, 0),
(348, 72, 100, 0, 1470113927, 0),
(349, 73, 100, 0, 1470113927, 0),
(350, 74, 100, 0, 1470113927, 0),
(351, 75, 100, 0, 1470113927, 0),
(352, 76, 100, 0, 1470113927, 0),
(353, 77, 100, 0, 1470113927, 0),
(354, 78, 100, 0, 1470113927, 0),
(355, 79, 100, 0, 1470113927, 0),
(356, 80, 100, 0, 1470113927, 0),
(357, 81, 100, 0, 1470113927, 0),
(358, 82, 100, 0, 1470113927, 0),
(359, 83, 100, 0, 1470113927, 0),
(360, 84, 100, 0, 1470113927, 0),
(361, 85, 100, 0, 1470113927, 0),
(362, 86, 100, 0, 1470113927, 0),
(363, 87, 100, 0, 1470113927, 0),
(364, 88, 100, 0, 1470113927, 0),
(365, 89, 100, 0, 1470113927, 0),
(366, 90, 100, 0, 1470113927, 0),
(367, 91, 100, 0, 1470113927, 0),
(368, 92, 100, 0, 1470113927, 0);

-- --------------------------------------------------------

--
-- Table structure for table `tbl_languages`
--

CREATE TABLE IF NOT EXISTS `tbl_languages` (
  `id` int(11) unsigned NOT NULL AUTO_INCREMENT,
  `name` varchar(128) DEFAULT NULL,
  `url` varchar(82) NOT NULL,
  `prefix` varchar(10) DEFAULT NULL,
  `native` varchar(48) DEFAULT NULL,
  `file_name` varchar(128) NOT NULL,
  `default` tinyint(1) NOT NULL,
  `is_system` int(1) NOT NULL DEFAULT '0',
  `status` tinyint(1) DEFAULT '0',
  `added` int(11) unsigned DEFAULT NULL,
  `modified` int(11) unsigned DEFAULT NULL,
  PRIMARY KEY (`id`),
  KEY `name` (`name`,`status`)
) ENGINE=MyISAM DEFAULT CHARSET=utf8 AUTO_INCREMENT=1 ;

-- --------------------------------------------------------

--
-- Table structure for table `tbl_model_lists`
--

CREATE TABLE IF NOT EXISTS `tbl_model_lists` (
  `id` int(11) unsigned NOT NULL AUTO_INCREMENT,
  `module_id` int(11) NOT NULL,
  `model` varchar(255) NOT NULL,
  PRIMARY KEY (`id`),
  KEY `id` (`id`)
) ENGINE=MyISAM  DEFAULT CHARSET=utf8 AUTO_INCREMENT=18 ;

--
-- Dumping data for table `tbl_model_lists`
--

INSERT INTO `tbl_model_lists` (`id`, `module_id`, `model`) VALUES
(1, 1, 'admin/Users'),
(2, 1, 'admin/UserProfiles'),
(3, 1, 'admin/UserHistories'),
(4, 1, 'admin/ModulePermissions'),
(5, 1, 'admin/UserGroupPermissions'),
(6, 1, 'admin/Languages'),
(7, 1, 'admin/Settings'),
(8, 1, 'admin/Sessions'),
(9, 7, 'page/Pages'),
(10, 7, 'page/PageMenus'),
(11, 10, 'participant/Participants'),
(12, 10, 'participant/Answers'),
(13, 13, 'questionnaire/Questionnaires'),
(14, 13, 'questionnaire/Questions'),
(15, 13, 'questionnaire/QuestionRules'),
(16, 13, 'questionnaire/QuestionnaireUserAnswers'),
(17, 13, 'questionnaire/Questionnairecompleted');

-- --------------------------------------------------------

--
-- Table structure for table `tbl_module_lists`
--

CREATE TABLE IF NOT EXISTS `tbl_module_lists` (
  `id` int(11) unsigned NOT NULL AUTO_INCREMENT,
  `parent_id` int(11) NOT NULL,
  `module_name` varchar(255) NOT NULL,
  `module_link` varchar(255) DEFAULT NULL,
  `order` int(11) NOT NULL,
  PRIMARY KEY (`id`),
  KEY `id` (`id`)
) ENGINE=MyISAM  DEFAULT CHARSET=utf8 AUTO_INCREMENT=17 ;

--
-- Dumping data for table `tbl_module_lists`
--

INSERT INTO `tbl_module_lists` (`id`, `parent_id`, `module_name`, `module_link`, `order`) VALUES
(1, 0, 'admin', '#', 0),
(2, 1, 'Dashboard Panel', 'dashboard/index', 0),
(3, 1, 'Users', 'user/index', 1),
(4, 1, 'User Groups', 'usergroup/index', 2),
(5, 1, 'Languages', 'language/index', 3),
(6, 1, 'Settings', 'setting/index', 4),
(7, 0, 'page', '#', 1),
(8, 7, 'Pages', 'page/index', 0),
(9, 7, 'Page Menus', 'pagemenu/index', 1),
(10, 0, 'participant', '#', 2),
(11, 10, 'Participant', 'participant/index', 0),
(12, 10, 'Participant Answer', 'participant_answer/index', 1),
(13, 0, 'questionnaire', '#', 3),
(14, 13, 'Questionnaires', 'questionnaire/index', 0),
(15, 13, 'Questions', 'question/index', 1),
(16, 13, 'Question Rule', 'questionrule/index', 2);

-- --------------------------------------------------------

--
-- Table structure for table `tbl_module_permissions`
--

CREATE TABLE IF NOT EXISTS `tbl_module_permissions` (
  `id` int(11) unsigned NOT NULL AUTO_INCREMENT,
  `module_id` int(11) NOT NULL,
  `module_name` varchar(255) NOT NULL,
  `module_link` varchar(255) DEFAULT NULL,
  `order` int(11) NOT NULL,
  PRIMARY KEY (`id`),
  KEY `id` (`id`)
) ENGINE=MyISAM  DEFAULT CHARSET=utf8 AUTO_INCREMENT=93 ;

--
-- Dumping data for table `tbl_module_permissions`
--

INSERT INTO `tbl_module_permissions` (`id`, `module_id`, `module_name`, `module_link`, `order`) VALUES
(1, 1, 'Dashboard Panel', 'dashboard/index', 0),
(2, 1, 'Users', 'user/index', 1),
(3, 1, 'User Groups', 'usergroup/index', 2),
(4, 1, 'Languages', 'language/index', 3),
(5, 1, 'Settings', 'setting/index', 4),
(6, 1, 'Add New Dashboard', 'dashboard/add', 5),
(7, 1, 'View Dashboard', 'dashboard/view', 6),
(8, 1, 'Edit Dashboard', 'dashboard/edit', 7),
(9, 1, 'Delete Dashboard', 'dashboard/delete', 8),
(10, 1, 'Change Dashboard Status', 'dashboard/change', 9),
(11, 1, 'Add User', 'user/add', 10),
(12, 1, 'View User', 'user/view', 11),
(13, 1, 'Edit User', 'user/edit', 12),
(14, 1, 'Delete User', 'user/delete', 13),
(15, 1, 'Change User Status', 'user/change', 14),
(16, 1, 'Change User Image', 'user/image', 15),
(17, 1, 'Upload User Image', 'user/upload', 16),
(18, 1, 'Export User Data', 'user/export', 17),
(19, 1, 'Add User Group', 'usergroup/add', 18),
(20, 1, 'View User Group', 'usergroup/view', 19),
(21, 1, 'Edit User Group', 'usergroup/edit', 20),
(22, 1, 'Delete User Group', 'usergroup/delete', 21),
(23, 1, 'Change User Group Status', 'usergroup/change', 22),
(24, 1, 'Export User Group Data', 'usergroup/export', 23),
(25, 1, 'Add Language', 'language/add', 24),
(26, 1, 'View Language', 'language/view', 25),
(27, 1, 'Edit Language', 'language/edit', 26),
(28, 1, 'Delete Language', 'language/delete', 27),
(29, 1, 'Change Language Status', 'language/change', 28),
(30, 1, 'Add Setting', 'setting/add', 29),
(31, 1, 'View Setting', 'setting/view', 30),
(32, 1, 'Edit Setting', 'setting/edit', 31),
(33, 1, 'Delete Setting', 'setting/delete', 32),
(34, 1, 'Change Setting Status', 'setting/change', 33),
(35, 7, 'Pages', 'page/index', 0),
(36, 7, 'Page Menus', 'pagemenu/index', 1),
(37, 7, 'Add Page', 'page/index/add', 2),
(38, 7, 'View Page', 'page/index/view', 3),
(39, 7, 'Edit Page', 'page/index/edit', 4),
(40, 7, 'Delete Page', 'page/index/delete', 5),
(41, 7, 'Change Page Status', 'page/index/change', 6),
(42, 7, 'Export Page', 'page/index/export', 7),
(43, 7, 'Print Page', 'page/index/print', 8),
(44, 7, 'Gallery', 'page_gallery/index', 9),
(45, 7, 'Add Gallery', 'page_gallery/index/add', 10),
(46, 7, 'View Gallery', 'page_gallery/index/view', 11),
(47, 7, 'Edit Gallery', 'page_gallery/index/edit', 12),
(48, 7, 'Delete Gallery', 'page_gallery/index/delete', 13),
(49, 7, 'Change Gallery', 'page_gallery/index/change', 14),
(50, 7, 'Export Gallery', 'page_gallery/index/export', 15),
(51, 7, 'Print Gallery', 'page_gallery/index/print', 16),
(52, 7, 'Upload Gallery', 'page_gallery/index/upload_file', 17),
(53, 7, 'Add Page Menu', 'pagemenu/index/add', 18),
(54, 7, 'View Page Menu', 'pagemenu/index/view', 19),
(55, 7, 'Edit Page Menu', 'pagemenu/index/edit', 20),
(56, 7, 'Delete Page Menu', 'pagemenu/index/delete', 21),
(57, 7, 'Change Page Menu Status', 'pagemenu/index/change', 22),
(58, 7, 'Export Page Menu', 'pagemenu/index/export', 23),
(59, 7, 'Print Page Menu', 'pagemenu/index/print', 24),
(60, 10, 'Participant', 'participant/index', 0),
(61, 10, 'Participant Answer', 'participant_answer/index', 1),
(62, 10, 'Add Participant Answer', 'participant_answer/index/add', 2),
(63, 10, 'View Participant Answer', 'participant_answer/index/view', 3),
(64, 10, 'Edit Participant Answer', 'participant_answer/index/edit', 4),
(65, 10, 'Delete Participant Answer', 'participant_answer/index/delete', 5),
(66, 10, 'Change Participant Answer Status', 'participant_answer/index/change', 6),
(67, 10, 'Export Participant Answer', 'participant_answer/index/export', 7),
(68, 10, 'Print Participant Answer', 'participant_answer/index/print', 8),
(69, 13, 'Questionnaires', 'questionnaire/index', 0),
(70, 13, 'Questions', 'question/index', 1),
(71, 13, 'Question Rule', 'questionrule/index', 2),
(72, 13, 'Add Questionnaire', 'questionnaire/index/add', 3),
(73, 13, 'View Questionnaire', 'questionnaire/index/view', 4),
(74, 13, 'Edit Questionnaire', 'questionnaire/index/edit', 5),
(75, 13, 'Delete Questionnaire', 'questionnaire/index/delete', 6),
(76, 13, 'Change Questionnaire Status', 'questionnaire/index/change', 7),
(77, 13, 'Export Questionnaire', 'questionnaire/index/export', 8),
(78, 13, 'Print Questionnaire', 'questionnaire/index/print', 9),
(79, 13, 'Add Question', 'question/index/add', 10),
(80, 13, 'View Question', 'question/index/view', 11),
(81, 13, 'Edit Question', 'question/index/edit', 12),
(82, 13, 'Delete Question', 'question/index/delete', 13),
(83, 13, 'Change Question Status', 'question/index/change', 14),
(84, 13, 'Export Question', 'question/index/export', 15),
(85, 13, 'Print Question', 'question/index/print', 16),
(86, 13, 'Add Question Rule', 'questionrule/index/add', 17),
(87, 13, 'View Question Rule', 'questionrule/index/view', 18),
(88, 13, 'Edit Question Rule', 'questionrule/index/edit', 19),
(89, 13, 'Delete Question Rule', 'questionrule/index/delete', 20),
(90, 13, 'Change Question Rule Status', 'questionrule/index/change', 21),
(91, 13, 'Export Question Rule', 'questionrule/index/export', 22),
(92, 13, 'Print Question Rule', 'questionrule/index/print', 23);

-- --------------------------------------------------------

--
-- Table structure for table `tbl_pages`
--

CREATE TABLE IF NOT EXISTS `tbl_pages` (
  `id` int(11) unsigned NOT NULL AUTO_INCREMENT,
  `menu_id` int(11) unsigned DEFAULT NULL,
  `name` varchar(255) DEFAULT NULL,
  `subject` varchar(255) DEFAULT NULL,
  `synopsis` text,
  `text` text,
  `url` varchar(255) DEFAULT NULL,
  `attribute` text,
  `publish_date` date DEFAULT NULL,
  `unpublish_date` date DEFAULT NULL,
  `allow_comment` tinyint(1) DEFAULT NULL,
  `tags` text,
  `order` tinyint(3) DEFAULT NULL,
  `user_id` tinyint(3) DEFAULT NULL,
  `count` int(11) DEFAULT NULL,
  `status` enum('publish','unpublish','deleted') DEFAULT 'publish',
  `added` int(11) DEFAULT NULL,
  `modified` int(11) DEFAULT NULL,
  PRIMARY KEY (`id`),
  KEY `menu_id` (`menu_id`,`name`,`publish_date`,`unpublish_date`,`allow_comment`,`order`)
) ENGINE=MyISAM DEFAULT CHARSET=utf8 AUTO_INCREMENT=1 ;

-- --------------------------------------------------------

--
-- Table structure for table `tbl_page_menus`
--

CREATE TABLE IF NOT EXISTS `tbl_page_menus` (
  `id` int(11) unsigned NOT NULL AUTO_INCREMENT,
  `parent_id` int(11) unsigned DEFAULT NULL,
  `name` varchar(128) DEFAULT NULL,
  `title` varchar(255) DEFAULT NULL,
  `synopsis` text,
  `description` text,
  `url` varchar(255) DEFAULT NULL,
  `media` varchar(255) DEFAULT NULL,
  `position` varchar(255) DEFAULT NULL,
  `sub_level` tinyint(3) DEFAULT NULL,
  `order` tinyint(3) DEFAULT NULL,
  `is_system` tinyint(3) DEFAULT NULL,
  `has_child` tinyint(3) DEFAULT NULL,
  `user_id` tinyint(3) DEFAULT NULL,
  `count` int(11) DEFAULT NULL,
  `status` enum('publish','unpublish','deleted') DEFAULT 'publish',
  `added` int(11) DEFAULT NULL,
  `modified` int(11) DEFAULT NULL,
  PRIMARY KEY (`id`),
  KEY `parent_id` (`parent_id`,`name`,`sub_level`,`order`,`status`)
) ENGINE=MyISAM DEFAULT CHARSET=utf8 AUTO_INCREMENT=1 ;

-- --------------------------------------------------------

--
-- Table structure for table `tbl_participants`
--

CREATE TABLE IF NOT EXISTS `tbl_participants` (
  `id` int(11) unsigned NOT NULL AUTO_INCREMENT,
  `identifier_id` varchar(64) DEFAULT NULL,
  `identity` varchar(32) DEFAULT NULL,
  `profile_url` varchar(255) DEFAULT NULL,
  `photo_url` varchar(512) DEFAULT NULL,
  `email` varchar(72) DEFAULT NULL,
  `website` varchar(72) DEFAULT NULL,
  `password` varchar(100) DEFAULT NULL,
  `username` varchar(255) DEFAULT NULL,
  `name` varchar(255) DEFAULT NULL,
  `gender` varchar(12) DEFAULT NULL,
  `age` tinyint(2) DEFAULT NULL,
  `nationality_id` int(11) DEFAULT NULL,
  `research_area` varchar(255) DEFAULT NULL,
  `occupation` varchar(64) DEFAULT NULL,
  `about` text,
  `address` varchar(512) DEFAULT NULL,
  `region` varchar(64) DEFAULT NULL,
  `phone_number` varchar(32) DEFAULT NULL,
  `phone_home` varchar(32) DEFAULT NULL,
  `id_number` varchar(32) DEFAULT NULL,
  `file_name` varchar(512) DEFAULT NULL,
  `verify` varchar(8) DEFAULT NULL,
  `completed` tinyint(1) DEFAULT NULL,
  `logged_in` tinyint(1) NOT NULL DEFAULT '0',
  `last_login` int(11) DEFAULT NULL,
  `session_id` varchar(40) NOT NULL,
  `status` tinyint(1) NOT NULL DEFAULT '0',
  `join_date` timestamp NOT NULL DEFAULT CURRENT_TIMESTAMP ON UPDATE CURRENT_TIMESTAMP,
  `modified` int(11) DEFAULT NULL,
  PRIMARY KEY (`id`),
  KEY `name` (`name`)
) ENGINE=MyISAM  DEFAULT CHARSET=utf8 AUTO_INCREMENT=13 ;

--
-- Dumping data for table `tbl_participants`
--

INSERT INTO `tbl_participants` (`id`, `identifier_id`, `identity`, `profile_url`, `photo_url`, `email`, `website`, `password`, `username`, `name`, `gender`, `age`, `nationality_id`, `research_area`, `occupation`, `about`, `address`, `region`, `phone_number`, `phone_home`, `id_number`, `file_name`, `verify`, `completed`, `logged_in`, `last_login`, `session_id`, `status`, `join_date`, `modified`) VALUES
(1, 'SoPgnCFn90', 'LinkedIn', 'https://www.linkedin.com/pub/defrian-yarfi/42/a38/26b', NULL, 'defrian.yarfi@gmail.com', NULL, NULL, NULL, 'Defrian Yarfi', NULL, NULL, NULL, NULL, NULL, 'Web Developer and Frontend Web Developer.\nCurrently used CodeIgniter, CakePHP, Kohana, Yii and OpenCart for web development.\nDatabase Design, API, RESTful web service and Cloud Computing.\nAndroid Mobile Hybrid Applications.\n\nSpecialties: HTML & CSS, Javascript, jQuery, Ajax, Actionscript, MVC Concept, PHP & MySQL.', NULL, NULL, NULL, NULL, NULL, NULL, NULL, NULL, 0, NULL, '', 0, '2015-07-01 05:17:39', NULL),
(2, 'OUWMXH6WZQPX6YHXERMH7SCICQ', 'Yahoo', 'http://profile.yahoo.com/OUWMXH6WZQPX6YHXERMH7SCICQ', NULL, NULL, NULL, NULL, NULL, 'Defrian', 'male', 32, NULL, NULL, NULL, NULL, '', NULL, NULL, NULL, NULL, NULL, NULL, NULL, 0, NULL, '', 0, '2015-07-01 05:17:41', NULL),
(3, 'VFNQPTS3ZUT4YVRNXT3GAEJCDY', 'Yahoo', 'http://profile.yahoo.com/VFNQPTS3ZUT4YVRNXT3GAEJCDY', NULL, NULL, NULL, NULL, NULL, 'Defrian', '', 0, NULL, NULL, NULL, NULL, '', NULL, NULL, NULL, NULL, NULL, NULL, NULL, 0, NULL, '', 0, '2015-07-01 06:29:04', NULL),
(4, '101905163943989356331', 'Google', 'https://plus.google.com/+DefrianYarfi', NULL, 'defrian.yarfi@gmail.com', NULL, NULL, NULL, 'Defrian Yarfi', 'male', 0, NULL, NULL, NULL, '', 'Jakarta', '', NULL, NULL, NULL, NULL, NULL, NULL, 0, NULL, '', 0, '2015-07-01 06:38:49', NULL),
(5, NULL, NULL, NULL, NULL, 'defrian.yarfi@d3.dentsu.co.id', NULL, NULL, NULL, 'Defrian Yarfi', NULL, NULL, NULL, NULL, NULL, NULL, NULL, NULL, NULL, NULL, NULL, NULL, NULL, 1, 0, NULL, '', 1, '2016-02-10 22:00:00', NULL),
(6, NULL, NULL, NULL, NULL, 'eikzulfikar@d3.dentsu.co.id', NULL, NULL, NULL, 'Eik Zulfikar Fahmi', NULL, NULL, NULL, NULL, NULL, NULL, NULL, NULL, NULL, NULL, NULL, NULL, NULL, 1, 0, NULL, '', 1, '2016-02-10 22:00:00', NULL),
(7, NULL, NULL, NULL, NULL, 'Muhammad.Hilman@d3.dentsu.co.id', NULL, NULL, NULL, 'Muhammad Hilman', NULL, NULL, NULL, NULL, NULL, NULL, NULL, NULL, NULL, NULL, NULL, NULL, NULL, 1, 0, NULL, '', 1, '2016-02-10 22:00:00', NULL),
(8, NULL, NULL, NULL, NULL, 'rezza.fl@d3.dentsu.co.id', NULL, NULL, NULL, 'Rezza Alam Islami', NULL, NULL, NULL, NULL, NULL, NULL, NULL, NULL, NULL, NULL, NULL, NULL, NULL, 1, 0, NULL, '', 1, '2016-02-10 22:00:00', NULL),
(9, NULL, NULL, NULL, NULL, 'bimar@d3.dentsu.co.id', NULL, NULL, NULL, 'Bimar Saksono', NULL, NULL, NULL, NULL, NULL, NULL, NULL, NULL, NULL, NULL, NULL, NULL, NULL, 1, 0, NULL, '', 1, '2016-02-18 22:00:00', NULL),
(10, NULL, NULL, NULL, NULL, 'jessy@d3.dentsu.co.id', NULL, NULL, NULL, 'Jessy Christina Tono', NULL, NULL, NULL, NULL, NULL, NULL, NULL, NULL, NULL, NULL, NULL, NULL, NULL, 1, 0, NULL, '', 1, '2016-02-18 22:00:00', NULL),
(11, NULL, NULL, NULL, NULL, 'rangga@d3.dentsu.co.id', NULL, NULL, NULL, 'Rangga Pandji', NULL, NULL, NULL, NULL, NULL, NULL, NULL, NULL, NULL, NULL, NULL, NULL, NULL, 1, 0, NULL, '', 1, '2016-02-18 22:00:00', NULL),
(12, NULL, NULL, NULL, NULL, 'InditaSuwika.Sari@d3.dentsu.co.id', NULL, NULL, NULL, 'Indita Suwika Sari', NULL, NULL, NULL, NULL, NULL, NULL, NULL, NULL, NULL, NULL, NULL, NULL, NULL, 1, 0, NULL, '', 1, '2016-02-22 22:00:00', NULL);

-- --------------------------------------------------------

--
-- Table structure for table `tbl_participant_answer_submissions`
--

CREATE TABLE IF NOT EXISTS `tbl_participant_answer_submissions` (
  `id` int(11) unsigned NOT NULL AUTO_INCREMENT,
  `participant_id` int(11) unsigned DEFAULT NULL,
  `type` varchar(255) DEFAULT NULL,
  `url` varchar(255) DEFAULT NULL,
  `title` varchar(255) DEFAULT NULL,
  `file_name` text,
  `attribute` text,
  `count` int(11) DEFAULT NULL,
  `status` tinyint(1) DEFAULT '1',
  `added` int(11) DEFAULT NULL,
  `modified` int(11) DEFAULT NULL,
  PRIMARY KEY (`id`),
  KEY `participant_id` (`participant_id`,`url`)
) ENGINE=MyISAM DEFAULT CHARSET=utf8 AUTO_INCREMENT=1 ;

-- --------------------------------------------------------

--
-- Table structure for table `tbl_questionnaires`
--

CREATE TABLE IF NOT EXISTS `tbl_questionnaires` (
  `id` int(11) unsigned NOT NULL AUTO_INCREMENT,
  `type` int(11) DEFAULT NULL,
  `quest_per_column` tinyint(3) DEFAULT NULL,
  `name` varchar(255) DEFAULT NULL,
  `questionnaire_text` text,
  `value` varchar(12) DEFAULT NULL,
  `help_text` text,
  `file_name` varchar(512) DEFAULT NULL,
  `order` tinyint(3) DEFAULT NULL,
  `user_id` int(11) DEFAULT NULL,
  `count` int(11) DEFAULT NULL,
  `status` tinyint(1) DEFAULT '1',
  `added` int(11) DEFAULT NULL,
  `modified` int(11) DEFAULT NULL,
  PRIMARY KEY (`id`),
  KEY `name` (`name`)
) ENGINE=MyISAM  DEFAULT CHARSET=utf8 AUTO_INCREMENT=9 ;

--
-- Dumping data for table `tbl_questionnaires`
--

INSERT INTO `tbl_questionnaires` (`id`, `type`, `quest_per_column`, `name`, `questionnaire_text`, `value`, `help_text`, `file_name`, `order`, `user_id`, `count`, `status`, `added`, `modified`) VALUES
(1, 0, NULL, 'Yang mana kencan ideal kamu', '<p>\n	Yang mana kencan ideal kamu?</p>\n', NULL, NULL, NULL, NULL, NULL, NULL, 1, NULL, NULL),
(2, 0, NULL, 'Aktivitas outdoor favorit kamu', '<p>\n	Aktivitas outdoor favorit kamu?</p>\n', NULL, NULL, NULL, NULL, NULL, NULL, 1, NULL, NULL),
(3, 0, NULL, 'Aplikasi Hape Favorite Kamu', '<p>\n	Aplikasi Hape Favorite Kamu ?</p>\n', NULL, NULL, NULL, NULL, NULL, NULL, 1, NULL, NULL),
(4, 0, NULL, 'Sehari yang menyenangkan buat kamu seperti apa', '<p>\n	Sehari yang menyenangkan buat kamu seperti apa?</p>\n', NULL, NULL, NULL, NULL, NULL, NULL, 1, NULL, NULL),
(5, 0, NULL, 'Apa warna favoritmu', '<p>\n	Apa warna favoritmu?</p>\n', NULL, NULL, NULL, NULL, NULL, NULL, 1, NULL, NULL),
(6, 0, NULL, 'Menurut teman-teman, kamu itu', '<p>\n	Menurut teman-teman, kamu itu&hellip;</p>\n', NULL, NULL, NULL, NULL, NULL, NULL, 1, NULL, NULL),
(7, 0, NULL, 'Makanan Jepang favorit kamu', '<p>\n	Makanan Jepang favorit kamu?</p>\n', NULL, NULL, NULL, NULL, NULL, NULL, 1, NULL, NULL);

-- --------------------------------------------------------

--
-- Table structure for table `tbl_questionnaire_completed`
--

CREATE TABLE IF NOT EXISTS `tbl_questionnaire_completed` (
  `id` int(11) unsigned NOT NULL AUTO_INCREMENT,
  `participant_id` int(11) DEFAULT NULL,
  `questionnaire_id` int(11) DEFAULT NULL,
  `text` text,
  `date_completed` int(11) DEFAULT NULL,
  `status` tinyint(1) DEFAULT '1',
  `added` int(11) DEFAULT NULL,
  `modified` int(11) DEFAULT NULL,
  PRIMARY KEY (`id`),
  KEY `participant_id` (`participant_id`)
) ENGINE=MyISAM  DEFAULT CHARSET=utf8 AUTO_INCREMENT=8 ;

--
-- Dumping data for table `tbl_questionnaire_completed`
--

INSERT INTO `tbl_questionnaire_completed` (`id`, `participant_id`, `questionnaire_id`, `text`, `date_completed`, `status`, `added`, `modified`) VALUES
(1, 5, 1, NULL, 1470121948, 1, 1470121948, 1470121948),
(2, 5, 2, NULL, 1470121948, 1, 1470121948, 1470121948),
(3, 5, 3, NULL, 1470121948, 1, 1470121948, 1470121948),
(4, 5, 4, NULL, 1470121948, 1, 1470121948, 1470121948),
(5, 5, 5, NULL, 1470121948, 1, 1470121948, 1470121948),
(6, 5, 6, NULL, 1470121948, 1, 1470121948, 1470121948),
(7, 5, 7, NULL, 1470121948, 1, 1470121948, 1470121948);

-- --------------------------------------------------------

--
-- Table structure for table `tbl_questionnaire_user_answers`
--

CREATE TABLE IF NOT EXISTS `tbl_questionnaire_user_answers` (
  `id` int(11) unsigned NOT NULL AUTO_INCREMENT,
  `participant_id` int(11) DEFAULT NULL,
  `user_questionnaire_id` int(11) DEFAULT NULL,
  `question_id` int(11) DEFAULT NULL,
  `status` tinyint(1) DEFAULT '1',
  `added` int(11) DEFAULT NULL,
  `modified` int(11) DEFAULT NULL,
  PRIMARY KEY (`id`),
  KEY `participant_id` (`participant_id`)
) ENGINE=MyISAM  DEFAULT CHARSET=utf8 AUTO_INCREMENT=8 ;

--
-- Dumping data for table `tbl_questionnaire_user_answers`
--

INSERT INTO `tbl_questionnaire_user_answers` (`id`, `participant_id`, `user_questionnaire_id`, `question_id`, `status`, `added`, `modified`) VALUES
(1, 5, 1, 1, 1, 1470121948, 1470121948),
(2, 5, 2, 20, 1, 1470121948, 1470121948),
(3, 5, 3, 6, 1, 1470121948, 1470121948),
(4, 5, 4, 8, 1, 1470121948, 1470121948),
(5, 5, 5, 12, 1, 1470121948, 1470121948),
(6, 5, 6, 15, 1, 1470121948, 1470121948),
(7, 5, 7, 18, 1, 1470121948, 1470121948);

-- --------------------------------------------------------

--
-- Table structure for table `tbl_questions`
--

CREATE TABLE IF NOT EXISTS `tbl_questions` (
  `id` int(11) unsigned NOT NULL AUTO_INCREMENT,
  `questionnaire_id` int(11) DEFAULT NULL,
  `name` varchar(255) DEFAULT NULL,
  `question_text` text,
  `file_name` varchar(512) DEFAULT NULL,
  `order` tinyint(3) DEFAULT NULL,
  `user_id` int(11) DEFAULT NULL,
  `count` int(11) DEFAULT NULL,
  `status` tinyint(1) DEFAULT '1',
  `added` int(11) DEFAULT NULL,
  `modified` int(11) DEFAULT NULL,
  PRIMARY KEY (`id`),
  KEY `name` (`name`)
) ENGINE=MyISAM  DEFAULT CHARSET=utf8 AUTO_INCREMENT=26 ;

--
-- Dumping data for table `tbl_questions`
--

INSERT INTO `tbl_questions` (`id`, `questionnaire_id`, `name`, `question_text`, `file_name`, `order`, `user_id`, `count`, `status`, `added`, `modified`) VALUES
(1, 1, 'Fine Dining', '<p>\n	Fine Dining</p>\n', NULL, NULL, NULL, NULL, 1, NULL, NULL),
(2, 1, 'Party', '<p>\n	Party</p>\n', NULL, NULL, NULL, NULL, 1, NULL, NULL),
(14, 6, 'Mulai diet', '<p>\n	Mulai diet</p>\n', NULL, NULL, NULL, NULL, 1, NULL, NULL),
(15, 6, 'Cari pacar baru', '<p>\n	Cari pacar baru</p>\n', NULL, NULL, NULL, NULL, 1, NULL, NULL),
(3, 1, 'Camping di Alam Bebas', '<p>\n	Camping di Alam Bebas</p>\n', NULL, NULL, NULL, NULL, 1, NULL, NULL),
(13, 5, 'Ungu', '<p>\n	Ungu</p>\n', NULL, NULL, NULL, NULL, 1, NULL, NULL),
(4, 2, 'Nyantai di Pantai', '<p>\n	Nyantai di Pantai</p>\n', NULL, NULL, NULL, NULL, 1, NULL, NULL),
(5, 3, 'Instagram', '<p>\n	Instagram</p>\n', NULL, NULL, NULL, NULL, 1, NULL, NULL),
(6, 3, 'Pinterest', '<p>\n	Pinterest</p>\n', NULL, NULL, NULL, NULL, 1, NULL, NULL),
(12, 5, 'Biru', '<p>\n	Biru</p>\n', NULL, NULL, NULL, NULL, 1, NULL, NULL),
(7, 3, 'Music Player', '<p>\n	Music Player</p>\n', NULL, NULL, NULL, NULL, 1, NULL, NULL),
(8, 4, 'Makan seharian', '<p>\n	Makan seharian</p>\n', NULL, NULL, NULL, NULL, 1, NULL, NULL),
(9, 4, 'Yoga dan Spa', '<p>\n	Yoga dan Spa</p>\n', NULL, NULL, NULL, NULL, 1, NULL, NULL),
(10, 4, 'Cafe Hopping sama geng', '<p>\n	Cafe Hopping sama geng</p>\n', NULL, NULL, NULL, NULL, 1, NULL, NULL),
(11, 5, 'Merah', '<p>\n	Merah</p>\n', NULL, NULL, NULL, NULL, 1, NULL, NULL),
(16, 6, 'Olah raga tiap hari', '<p>\n	Olah raga tiap hari</p>\n', NULL, NULL, NULL, NULL, 1, NULL, NULL),
(17, 7, 'Sushi', '<p>\n	Sushi</p>\n', NULL, NULL, NULL, NULL, 1, NULL, NULL),
(18, 7, 'Sashimi', '<p>\n	Sashimi</p>\n', NULL, NULL, NULL, NULL, 1, NULL, NULL),
(19, 7, 'Sushi', '<p>\n	Sushi</p>\n', NULL, NULL, NULL, NULL, 1, NULL, NULL),
(20, 2, 'Jogging', '<p>\n	Jogging</p>\n', NULL, NULL, NULL, NULL, 1, NULL, NULL),
(21, 2, 'Window shopping', '<p>\n	Window shopping</p>\n', NULL, NULL, NULL, NULL, 1, NULL, NULL);

-- --------------------------------------------------------

--
-- Table structure for table `tbl_question_rules`
--

CREATE TABLE IF NOT EXISTS `tbl_question_rules` (
  `id` int(11) unsigned NOT NULL AUTO_INCREMENT,
  `question_id` int(11) DEFAULT NULL,
  `name` varchar(255) DEFAULT NULL,
  `text` text,
  `value` varchar(12) DEFAULT NULL,
  `file_name` varchar(512) DEFAULT NULL,
  `order` tinyint(3) DEFAULT NULL,
  `user_id` int(11) DEFAULT NULL,
  `count` int(11) DEFAULT NULL,
  `status` tinyint(1) DEFAULT '1',
  `added` int(11) DEFAULT NULL,
  `modified` int(11) DEFAULT NULL,
  PRIMARY KEY (`id`),
  KEY `name` (`name`)
) ENGINE=MyISAM DEFAULT CHARSET=utf8 AUTO_INCREMENT=1 ;

-- --------------------------------------------------------

--
-- Table structure for table `tbl_schedules`
--

CREATE TABLE IF NOT EXISTS `tbl_schedules` (
  `id` int(11) NOT NULL AUTO_INCREMENT,
  `conference_id` int(11) unsigned DEFAULT NULL,
  `date` char(32) DEFAULT NULL,
  `url` varchar(255) DEFAULT NULL,
  `subject` varchar(255) DEFAULT NULL,
  `description` text NOT NULL,
  `is_system` tinyint(1) NOT NULL DEFAULT '1',
  `status` enum('publish','unpublish','deleted') DEFAULT 'publish',
  `added` int(11) NOT NULL,
  `modified` int(11) NOT NULL,
  PRIMARY KEY (`id`),
  KEY `url` (`url`,`status`)
) ENGINE=MyISAM  DEFAULT CHARSET=utf8 AUTO_INCREMENT=14 ;

--
-- Dumping data for table `tbl_schedules`
--

INSERT INTO `tbl_schedules` (`id`, `conference_id`, `date`, `url`, `subject`, `description`, `is_system`, `status`, `added`, `modified`) VALUES
(12, NULL, NULL, 'human-resources', 'Human Resources', 'Lorem Ipsum Dolor Sit Amet', 1, 'publish', 1470111362, 0),
(13, NULL, NULL, 'creative', 'Creative', 'Lorem Ipsum Dolor Sit Amet', 1, 'publish', 1470111362, 0);

-- --------------------------------------------------------

--
-- Table structure for table `tbl_settings`
--

CREATE TABLE IF NOT EXISTS `tbl_settings` (
  `id` int(11) unsigned NOT NULL AUTO_INCREMENT,
  `parameter` varchar(255) DEFAULT NULL,
  `alias` varchar(255) DEFAULT NULL,
  `group` varchar(64) DEFAULT NULL,
  `key` varchar(64) DEFAULT NULL,
  `value` varchar(1024) DEFAULT NULL,
  `is_system` tinyint(1) DEFAULT '1',
  `input_type` enum('input','textarea','radio','dropdown','timezones') DEFAULT NULL,
  `input_size` enum('large','medium','small') DEFAULT NULL,
  `show_editor` enum('0','1') DEFAULT NULL,
  `is_numeric` enum('0','1') DEFAULT NULL,
  `help_text` varchar(512) DEFAULT NULL,
  `status` tinyint(1) DEFAULT '1',
  `added` int(11) DEFAULT NULL,
  `modified` int(11) DEFAULT NULL,
  PRIMARY KEY (`id`),
  KEY `name` (`parameter`,`status`)
) ENGINE=MyISAM  DEFAULT CHARSET=utf8 AUTO_INCREMENT=28 ;

--
-- Dumping data for table `tbl_settings`
--

INSERT INTO `tbl_settings` (`id`, `parameter`, `alias`, `group`, `key`, `value`, `is_system`, `input_type`, `input_size`, `show_editor`, `is_numeric`, `help_text`, `status`, `added`, `modified`) VALUES
(1, 'email_marketing', 'Email Marketing', '', '', 'marketing@', 1, NULL, NULL, NULL, NULL, NULL, 1, 1334835773, NULL),
(2, 'email_administrator', 'Email Administrator', '', '', 'administrator@', 1, NULL, NULL, NULL, NULL, NULL, 1, 1334835773, 1336122482),
(3, 'email_hrd', 'Email HRD', '', '', 'hrd@', 1, NULL, NULL, NULL, NULL, NULL, 1, 1334835773, NULL),
(4, 'email_info', 'Email Info', '', '', 'info@', 1, NULL, NULL, NULL, NULL, NULL, 1, 1334835773, NULL),
(5, 'email_template', 'Email Template', '', '', '&dash;', 1, NULL, NULL, NULL, NULL, NULL, 1, 1334835773, NULL),
(6, 'maintenance_template', 'Maintenance Mode Template', '', '', '<h2>The site is off for <span><h1>MAINTENANCE</h1></span></h2>', 1, NULL, NULL, NULL, NULL, NULL, 1, 1334835773, NULL),
(7, 'contactus_address', 'Contact Address', '', '', '&dash;', 1, NULL, NULL, NULL, NULL, NULL, 1, 1334835773, NULL),
(8, 'contactus_gmap', 'GMaps Location', '', '', 'http://maps.google.com/maps?q=-6.217668,106.812992&num=1&t=m&z=18', 1, NULL, NULL, NULL, NULL, NULL, 1, 1334835773, NULL),
(9, 'no_phone', 'Number Phone', '', '', '(021) 522.3715', 1, NULL, NULL, NULL, NULL, NULL, 1, 1334835773, NULL),
(10, 'no_fax', 'Number Fax', '', '', '(021) 522.3718', 1, NULL, NULL, NULL, NULL, NULL, 1, 1334835773, NULL),
(11, 'title_default', 'Website Title Default', '', '', 'We build on solid foundation, effective, construction and visual appeal', 1, NULL, NULL, NULL, NULL, NULL, 1, NULL, NULL),
(12, 'title_name', 'Company Title Name', '', '', 'PT. Default (Web Agency in Jakarta)', 1, NULL, NULL, NULL, NULL, NULL, 1, NULL, 1336118568),
(13, 'site_logo', 'Site Logo', '', '', 'logo.png', 1, NULL, NULL, NULL, NULL, NULL, 1, NULL, 1336118568),
(14, 'language', 'Default Site Language', '', '', 'en', 1, NULL, NULL, NULL, NULL, NULL, 1, NULL, 1336118568),
(15, 'counter', 'Site Counter', '', '', '123', 1, NULL, NULL, NULL, NULL, NULL, 1, NULL, 1336118568),
(16, 'copyright', 'Copyright', '', '', ' 2012 COMPANY NAME COPYRIGHT. All Rights Reserved.', 1, NULL, NULL, NULL, NULL, NULL, 1, NULL, 1336118568),
(17, 'site_name', 'Site Name', '', '', ' Default <br/> PT. Default (Web Agency in Jakarta).', 1, NULL, NULL, NULL, NULL, NULL, 1, NULL, 1336118568),
(18, 'site_quote', 'Quote', '', '', 'We provide solution for your Websites', 1, NULL, NULL, NULL, NULL, NULL, 1, NULL, 1336118568),
(19, 'site_description', 'Website Description', '', '', 'We provide solution for your Company Website ', 1, NULL, NULL, NULL, NULL, NULL, 1, NULL, 1336118568),
(20, 'socmed_facebook', 'Facebook', '', '', 'http://facebook.com', 1, NULL, NULL, NULL, NULL, NULL, 1, NULL, 1336118568),
(21, 'socmed_twitter', 'Twitter', '', '', 'http://twitter.com', 1, NULL, NULL, NULL, NULL, NULL, 1, NULL, 1336118568),
(22, 'socmed_gplus', 'Google Plus', '', '', 'http://plus.google.com', 1, NULL, NULL, NULL, NULL, NULL, 1, NULL, 1336118568),
(23, 'socmed_linkedin', 'LinkedIn', '', '', 'http://linkedin.com', 1, NULL, NULL, NULL, NULL, NULL, 1, NULL, 1336118568),
(24, 'socmed_pinterest', 'Pinterest', '', '', 'http://pinterest.com', 1, NULL, NULL, NULL, NULL, NULL, 1, NULL, 1336118568),
(25, 'registered_mark', 'Registered', '', '', 'We provide solution for your Websites', 1, NULL, NULL, NULL, NULL, NULL, 1, NULL, 1336118568),
(26, 'google_analytics', 'Analytics', '', '', 'Code Snippet', 1, NULL, NULL, NULL, NULL, NULL, 1, NULL, 1336118568),
(27, 'ext_link', 'Ext Link', '', '', 'http://www.apb-career.net', 1, NULL, NULL, NULL, NULL, NULL, 1, NULL, 1336118568);

-- --------------------------------------------------------

--
-- Table structure for table `tbl_users`
--

CREATE TABLE IF NOT EXISTS `tbl_users` (
  `id` int(11) unsigned NOT NULL AUTO_INCREMENT,
  `email` varchar(255) NOT NULL,
  `password` varchar(100) NOT NULL,
  `username` varchar(160) NOT NULL,
  `group_id` int(11) unsigned NOT NULL,
  `is_system` tinyint(3) NOT NULL DEFAULT '0',
  `last_login` int(11) unsigned NOT NULL,
  `logged_in` int(1) unsigned NOT NULL,
  `session_id` varchar(40) NOT NULL,
  `verify` varchar(8) DEFAULT NULL,
  `status` int(1) unsigned NOT NULL,
  `added` int(11) unsigned NOT NULL,
  `modified` int(11) unsigned NOT NULL,
  PRIMARY KEY (`id`),
  KEY `email` (`email`,`group_id`)
) ENGINE=MyISAM  DEFAULT CHARSET=utf8 AUTO_INCREMENT=9 ;

--
-- Dumping data for table `tbl_users`
--

INSERT INTO `tbl_users` (`id`, `email`, `password`, `username`, `group_id`, `is_system`, `last_login`, `logged_in`, `session_id`, `verify`, `status`, `added`, `modified`) VALUES
(1, 'admin@admin.com', 'a03c997e5e5643a11d77287d82856b9f83bd8fe4', 'admin', 1, 1, 1470286749, 1, '8e6de3689973824112870612f10d7184', 'Q12C', 1, 1470111360, 0),
(2, 'administrator', '12506e739378348ec662bb015bfd2288362dcc1c', 'Administrator', 2, 1, 0, 1470111360, '', 'Q12C', 1, 1470111360, 0),
(3, 'user@testing.com', '12506e739378348ec662bb015bfd2288362dcc1c', 'User', 99, 0, 0, 1470111360, '', 'Q12C', 1, 1470111360, 0),
(4, 'employee@employee.com', '12506e739378348ec662bb015bfd2288362dcc1c', 'Employee Staff', 100, 0, 0, 1470111360, '', 'Q12C', 1, 1470111360, 0),
(5, 'admin@admin.com', 'a03c997e5e5643a11d77287d82856b9f83bd8fe4', 'admin', 1, 1, 0, 1470111361, '', 'Q12C', 1, 1470111361, 0),
(6, 'administrator', '12506e739378348ec662bb015bfd2288362dcc1c', 'Administrator', 2, 1, 0, 1470111361, '', 'Q12C', 1, 1470111361, 0),
(7, 'user@testing.com', '12506e739378348ec662bb015bfd2288362dcc1c', 'User', 99, 0, 0, 1470111361, '', 'Q12C', 1, 1470111361, 0),
(8, 'employee@employee.com', '12506e739378348ec662bb015bfd2288362dcc1c', 'Employee Staff', 100, 0, 0, 1470111361, '', 'Q12C', 1, 1470111361, 0);

-- --------------------------------------------------------

--
-- Table structure for table `tbl_user_groups`
--

CREATE TABLE IF NOT EXISTS `tbl_user_groups` (
  `id` int(11) unsigned NOT NULL AUTO_INCREMENT,
  `name` varchar(32) NOT NULL,
  `backend_access` tinyint(1) DEFAULT NULL,
  `full_backend_access` tinyint(1) DEFAULT NULL,
  `status` tinyint(1) NOT NULL,
  `is_system` tinyint(1) NOT NULL DEFAULT '0',
  `added` int(11) unsigned NOT NULL,
  `modified` int(11) unsigned NOT NULL,
  PRIMARY KEY (`id`),
  KEY `name` (`name`)
) ENGINE=MyISAM  DEFAULT CHARSET=utf8 AUTO_INCREMENT=101 ;

--
-- Dumping data for table `tbl_user_groups`
--

INSERT INTO `tbl_user_groups` (`id`, `name`, `backend_access`, `full_backend_access`, `status`, `is_system`, `added`, `modified`) VALUES
(1, 'Super Administrator', 1, 1, 1, 1, 1470111360, 0),
(2, 'Administrator', 1, 0, 1, 1, 1470111360, 0),
(99, 'User', 0, 0, 1, 1, 1470111360, 0),
(100, 'Employee', 0, 0, 1, 1, 1470111360, 0);

-- --------------------------------------------------------

--
-- Table structure for table `tbl_user_histories`
--

CREATE TABLE IF NOT EXISTS `tbl_user_histories` (
  `id` int(11) unsigned NOT NULL AUTO_INCREMENT,
  `module` varchar(24) NOT NULL,
  `user_id` int(11) unsigned NOT NULL,
  `controller` varchar(160) NOT NULL,
  `action` char(20) DEFAULT NULL,
  `time` int(11) unsigned NOT NULL,
  PRIMARY KEY (`id`),
  KEY `id` (`id`,`module`,`user_id`)
) ENGINE=MyISAM  DEFAULT CHARSET=utf8 AUTO_INCREMENT=3 ;

--
-- Dumping data for table `tbl_user_histories`
--

INSERT INTO `tbl_user_histories` (`id`, `module`, `user_id`, `controller`, `action`, `time`) VALUES
(1, 'user', 1, 'history', 'index', 1470111361),
(2, 'user', 1, 'history', 'index', 1470111361);

-- --------------------------------------------------------

--
-- Table structure for table `tbl_user_profiles`
--

CREATE TABLE IF NOT EXISTS `tbl_user_profiles` (
  `user_id` int(11) unsigned NOT NULL,
  `gender` enum('male','female') NOT NULL DEFAULT 'male',
  `about` text,
  `first_name` varchar(64) DEFAULT NULL,
  `last_name` varchar(64) DEFAULT NULL,
  `division` varchar(64) DEFAULT NULL,
  `country` varchar(64) DEFAULT NULL,
  `state` varchar(64) DEFAULT NULL,
  `city` varchar(128) DEFAULT NULL,
  `address` text,
  `postal_code` varchar(8) DEFAULT NULL,
  `birthday` date DEFAULT NULL,
  `phone` varchar(16) DEFAULT NULL,
  `mobile_phone` varchar(16) DEFAULT NULL,
  `fax` varchar(16) DEFAULT NULL,
  `website` varchar(255) DEFAULT NULL,
  `file_type` varchar(64) DEFAULT NULL,
  `file_name` varchar(48) DEFAULT NULL,
  `status` int(1) unsigned NOT NULL,
  `added` int(11) unsigned NOT NULL,
  `modified` int(11) unsigned NOT NULL,
  KEY `user_id` (`user_id`,`phone`)
) ENGINE=MyISAM DEFAULT CHARSET=utf8;

--
-- Dumping data for table `tbl_user_profiles`
--

INSERT INTO `tbl_user_profiles` (`user_id`, `gender`, `about`, `first_name`, `last_name`, `division`, `country`, `state`, `city`, `address`, `postal_code`, `birthday`, `phone`, `mobile_phone`, `fax`, `website`, `file_type`, `file_name`, `status`, `added`, `modified`) VALUES
(1, 'male', 'Superadmin of this Website', '', '', 'Web Programmer', 'DKI Jakarta', 'Jakarta', 'Jl. Gading Putih 1 F2 No. 4', '14240', '', '2010-09-06', '1234', '', '0', '-', 'image/jpeg', '78d57b4b5a0c6048b75bb0c9d91a8392.jpg', 1, 1283760138, 1283831030),
(2, 'male', 'Administrator of this Website', '', '', 'Web Designer', 'DKI Jakarta', 'Jakarta', 'Jl. Gading Putih 1 F2 No. 4', '14240', '', '2010-09-06', '1234', '', '0', '-', 'image/jpeg', '78d57b4b5a0c6048b75bb0c9d91a8392.jpg', 1, 1283760138, 1283831030),
(3, 'male', 'User of this Website', '', '', 'Jakarta', '', '', 'Jl. Pulomas Barat 1 No. 31', '', '', '0000-00-00', '1234', '', '', '', 'image/jpeg', 'a8a484572c007e1e17648ae2c7ad629c.jpg', 1, 1285152397, 0),
(4, 'male', '', '', 'Jakarta', '', '', '', 'Jl. Pulomas Barat 1 No. 31', '', '', '0000-00-00', '081807244697', '', '', '', 'image/jpeg', 'eb068fc7204f01f8cd25375b42fc6953.jpg', 1, 1285152397, 1326110970),
(5, 'male', '', '', 'mimipopo', '', '', '', 'Jl. Pulomas Barat 1 No. 31', '', '', '0000-00-00', '081807244697', '', '', '', 'image/jpeg', 'eb068fc7204f01f8cd25375b42fc6953.jpg', 1, 1285152397, 1326110970),
(111, 'male', '', 'Web Developer', '', '', '', '', '', '', '', '0000-00-00', '', '', '', '', '', '', 1, 1333442128, 1333442192),
(110, 'male', '', 'Web Developer', '', '', '', '', '', '', '', '0000-00-00', '', '', '', '', '', '', 1, 1333441986, 1333442058),
(1, 'male', 'Top Administrator of this website and portal', 'Administrator', 'Website', 'Web Programmer', 'DKI Jakarta', 'Jakarta', 'Jl. Gading Putih 1 F2 No. 4', '14240', '', '2010-09-06', '1234', '081807244697', '0', 'http://google.com', 'image/jpeg', '03.jpg', 1, 1283760138, 1428349886),
(2, 'male', 'Administrator of this Website', '', '', 'Web Designer', 'DKI Jakarta', 'Jakarta', 'Jl. Gading Putih 1 F2 No. 4', '14240', '', '2010-09-06', '1234', '081807244697', '0', '', 'image/jpeg', '78d57b4b5a0c6048b75bb0c9d91a8392.jpg', 1, 1283760138, 1424687676),
(3, 'male', 'User of this Website', '', '', 'Jakarta', '', '', 'Jl. Pulomas Barat 1 No. 31', '', '', '0000-00-00', '1234', '', '', '', 'image/jpeg', 'a8a484572c007e1e17648ae2c7ad629c.jpg', 2, 1285152397, 1449223462),
(28, 'male', 'Test', 'Public', 'Viewers', 'Web Programmer', NULL, NULL, NULL, NULL, NULL, '0000-00-00', '909090090', '909090090', NULL, NULL, NULL, NULL, 1, 1424854403, 1424689343),
(29, 'male', 'Web Programmer not a full stack', 'Defrian', 'Yarfi', 'Web Programmer', NULL, NULL, NULL, NULL, NULL, '0000-00-00', '081807244697', '081807244697', NULL, NULL, NULL, NULL, 1, 1417065898, 0),
(111, 'male', '', 'Web Developer', '', '', '', '', '', '', '', '0000-00-00', '', '', '', '', '', '', 1, 1333442128, 1333442192),
(110, 'male', '', 'Web Developer', '', '', '', '', '', '', '', '0000-00-00', '', '', '', '', '', '', 1, 1333441986, 1333442058),
(31, 'male', 'Test', 'Defrian', 'Yarfi', 'Web Programmer', NULL, NULL, NULL, NULL, NULL, '2012-02-25', '081807244697', '909090090', NULL, NULL, NULL, NULL, 1, 1424854664, 0),
(32, 'male', NULL, 'Test', NULL, NULL, NULL, NULL, NULL, NULL, NULL, NULL, NULL, NULL, NULL, NULL, NULL, '5cae9-_7___felix_boyeaux_studios_by_fixxxxx.png', 1, 1425380399, 0),
(34, 'male', NULL, 'Masdasda', NULL, NULL, NULL, NULL, NULL, NULL, NULL, NULL, NULL, NULL, NULL, NULL, NULL, NULL, 1, 1455016671, 0);

/*!40101 SET CHARACTER_SET_CLIENT=@OLD_CHARACTER_SET_CLIENT */;
/*!40101 SET CHARACTER_SET_RESULTS=@OLD_CHARACTER_SET_RESULTS */;
/*!40101 SET COLLATION_CONNECTION=@OLD_COLLATION_CONNECTION */;
