-- phpMyAdmin SQL Dump
-- version 3.5.8.1
-- http://www.phpmyadmin.net
--
-- Host: localhost
-- Generation Time: Aug 09, 2016 at 11:34 PM
-- Server version: 5.5.40
-- PHP Version: 5.4.38

SET SQL_MODE="NO_AUTO_VALUE_ON_ZERO";
SET time_zone = "+00:00";


/*!40101 SET @OLD_CHARACTER_SET_CLIENT=@@CHARACTER_SET_CLIENT */;
/*!40101 SET @OLD_CHARACTER_SET_RESULTS=@@CHARACTER_SET_RESULTS */;
/*!40101 SET @OLD_COLLATION_CONNECTION=@@COLLATION_CONNECTION */;
/*!40101 SET NAMES utf8 */;

--
-- Database: `dentsu_suzukisx4`
--

-- --------------------------------------------------------

--
-- Table structure for table `tbl_articles`
--

CREATE TABLE IF NOT EXISTS `tbl_articles` (
  `id` int(11) unsigned NOT NULL AUTO_INCREMENT,
  `name` varchar(255) DEFAULT NULL,
  `subject` varchar(255) DEFAULT NULL,
  `synopsis` text,
  `text` text,
  `media` varchar(255) NOT NULL,
  `url` varchar(255) DEFAULT NULL,
  `attribute` text,
  `publish_date` date DEFAULT NULL,
  `unpublish_date` date DEFAULT NULL,
  `allow_comment` tinyint(1) DEFAULT NULL,
  `tags` text,
  `order` tinyint(3) DEFAULT NULL,
  `user_id` tinyint(3) DEFAULT NULL,
  `count` int(11) DEFAULT NULL,
  `status` enum('publish','unpublish','deleted') DEFAULT 'publish',
  `added` int(11) DEFAULT NULL,
  `modified` int(11) DEFAULT NULL,
  PRIMARY KEY (`id`),
  KEY `name` (`name`,`publish_date`,`unpublish_date`,`allow_comment`,`order`)
) ENGINE=MyISAM  DEFAULT CHARSET=utf8 AUTO_INCREMENT=4 ;

--
-- Dumping data for table `tbl_articles`
--

INSERT INTO `tbl_articles` (`id`, `name`, `subject`, `synopsis`, `text`, `media`, `url`, `attribute`, `publish_date`, `unpublish_date`, `allow_comment`, `tags`, `order`, `user_id`, `count`, `status`, `added`, `modified`) VALUES
(1, NULL, 'What is Lorem Ipsum?', '<p>\n	Lorem Ipsum is simply dummy text of the printing and typesetting industry. Lorem Ipsum has been the industry&#39;s standard dummy text ever since the 1500s, when an unknown printer took a galley of type and scrambled it to make a type specimen book.</p>\n', '<p>\n	Lorem Ipsum is simply dummy text of the printing and typesetting industry. Lorem Ipsum has been the industry&#39;s standard dummy text ever since the 1500s, when an unknown printer took a galley of type and scrambled it to make a type specimen book. It has survived not only five centuries, but also the leap into electronic typesetting, remaining essentially unchanged. It was popularised in the 1960s with the release of Letraset sheets containing Lorem Ipsum passages, and more recently with desktop publishing software like Aldus PageMaker including versions of Lorem Ipsum.</p>\n', '3314d-bendungan-big.jpg', 'what-is-lorem-ipsum', NULL, '2016-08-09', '2016-08-31', NULL, NULL, NULL, NULL, NULL, 'publish', 1470712059, 1470713202),
(2, NULL, 'Why do we use it?', '<p>\n	It is a long established fact that a reader will be distracted by the readable content of a page when looking at its layout. The point of using Lorem Ipsum is that it has a more-or-less normal distribution of letters, as opposed to using &#39;Content here, content here&#39;, making it look like readable English.</p>\n', '<p>\n	It is a long established fact that a reader will be distracted by the readable content of a page when looking at its layout. The point of using Lorem Ipsum is that it has a more-or-less normal distribution of letters, as opposed to using &#39;Content here, content here&#39;, making it look like readable English. Many desktop publishing packages and web page editors now use Lorem Ipsum as their default model text, and a search for &#39;lorem ipsum&#39; will uncover many web sites still in their infancy. Various versions have evolved over the years, sometimes by accident, sometimes on purpose (injected humour and the like).<br />\n	<br />\n	&nbsp;</p>\n', '40694-terowongan-big.jpg', 'why-do-we-use-it', NULL, '2016-08-09', '2016-08-31', NULL, NULL, NULL, NULL, NULL, 'publish', 1470712733, 1470713935),
(3, NULL, 'Where does it come from?', '<p>\n	Contrary to popular belief, Lorem Ipsum is not simply random text. It has roots in a piece of classical Latin literature from 45 BC, making it over 2000 years old. Richard McClintock, a Latin professor at Hampden-Sydney College in Virginia, looked up one of the more obscure Latin words, consectetur, from a Lorem Ipsum passage, and going through the cites of the word in classical literature, discovered the undoubtable source.</p>\n', '<p>\n	Contrary to popular belief, Lorem Ipsum is not simply random text. It has roots in a piece of classical Latin literature from 45 BC, making it over 2000 years old. Richard McClintock, a Latin professor at Hampden-Sydney College in Virginia, looked up one of the more obscure Latin words, consectetur, from a Lorem Ipsum passage, and going through the cites of the word in classical literature, discovered the undoubtable source. Lorem Ipsum comes from sections 1.10.32 and 1.10.33 of &quot;de Finibus Bonorum et Malorum&quot; (The Extremes of Good and Evil) by Cicero, written in 45 BC. This book is a treatise on the theory of ethics, very popular during the Renaissance. The first line of Lorem Ipsum, &quot;Lorem ipsum dolor sit amet..&quot;, comes from a line in section 1.10.32.</p>\n', 'd57ad-gedung-big.jpg', 'where-does-it-come-from', NULL, '2016-08-09', '2016-08-31', NULL, NULL, NULL, NULL, NULL, 'publish', 1470714002, NULL);

-- --------------------------------------------------------

--
-- Table structure for table `tbl_captcha`
--

CREATE TABLE IF NOT EXISTS `tbl_captcha` (
  `id` int(11) unsigned NOT NULL AUTO_INCREMENT,
  `time` int(11) DEFAULT NULL,
  `ip_address` varchar(16) DEFAULT NULL,
  `word` varchar(10) DEFAULT NULL,
  PRIMARY KEY (`id`)
) ENGINE=MyISAM  DEFAULT CHARSET=utf8 AUTO_INCREMENT=78 ;

--
-- Dumping data for table `tbl_captcha`
--

INSERT INTO `tbl_captcha` (`id`, `time`, `ip_address`, `word`) VALUES
(77, 1470760288, '::1', 'EcKMY'),
(76, 1470760286, '::1', 'vaRrN'),
(75, 1470760234, '::1', 'XxkrN'),
(74, 1470760231, '::1', 'TxBLU');

-- --------------------------------------------------------

--
-- Table structure for table `tbl_ci_sessions`
--

CREATE TABLE IF NOT EXISTS `tbl_ci_sessions` (
  `session_id` varchar(40) NOT NULL DEFAULT '0',
  `ip_address` varchar(45) NOT NULL DEFAULT '0',
  `user_agent` varchar(120) NOT NULL,
  `last_activity` int(10) unsigned NOT NULL DEFAULT '0',
  `user_data` blob NOT NULL,
  PRIMARY KEY (`session_id`),
  KEY `last_activity_idx` (`last_activity`)
) ENGINE=MyISAM DEFAULT CHARSET=utf8;

--
-- Dumping data for table `tbl_ci_sessions`
--

INSERT INTO `tbl_ci_sessions` (`session_id`, `ip_address`, `user_agent`, `last_activity`, `user_data`) VALUES
('2d3d5ced024ca55f1161f7f1b325ed82', '::1', 'Mozilla/5.0 (Macintosh; Intel Mac OS X 10.7; rv:47.0) Gecko/20100101 Firefox/47.0', 1470760276, 0x613a363a7b733a393a22757365725f64617461223b733a303a22223b733a31313a226d6f64756c655f6c697374223b733a3634373a227b2241646d696e223a7b2264617368626f6172647b7b736c6173687d7d2f696e646578223a2244617368626f6172642050616e656c222c22757365727b7b736c6173687d7d2f696e646578223a225573657273222c227573657267726f75707b7b736c6173687d7d2f696e646578223a22557365722047726f757073222c226c616e67756167657b7b736c6173687d7d2f696e646578223a224c616e677561676573222c2273657474696e677b7b736c6173687d7d2f696e646578223a2253657474696e6773227d2c224d6f64756c65223a7b226d6f64756c656c6973747b7b736c6173687d7d2f696e646578223a224d6f64756c65204c69737473227d2c2241727469636c65223a7b2261727469636c657b7b736c6173687d7d2f696e646578223a2241727469636c6573227d2c2250616765223a7b22706167657b7b736c6173687d7d2f696e646578223a225061676573222c22706167656d656e757b7b736c6173687d7d2f696e646578223a2250616765204d656e7573227d2c225061727469636970616e74223a7b227061727469636970616e747b7b736c6173687d7d2f696e646578223a225061727469636970616e74222c227061727469636970616e745f616e737765727b7b736c6173687d7d2f696e646578223a225061727469636970616e7420416e73776572227d2c225175657374696f6e6e61697265223a7b227175657374696f6e6e616972657b7b736c6173687d7d2f696e646578223a225175657374696f6e6e6169726573222c227175657374696f6e7b7b736c6173687d7d2f696e646578223a225175657374696f6e73222c227175657374696f6e72756c657b7b736c6173687d7d2f696e646578223a225175657374696f6e2052756c65227d7d223b733a32303a226d6f64756c655f66756e6374696f6e5f6c697374223b733a353934313a227b2241646d696e223a7b2264617368626f6172647b7b736c6173687d7d2f696e646578223a2244617368626f6172642050616e656c222c22757365727b7b736c6173687d7d2f696e646578223a225573657273222c227573657267726f75707b7b736c6173687d7d2f696e646578223a22557365722047726f757073222c226c616e67756167657b7b736c6173687d7d2f696e646578223a224c616e677561676573222c2273657474696e677b7b736c6173687d7d2f696e646578223a2253657474696e6773222c2264617368626f6172647b7b736c6173687d7d2f616464223a22416464204e65772044617368626f617264222c2264617368626f6172647b7b736c6173687d7d2f76696577223a22566965772044617368626f617264222c2264617368626f6172647b7b736c6173687d7d2f65646974223a22456469742044617368626f617264222c2264617368626f6172647b7b736c6173687d7d2f64656c657465223a2244656c6574652044617368626f617264222c2264617368626f6172647b7b736c6173687d7d2f6368616e6765223a224368616e67652044617368626f61726420537461747573222c22757365727b7b736c6173687d7d2f616464223a224164642055736572222c22757365727b7b736c6173687d7d2f76696577223a22566965772055736572222c22757365727b7b736c6173687d7d2f65646974223a22456469742055736572222c22757365727b7b736c6173687d7d2f64656c657465223a2244656c6574652055736572222c22757365727b7b736c6173687d7d2f6368616e6765223a224368616e6765205573657220537461747573222c22757365727b7b736c6173687d7d2f696d616765223a224368616e6765205573657220496d616765222c22757365727b7b736c6173687d7d2f75706c6f6164223a2255706c6f6164205573657220496d616765222c22757365727b7b736c6173687d7d2f6578706f7274223a224578706f727420557365722044617461222c227573657267726f75707b7b736c6173687d7d2f616464223a2241646420557365722047726f7570222c227573657267726f75707b7b736c6173687d7d2f76696577223a225669657720557365722047726f7570222c227573657267726f75707b7b736c6173687d7d2f65646974223a224564697420557365722047726f7570222c227573657267726f75707b7b736c6173687d7d2f64656c657465223a2244656c65746520557365722047726f7570222c227573657267726f75707b7b736c6173687d7d2f6368616e6765223a224368616e676520557365722047726f757020537461747573222c227573657267726f75707b7b736c6173687d7d2f6578706f7274223a224578706f727420557365722047726f75702044617461222c226c616e67756167657b7b736c6173687d7d2f616464223a22416464204c616e6775616765222c226c616e67756167657b7b736c6173687d7d2f76696577223a2256696577204c616e6775616765222c226c616e67756167657b7b736c6173687d7d2f65646974223a2245646974204c616e6775616765222c226c616e67756167657b7b736c6173687d7d2f64656c657465223a2244656c657465204c616e6775616765222c226c616e67756167657b7b736c6173687d7d2f6368616e6765223a224368616e6765204c616e677561676520537461747573222c2273657474696e677b7b736c6173687d7d2f616464223a224164642053657474696e67222c2273657474696e677b7b736c6173687d7d2f76696577223a22566965772053657474696e67222c2273657474696e677b7b736c6173687d7d2f65646974223a22456469742053657474696e67222c2273657474696e677b7b736c6173687d7d2f64656c657465223a2244656c6574652053657474696e67222c2273657474696e677b7b736c6173687d7d2f6368616e6765223a224368616e67652053657474696e6720537461747573227d2c224d6f64756c65223a7b226d6f64756c656c6973747b7b736c6173687d7d2f65646974223a2245646974204d6f64756c65222c226d6f64756c656c6973747b7b736c6173687d7d2f7472617368223a2244656c6574652055736572205065726d697373696f6e227d2c2241727469636c65223a7b2261727469636c657b7b736c6173687d7d2f696e646578223a2241727469636c6573222c2261727469636c657b7b736c6173687d7d2f696e6465787b7b736c6173687d7d2f616464223a224164642041727469636c65222c2261727469636c657b7b736c6173687d7d2f696e6465787b7b736c6173687d7d2f72656164223a22526561642041727469636c65222c2261727469636c657b7b736c6173687d7d2f696e6465787b7b736c6173687d7d2f65646974223a22456469742041727469636c65222c2261727469636c657b7b736c6173687d7d2f696e6465787b7b736c6173687d7d2f64656c657465223a2244656c6574652041727469636c65222c2261727469636c655f67616c6c6572797b7b736c6173687d7d2f696e646578223a2241727469636c652047616c6c657279222c2261727469636c655f67616c6c6572797b7b736c6173687d7d2f696e6465787b7b736c6173687d7d2f616464223a224164642041727469636c652047616c6c657279222c2261727469636c655f67616c6c6572797b7b736c6173687d7d2f696e6465787b7b736c6173687d7d2f76696577223a22566965772041727469636c652047616c6c657279222c2261727469636c655f67616c6c6572797b7b736c6173687d7d2f696e6465787b7b736c6173687d7d2f65646974223a22456469742041727469636c652047616c6c657279222c2261727469636c655f67616c6c6572797b7b736c6173687d7d2f696e6465787b7b736c6173687d7d2f64656c657465223a2244656c6574652041727469636c652047616c6c657279222c2261727469636c655f67616c6c6572797b7b736c6173687d7d2f696e6465787b7b736c6173687d7d2f6368616e6765223a224368616e67652041727469636c652047616c6c657279222c2261727469636c655f67616c6c6572797b7b736c6173687d7d2f696e6465787b7b736c6173687d7d2f6578706f7274223a224578706f72742041727469636c652047616c6c657279222c2261727469636c655f67616c6c6572797b7b736c6173687d7d2f696e6465787b7b736c6173687d7d2f7072696e74223a225072696e742041727469636c652047616c6c657279227d2c2250616765223a7b22706167657b7b736c6173687d7d2f696e646578223a225061676573222c22706167656d656e757b7b736c6173687d7d2f696e646578223a2250616765204d656e7573222c22706167657b7b736c6173687d7d2f696e6465787b7b736c6173687d7d2f616464223a224164642050616765222c22706167657b7b736c6173687d7d2f696e6465787b7b736c6173687d7d2f76696577223a22566965772050616765222c22706167657b7b736c6173687d7d2f696e6465787b7b736c6173687d7d2f65646974223a22456469742050616765222c22706167657b7b736c6173687d7d2f696e6465787b7b736c6173687d7d2f64656c657465223a2244656c6574652050616765222c22706167657b7b736c6173687d7d2f696e6465787b7b736c6173687d7d2f6368616e6765223a224368616e6765205061676520537461747573222c22706167657b7b736c6173687d7d2f696e6465787b7b736c6173687d7d2f6578706f7274223a224578706f72742050616765222c22706167657b7b736c6173687d7d2f696e6465787b7b736c6173687d7d2f7072696e74223a225072696e742050616765222c22706167655f67616c6c6572797b7b736c6173687d7d2f696e646578223a2247616c6c657279222c22706167655f67616c6c6572797b7b736c6173687d7d2f696e6465787b7b736c6173687d7d2f616464223a224164642047616c6c657279222c22706167655f67616c6c6572797b7b736c6173687d7d2f696e6465787b7b736c6173687d7d2f76696577223a22566965772047616c6c657279222c22706167655f67616c6c6572797b7b736c6173687d7d2f696e6465787b7b736c6173687d7d2f65646974223a22456469742047616c6c657279222c22706167655f67616c6c6572797b7b736c6173687d7d2f696e6465787b7b736c6173687d7d2f64656c657465223a2244656c6574652047616c6c657279222c22706167655f67616c6c6572797b7b736c6173687d7d2f696e6465787b7b736c6173687d7d2f6368616e6765223a224368616e67652047616c6c657279222c22706167655f67616c6c6572797b7b736c6173687d7d2f696e6465787b7b736c6173687d7d2f6578706f7274223a224578706f72742047616c6c657279222c22706167655f67616c6c6572797b7b736c6173687d7d2f696e6465787b7b736c6173687d7d2f7072696e74223a225072696e742047616c6c657279222c22706167655f67616c6c6572797b7b736c6173687d7d2f696e6465787b7b736c6173687d7d2f75706c6f61645f66696c65223a2255706c6f61642047616c6c657279222c22706167656d656e757b7b736c6173687d7d2f696e6465787b7b736c6173687d7d2f616464223a224164642050616765204d656e75222c22706167656d656e757b7b736c6173687d7d2f696e6465787b7b736c6173687d7d2f76696577223a22566965772050616765204d656e75222c22706167656d656e757b7b736c6173687d7d2f696e6465787b7b736c6173687d7d2f65646974223a22456469742050616765204d656e75222c22706167656d656e757b7b736c6173687d7d2f696e6465787b7b736c6173687d7d2f64656c657465223a2244656c6574652050616765204d656e75222c22706167656d656e757b7b736c6173687d7d2f696e6465787b7b736c6173687d7d2f6368616e6765223a224368616e67652050616765204d656e7520537461747573222c22706167656d656e757b7b736c6173687d7d2f696e6465787b7b736c6173687d7d2f6578706f7274223a224578706f72742050616765204d656e75222c22706167656d656e757b7b736c6173687d7d2f696e6465787b7b736c6173687d7d2f7072696e74223a225072696e742050616765204d656e75227d2c225061727469636970616e74223a7b227061727469636970616e747b7b736c6173687d7d2f696e646578223a225061727469636970616e74222c227061727469636970616e745f616e737765727b7b736c6173687d7d2f696e646578223a225061727469636970616e7420416e73776572222c227061727469636970616e745f616e737765727b7b736c6173687d7d2f696e6465787b7b736c6173687d7d2f616464223a22416464205061727469636970616e7420416e73776572222c227061727469636970616e745f616e737765727b7b736c6173687d7d2f696e6465787b7b736c6173687d7d2f76696577223a2256696577205061727469636970616e7420416e73776572222c227061727469636970616e745f616e737765727b7b736c6173687d7d2f696e6465787b7b736c6173687d7d2f65646974223a2245646974205061727469636970616e7420416e73776572222c227061727469636970616e745f616e737765727b7b736c6173687d7d2f696e6465787b7b736c6173687d7d2f64656c657465223a2244656c657465205061727469636970616e7420416e73776572222c227061727469636970616e745f616e737765727b7b736c6173687d7d2f696e6465787b7b736c6173687d7d2f6368616e6765223a224368616e6765205061727469636970616e7420416e7377657220537461747573222c227061727469636970616e745f616e737765727b7b736c6173687d7d2f696e6465787b7b736c6173687d7d2f6578706f7274223a224578706f7274205061727469636970616e7420416e73776572222c227061727469636970616e745f616e737765727b7b736c6173687d7d2f696e6465787b7b736c6173687d7d2f7072696e74223a225072696e74205061727469636970616e7420416e73776572227d2c225175657374696f6e6e61697265223a7b227175657374696f6e6e616972657b7b736c6173687d7d2f696e646578223a225175657374696f6e6e6169726573222c227175657374696f6e7b7b736c6173687d7d2f696e646578223a225175657374696f6e73222c227175657374696f6e72756c657b7b736c6173687d7d2f696e646578223a225175657374696f6e2052756c65222c227175657374696f6e6e616972657b7b736c6173687d7d2f696e6465787b7b736c6173687d7d2f616464223a22416464205175657374696f6e6e61697265222c227175657374696f6e6e616972657b7b736c6173687d7d2f696e6465787b7b736c6173687d7d2f76696577223a2256696577205175657374696f6e6e61697265222c227175657374696f6e6e616972657b7b736c6173687d7d2f696e6465787b7b736c6173687d7d2f65646974223a2245646974205175657374696f6e6e61697265222c227175657374696f6e6e616972657b7b736c6173687d7d2f696e6465787b7b736c6173687d7d2f64656c657465223a2244656c657465205175657374696f6e6e61697265222c227175657374696f6e6e616972657b7b736c6173687d7d2f696e6465787b7b736c6173687d7d2f6368616e6765223a224368616e6765205175657374696f6e6e6169726520537461747573222c227175657374696f6e6e616972657b7b736c6173687d7d2f696e6465787b7b736c6173687d7d2f6578706f7274223a224578706f7274205175657374696f6e6e61697265222c227175657374696f6e6e616972657b7b736c6173687d7d2f696e6465787b7b736c6173687d7d2f7072696e74223a225072696e74205175657374696f6e6e61697265222c227175657374696f6e7b7b736c6173687d7d2f696e6465787b7b736c6173687d7d2f616464223a22416464205175657374696f6e222c227175657374696f6e7b7b736c6173687d7d2f696e6465787b7b736c6173687d7d2f76696577223a2256696577205175657374696f6e222c227175657374696f6e7b7b736c6173687d7d2f696e6465787b7b736c6173687d7d2f65646974223a2245646974205175657374696f6e222c227175657374696f6e7b7b736c6173687d7d2f696e6465787b7b736c6173687d7d2f64656c657465223a2244656c657465205175657374696f6e222c227175657374696f6e7b7b736c6173687d7d2f696e6465787b7b736c6173687d7d2f6368616e6765223a224368616e6765205175657374696f6e20537461747573222c227175657374696f6e7b7b736c6173687d7d2f696e6465787b7b736c6173687d7d2f6578706f7274223a224578706f7274205175657374696f6e222c227175657374696f6e7b7b736c6173687d7d2f696e6465787b7b736c6173687d7d2f7072696e74223a225072696e74205175657374696f6e222c227175657374696f6e72756c657b7b736c6173687d7d2f696e6465787b7b736c6173687d7d2f616464223a22416464205175657374696f6e2052756c65222c227175657374696f6e72756c657b7b736c6173687d7d2f696e6465787b7b736c6173687d7d2f76696577223a2256696577205175657374696f6e2052756c65222c227175657374696f6e72756c657b7b736c6173687d7d2f696e6465787b7b736c6173687d7d2f65646974223a2245646974205175657374696f6e2052756c65222c227175657374696f6e72756c657b7b736c6173687d7d2f696e6465787b7b736c6173687d7d2f64656c657465223a2244656c657465205175657374696f6e2052756c65222c227175657374696f6e72756c657b7b736c6173687d7d2f696e6465787b7b736c6173687d7d2f6368616e6765223a224368616e6765205175657374696f6e2052756c6520537461747573222c227175657374696f6e72756c657b7b736c6173687d7d2f696e6465787b7b736c6173687d7d2f6578706f7274223a224578706f7274205175657374696f6e2052756c65222c227175657374696f6e72756c657b7b736c6173687d7d2f696e6465787b7b736c6173687d7d2f7072696e74223a225072696e74205175657374696f6e2052756c65227d7d223b733a31323a22757365725f73657373696f6e223b4f3a383a22737464436c617373223a383a7b733a323a226964223b733a313a2231223b733a383a22757365726e616d65223b733a353a2261646d696e223b733a353a22656d61696c223b733a31353a2261646d696e4061646d696e2e636f6d223b733a383a2267726f75705f6964223b733a313a2231223b733a363a22737461747573223b733a313a2231223b733a31303a226c6173745f6c6f67696e223b733a31303a2231343730373132303037223b733a393a226c6f676765645f696e223b623a313b733a343a226e616d65223b733a313a2220223b7d733a383a22637572725f75726c223b733a33383a2261646d696e2d70616e656c2f7175657374696f6e6e616972652f696e6465782f656469742f34223b733a383a22707265765f75726c223b733a34363a2261646d696e2d70616e656c2f7175657374696f6e6e616972652f696e6465782f616a61785f6c6973745f696e666f223b7d),
('0cad3001525d058624827dce1162b62c', '::1', 'Mozilla/5.0 (Macintosh; Intel Mac OS X 10_7_5) AppleWebKit/537.36 (KHTML, like Gecko) Chrome/49.0.2623.112 Safari/537.36', 1470760229, '');

-- --------------------------------------------------------

--
-- Table structure for table `tbl_configurations`
--

CREATE TABLE IF NOT EXISTS `tbl_configurations` (
  `parameter` varchar(150) NOT NULL DEFAULT '',
  `value` varchar(150) NOT NULL DEFAULT '',
  PRIMARY KEY (`parameter`,`value`)
) ENGINE=MyISAM DEFAULT CHARSET=utf8;

--
-- Dumping data for table `tbl_configurations`
--

INSERT INTO `tbl_configurations` (`parameter`, `value`) VALUES
('environment', '0'),
('install', '0'),
('maintenance', '0'),
('theme', '0');

-- --------------------------------------------------------

--
-- Table structure for table `tbl_group_permissions`
--

CREATE TABLE IF NOT EXISTS `tbl_group_permissions` (
  `id` int(11) unsigned NOT NULL AUTO_INCREMENT,
  `permission_id` int(11) NOT NULL,
  `group_id` int(11) NOT NULL,
  `value` smallint(1) NOT NULL,
  `added` int(11) NOT NULL,
  `modified` int(11) NOT NULL,
  PRIMARY KEY (`id`),
  KEY `id` (`id`)
) ENGINE=MyISAM  DEFAULT CHARSET=utf8 AUTO_INCREMENT=421 ;

--
-- Dumping data for table `tbl_group_permissions`
--

INSERT INTO `tbl_group_permissions` (`id`, `permission_id`, `group_id`, `value`, `added`, `modified`) VALUES
(1, 1, 1, 1, 1470712023, 0),
(2, 2, 1, 1, 1470712023, 0),
(3, 3, 1, 1, 1470712023, 0),
(4, 4, 1, 1, 1470712023, 0),
(5, 5, 1, 1, 1470712023, 0),
(6, 35, 1, 1, 1470712023, 0),
(7, 48, 1, 1, 1470712023, 0),
(8, 49, 1, 1, 1470712023, 0),
(9, 73, 1, 1, 1470712023, 0),
(10, 74, 1, 1, 1470712023, 0),
(11, 82, 1, 1, 1470712023, 0),
(12, 83, 1, 1, 1470712023, 0),
(13, 84, 1, 1, 1470712023, 0),
(14, 6, 1, 1, 1470712023, 0),
(15, 7, 1, 1, 1470712023, 0),
(16, 8, 1, 1, 1470712023, 0),
(17, 9, 1, 1, 1470712023, 0),
(18, 10, 1, 1, 1470712023, 0),
(19, 11, 1, 1, 1470712023, 0),
(20, 12, 1, 1, 1470712023, 0),
(21, 13, 1, 1, 1470712023, 0),
(22, 14, 1, 1, 1470712023, 0),
(23, 15, 1, 1, 1470712023, 0),
(24, 16, 1, 1, 1470712023, 0),
(25, 17, 1, 1, 1470712023, 0),
(26, 18, 1, 1, 1470712023, 0),
(27, 19, 1, 1, 1470712023, 0),
(28, 20, 1, 1, 1470712023, 0),
(29, 21, 1, 1, 1470712023, 0),
(30, 22, 1, 1, 1470712023, 0),
(31, 23, 1, 1, 1470712023, 0),
(32, 24, 1, 1, 1470712023, 0),
(33, 25, 1, 1, 1470712023, 0),
(34, 26, 1, 1, 1470712023, 0),
(35, 27, 1, 1, 1470712023, 0),
(36, 28, 1, 1, 1470712023, 0),
(37, 29, 1, 1, 1470712023, 0),
(38, 30, 1, 1, 1470712023, 0),
(39, 31, 1, 1, 1470712023, 0),
(40, 32, 1, 1, 1470712023, 0),
(41, 33, 1, 1, 1470712023, 0),
(42, 34, 1, 1, 1470712023, 0),
(43, 36, 1, 1, 1470712023, 0),
(44, 37, 1, 1, 1470712023, 0),
(45, 38, 1, 1, 1470712023, 0),
(46, 39, 1, 1, 1470712023, 0),
(47, 40, 1, 1, 1470712023, 0),
(48, 41, 1, 1, 1470712023, 0),
(49, 42, 1, 1, 1470712023, 0),
(50, 43, 1, 1, 1470712023, 0),
(51, 44, 1, 1, 1470712023, 0),
(52, 45, 1, 1, 1470712023, 0),
(53, 46, 1, 1, 1470712023, 0),
(54, 47, 1, 1, 1470712023, 0),
(55, 50, 1, 1, 1470712023, 0),
(56, 51, 1, 1, 1470712023, 0),
(57, 52, 1, 1, 1470712023, 0),
(58, 53, 1, 1, 1470712023, 0),
(59, 54, 1, 1, 1470712023, 0),
(60, 55, 1, 1, 1470712023, 0),
(61, 56, 1, 1, 1470712023, 0),
(62, 57, 1, 1, 1470712023, 0),
(63, 58, 1, 1, 1470712023, 0),
(64, 59, 1, 1, 1470712023, 0),
(65, 60, 1, 1, 1470712023, 0),
(66, 61, 1, 1, 1470712023, 0),
(67, 62, 1, 1, 1470712023, 0),
(68, 63, 1, 1, 1470712023, 0),
(69, 64, 1, 1, 1470712023, 0),
(70, 65, 1, 1, 1470712023, 0),
(71, 66, 1, 1, 1470712023, 0),
(72, 67, 1, 1, 1470712023, 0),
(73, 68, 1, 1, 1470712023, 0),
(74, 69, 1, 1, 1470712023, 0),
(75, 70, 1, 1, 1470712023, 0),
(76, 71, 1, 1, 1470712023, 0),
(77, 72, 1, 1, 1470712023, 0),
(78, 75, 1, 1, 1470712023, 0),
(79, 76, 1, 1, 1470712023, 0),
(80, 77, 1, 1, 1470712023, 0),
(81, 78, 1, 1, 1470712023, 0),
(82, 79, 1, 1, 1470712023, 0),
(83, 80, 1, 1, 1470712023, 0),
(84, 81, 1, 1, 1470712023, 0),
(85, 85, 1, 1, 1470712023, 0),
(86, 86, 1, 1, 1470712023, 0),
(87, 87, 1, 1, 1470712023, 0),
(88, 88, 1, 1, 1470712023, 0),
(89, 89, 1, 1, 1470712023, 0),
(90, 90, 1, 1, 1470712023, 0),
(91, 91, 1, 1, 1470712023, 0),
(92, 92, 1, 1, 1470712023, 0),
(93, 93, 1, 1, 1470712023, 0),
(94, 94, 1, 1, 1470712023, 0),
(95, 95, 1, 1, 1470712023, 0),
(96, 96, 1, 1, 1470712023, 0),
(97, 97, 1, 1, 1470712023, 0),
(98, 98, 1, 1, 1470712023, 0),
(99, 99, 1, 1, 1470712023, 0),
(100, 100, 1, 1, 1470712023, 0),
(101, 101, 1, 1, 1470712023, 0),
(102, 102, 1, 1, 1470712023, 0),
(103, 103, 1, 1, 1470712023, 0),
(104, 104, 1, 1, 1470712023, 0),
(105, 105, 1, 1, 1470712023, 0),
(106, 1, 2, 1, 1470712023, 0),
(107, 2, 2, 1, 1470712023, 0),
(108, 3, 2, 1, 1470712023, 0),
(109, 4, 2, 1, 1470712023, 0),
(110, 5, 2, 1, 1470712023, 0),
(111, 35, 2, 1, 1470712023, 0),
(112, 48, 2, 1, 1470712023, 0),
(113, 49, 2, 1, 1470712023, 0),
(114, 73, 2, 1, 1470712023, 0),
(115, 74, 2, 1, 1470712023, 0),
(116, 82, 2, 1, 1470712023, 0),
(117, 83, 2, 1, 1470712023, 0),
(118, 84, 2, 1, 1470712023, 0),
(119, 6, 2, 1, 1470712023, 0),
(120, 7, 2, 1, 1470712023, 0),
(121, 8, 2, 1, 1470712023, 0),
(122, 9, 2, 1, 1470712023, 0),
(123, 10, 2, 1, 1470712023, 0),
(124, 11, 2, 1, 1470712023, 0),
(125, 12, 2, 1, 1470712023, 0),
(126, 13, 2, 1, 1470712023, 0),
(127, 14, 2, 1, 1470712023, 0),
(128, 15, 2, 1, 1470712023, 0),
(129, 16, 2, 1, 1470712023, 0),
(130, 17, 2, 1, 1470712023, 0),
(131, 18, 2, 1, 1470712023, 0),
(132, 19, 2, 1, 1470712023, 0),
(133, 20, 2, 1, 1470712023, 0),
(134, 21, 2, 1, 1470712023, 0),
(135, 22, 2, 1, 1470712023, 0),
(136, 23, 2, 1, 1470712023, 0),
(137, 24, 2, 1, 1470712023, 0),
(138, 25, 2, 1, 1470712023, 0),
(139, 26, 2, 1, 1470712023, 0),
(140, 27, 2, 1, 1470712023, 0),
(141, 28, 2, 1, 1470712023, 0),
(142, 29, 2, 1, 1470712023, 0),
(143, 30, 2, 1, 1470712023, 0),
(144, 31, 2, 1, 1470712023, 0),
(145, 32, 2, 1, 1470712023, 0),
(146, 33, 2, 1, 1470712023, 0),
(147, 34, 2, 1, 1470712023, 0),
(148, 36, 2, 1, 1470712023, 0),
(149, 37, 2, 1, 1470712023, 0),
(150, 38, 2, 1, 1470712023, 0),
(151, 39, 2, 1, 1470712023, 0),
(152, 40, 2, 1, 1470712023, 0),
(153, 41, 2, 1, 1470712023, 0),
(154, 42, 2, 1, 1470712023, 0),
(155, 43, 2, 1, 1470712023, 0),
(156, 44, 2, 1, 1470712023, 0),
(157, 45, 2, 1, 1470712023, 0),
(158, 46, 2, 1, 1470712023, 0),
(159, 47, 2, 1, 1470712023, 0),
(160, 50, 2, 1, 1470712023, 0),
(161, 51, 2, 1, 1470712023, 0),
(162, 52, 2, 1, 1470712023, 0),
(163, 53, 2, 1, 1470712023, 0),
(164, 54, 2, 1, 1470712023, 0),
(165, 55, 2, 1, 1470712023, 0),
(166, 56, 2, 1, 1470712023, 0),
(167, 57, 2, 1, 1470712023, 0),
(168, 58, 2, 1, 1470712023, 0),
(169, 59, 2, 1, 1470712023, 0),
(170, 60, 2, 1, 1470712023, 0),
(171, 61, 2, 1, 1470712023, 0),
(172, 62, 2, 1, 1470712023, 0),
(173, 63, 2, 1, 1470712023, 0),
(174, 64, 2, 1, 1470712023, 0),
(175, 65, 2, 1, 1470712023, 0),
(176, 66, 2, 1, 1470712023, 0),
(177, 67, 2, 1, 1470712023, 0),
(178, 68, 2, 1, 1470712023, 0),
(179, 69, 2, 1, 1470712023, 0),
(180, 70, 2, 1, 1470712023, 0),
(181, 71, 2, 1, 1470712023, 0),
(182, 72, 2, 1, 1470712023, 0),
(183, 75, 2, 1, 1470712023, 0),
(184, 76, 2, 1, 1470712023, 0),
(185, 77, 2, 1, 1470712023, 0),
(186, 78, 2, 1, 1470712023, 0),
(187, 79, 2, 1, 1470712023, 0),
(188, 80, 2, 1, 1470712023, 0),
(189, 81, 2, 1, 1470712023, 0),
(190, 85, 2, 1, 1470712023, 0),
(191, 86, 2, 1, 1470712023, 0),
(192, 87, 2, 1, 1470712023, 0),
(193, 88, 2, 1, 1470712023, 0),
(194, 89, 2, 1, 1470712023, 0),
(195, 90, 2, 1, 1470712023, 0),
(196, 91, 2, 1, 1470712023, 0),
(197, 92, 2, 1, 1470712023, 0),
(198, 93, 2, 1, 1470712023, 0),
(199, 94, 2, 1, 1470712023, 0),
(200, 95, 2, 1, 1470712023, 0),
(201, 96, 2, 1, 1470712023, 0),
(202, 97, 2, 1, 1470712023, 0),
(203, 98, 2, 1, 1470712023, 0),
(204, 99, 2, 1, 1470712023, 0),
(205, 100, 2, 1, 1470712023, 0),
(206, 101, 2, 1, 1470712023, 0),
(207, 102, 2, 1, 1470712023, 0),
(208, 103, 2, 1, 1470712023, 0),
(209, 104, 2, 1, 1470712023, 0),
(210, 105, 2, 1, 1470712023, 0),
(211, 1, 99, 0, 1470712023, 0),
(212, 2, 99, 0, 1470712023, 0),
(213, 3, 99, 0, 1470712023, 0),
(214, 4, 99, 0, 1470712023, 0),
(215, 5, 99, 0, 1470712023, 0),
(216, 35, 99, 0, 1470712023, 0),
(217, 48, 99, 0, 1470712023, 0),
(218, 49, 99, 0, 1470712023, 0),
(219, 73, 99, 0, 1470712023, 0),
(220, 74, 99, 0, 1470712023, 0),
(221, 82, 99, 0, 1470712023, 0),
(222, 83, 99, 0, 1470712023, 0),
(223, 84, 99, 0, 1470712023, 0),
(224, 6, 99, 0, 1470712023, 0),
(225, 7, 99, 0, 1470712023, 0),
(226, 8, 99, 0, 1470712023, 0),
(227, 9, 99, 0, 1470712023, 0),
(228, 10, 99, 0, 1470712023, 0),
(229, 11, 99, 0, 1470712023, 0),
(230, 12, 99, 0, 1470712023, 0),
(231, 13, 99, 0, 1470712023, 0),
(232, 14, 99, 0, 1470712023, 0),
(233, 15, 99, 0, 1470712023, 0),
(234, 16, 99, 0, 1470712023, 0),
(235, 17, 99, 0, 1470712023, 0),
(236, 18, 99, 0, 1470712023, 0),
(237, 19, 99, 0, 1470712023, 0),
(238, 20, 99, 0, 1470712023, 0),
(239, 21, 99, 0, 1470712023, 0),
(240, 22, 99, 0, 1470712023, 0),
(241, 23, 99, 0, 1470712023, 0),
(242, 24, 99, 0, 1470712023, 0),
(243, 25, 99, 0, 1470712023, 0),
(244, 26, 99, 0, 1470712023, 0),
(245, 27, 99, 0, 1470712023, 0),
(246, 28, 99, 0, 1470712023, 0),
(247, 29, 99, 0, 1470712023, 0),
(248, 30, 99, 0, 1470712023, 0),
(249, 31, 99, 0, 1470712023, 0),
(250, 32, 99, 0, 1470712023, 0),
(251, 33, 99, 0, 1470712023, 0),
(252, 34, 99, 0, 1470712023, 0),
(253, 36, 99, 0, 1470712023, 0),
(254, 37, 99, 0, 1470712023, 0),
(255, 38, 99, 0, 1470712023, 0),
(256, 39, 99, 0, 1470712023, 0),
(257, 40, 99, 0, 1470712023, 0),
(258, 41, 99, 0, 1470712023, 0),
(259, 42, 99, 0, 1470712023, 0),
(260, 43, 99, 0, 1470712023, 0),
(261, 44, 99, 0, 1470712023, 0),
(262, 45, 99, 0, 1470712023, 0),
(263, 46, 99, 0, 1470712023, 0),
(264, 47, 99, 0, 1470712023, 0),
(265, 50, 99, 0, 1470712023, 0),
(266, 51, 99, 0, 1470712023, 0),
(267, 52, 99, 0, 1470712023, 0),
(268, 53, 99, 0, 1470712023, 0),
(269, 54, 99, 0, 1470712023, 0),
(270, 55, 99, 0, 1470712023, 0),
(271, 56, 99, 0, 1470712023, 0),
(272, 57, 99, 0, 1470712023, 0),
(273, 58, 99, 0, 1470712023, 0),
(274, 59, 99, 0, 1470712023, 0),
(275, 60, 99, 0, 1470712023, 0),
(276, 61, 99, 0, 1470712023, 0),
(277, 62, 99, 0, 1470712023, 0),
(278, 63, 99, 0, 1470712023, 0),
(279, 64, 99, 0, 1470712023, 0),
(280, 65, 99, 0, 1470712023, 0),
(281, 66, 99, 0, 1470712023, 0),
(282, 67, 99, 0, 1470712023, 0),
(283, 68, 99, 0, 1470712023, 0),
(284, 69, 99, 0, 1470712023, 0),
(285, 70, 99, 0, 1470712023, 0),
(286, 71, 99, 0, 1470712023, 0),
(287, 72, 99, 0, 1470712023, 0),
(288, 75, 99, 0, 1470712023, 0),
(289, 76, 99, 0, 1470712023, 0),
(290, 77, 99, 0, 1470712023, 0),
(291, 78, 99, 0, 1470712023, 0),
(292, 79, 99, 0, 1470712023, 0),
(293, 80, 99, 0, 1470712023, 0),
(294, 81, 99, 0, 1470712023, 0),
(295, 85, 99, 0, 1470712023, 0),
(296, 86, 99, 0, 1470712023, 0),
(297, 87, 99, 0, 1470712023, 0),
(298, 88, 99, 0, 1470712023, 0),
(299, 89, 99, 0, 1470712023, 0),
(300, 90, 99, 0, 1470712023, 0),
(301, 91, 99, 0, 1470712023, 0),
(302, 92, 99, 0, 1470712023, 0),
(303, 93, 99, 0, 1470712023, 0),
(304, 94, 99, 0, 1470712023, 0),
(305, 95, 99, 0, 1470712023, 0),
(306, 96, 99, 0, 1470712023, 0),
(307, 97, 99, 0, 1470712023, 0),
(308, 98, 99, 0, 1470712023, 0),
(309, 99, 99, 0, 1470712023, 0),
(310, 100, 99, 0, 1470712023, 0),
(311, 101, 99, 0, 1470712023, 0),
(312, 102, 99, 0, 1470712023, 0),
(313, 103, 99, 0, 1470712023, 0),
(314, 104, 99, 0, 1470712023, 0),
(315, 105, 99, 0, 1470712023, 0),
(316, 1, 100, 0, 1470712023, 0),
(317, 2, 100, 0, 1470712023, 0),
(318, 3, 100, 0, 1470712023, 0),
(319, 4, 100, 0, 1470712023, 0),
(320, 5, 100, 0, 1470712023, 0),
(321, 35, 100, 0, 1470712023, 0),
(322, 48, 100, 0, 1470712023, 0),
(323, 49, 100, 0, 1470712023, 0),
(324, 73, 100, 0, 1470712023, 0),
(325, 74, 100, 0, 1470712023, 0),
(326, 82, 100, 0, 1470712023, 0),
(327, 83, 100, 0, 1470712023, 0),
(328, 84, 100, 0, 1470712023, 0),
(329, 6, 100, 0, 1470712023, 0),
(330, 7, 100, 0, 1470712023, 0),
(331, 8, 100, 0, 1470712023, 0),
(332, 9, 100, 0, 1470712023, 0),
(333, 10, 100, 0, 1470712023, 0),
(334, 11, 100, 0, 1470712023, 0),
(335, 12, 100, 0, 1470712023, 0),
(336, 13, 100, 0, 1470712023, 0),
(337, 14, 100, 0, 1470712023, 0),
(338, 15, 100, 0, 1470712023, 0),
(339, 16, 100, 0, 1470712023, 0),
(340, 17, 100, 0, 1470712023, 0),
(341, 18, 100, 0, 1470712023, 0),
(342, 19, 100, 0, 1470712023, 0),
(343, 20, 100, 0, 1470712023, 0),
(344, 21, 100, 0, 1470712023, 0),
(345, 22, 100, 0, 1470712023, 0),
(346, 23, 100, 0, 1470712023, 0),
(347, 24, 100, 0, 1470712023, 0),
(348, 25, 100, 0, 1470712023, 0),
(349, 26, 100, 0, 1470712023, 0),
(350, 27, 100, 0, 1470712023, 0),
(351, 28, 100, 0, 1470712023, 0),
(352, 29, 100, 0, 1470712023, 0),
(353, 30, 100, 0, 1470712023, 0),
(354, 31, 100, 0, 1470712023, 0),
(355, 32, 100, 0, 1470712023, 0),
(356, 33, 100, 0, 1470712023, 0),
(357, 34, 100, 0, 1470712023, 0),
(358, 36, 100, 0, 1470712023, 0),
(359, 37, 100, 0, 1470712023, 0),
(360, 38, 100, 0, 1470712023, 0),
(361, 39, 100, 0, 1470712023, 0),
(362, 40, 100, 0, 1470712023, 0),
(363, 41, 100, 0, 1470712023, 0),
(364, 42, 100, 0, 1470712023, 0),
(365, 43, 100, 0, 1470712023, 0),
(366, 44, 100, 0, 1470712023, 0),
(367, 45, 100, 0, 1470712023, 0),
(368, 46, 100, 0, 1470712023, 0),
(369, 47, 100, 0, 1470712023, 0),
(370, 50, 100, 0, 1470712023, 0),
(371, 51, 100, 0, 1470712023, 0),
(372, 52, 100, 0, 1470712023, 0),
(373, 53, 100, 0, 1470712023, 0),
(374, 54, 100, 0, 1470712023, 0),
(375, 55, 100, 0, 1470712023, 0),
(376, 56, 100, 0, 1470712023, 0),
(377, 57, 100, 0, 1470712023, 0),
(378, 58, 100, 0, 1470712023, 0),
(379, 59, 100, 0, 1470712023, 0),
(380, 60, 100, 0, 1470712023, 0),
(381, 61, 100, 0, 1470712023, 0),
(382, 62, 100, 0, 1470712023, 0),
(383, 63, 100, 0, 1470712023, 0),
(384, 64, 100, 0, 1470712023, 0),
(385, 65, 100, 0, 1470712023, 0),
(386, 66, 100, 0, 1470712023, 0),
(387, 67, 100, 0, 1470712023, 0),
(388, 68, 100, 0, 1470712023, 0),
(389, 69, 100, 0, 1470712023, 0),
(390, 70, 100, 0, 1470712023, 0),
(391, 71, 100, 0, 1470712023, 0),
(392, 72, 100, 0, 1470712023, 0),
(393, 75, 100, 0, 1470712023, 0),
(394, 76, 100, 0, 1470712023, 0),
(395, 77, 100, 0, 1470712023, 0),
(396, 78, 100, 0, 1470712023, 0),
(397, 79, 100, 0, 1470712023, 0),
(398, 80, 100, 0, 1470712023, 0),
(399, 81, 100, 0, 1470712023, 0),
(400, 85, 100, 0, 1470712023, 0),
(401, 86, 100, 0, 1470712023, 0),
(402, 87, 100, 0, 1470712023, 0),
(403, 88, 100, 0, 1470712023, 0),
(404, 89, 100, 0, 1470712023, 0),
(405, 90, 100, 0, 1470712023, 0),
(406, 91, 100, 0, 1470712023, 0),
(407, 92, 100, 0, 1470712023, 0),
(408, 93, 100, 0, 1470712023, 0),
(409, 94, 100, 0, 1470712023, 0),
(410, 95, 100, 0, 1470712023, 0),
(411, 96, 100, 0, 1470712023, 0),
(412, 97, 100, 0, 1470712023, 0),
(413, 98, 100, 0, 1470712023, 0),
(414, 99, 100, 0, 1470712023, 0),
(415, 100, 100, 0, 1470712023, 0),
(416, 101, 100, 0, 1470712023, 0),
(417, 102, 100, 0, 1470712023, 0),
(418, 103, 100, 0, 1470712023, 0),
(419, 104, 100, 0, 1470712023, 0),
(420, 105, 100, 0, 1470712023, 0);

-- --------------------------------------------------------

--
-- Table structure for table `tbl_languages`
--

CREATE TABLE IF NOT EXISTS `tbl_languages` (
  `id` int(11) unsigned NOT NULL AUTO_INCREMENT,
  `name` varchar(128) DEFAULT NULL,
  `url` varchar(82) NOT NULL,
  `prefix` varchar(10) DEFAULT NULL,
  `native` varchar(48) DEFAULT NULL,
  `file_name` varchar(128) NOT NULL,
  `default` tinyint(1) NOT NULL,
  `is_system` int(1) NOT NULL DEFAULT '0',
  `status` tinyint(1) DEFAULT '0',
  `added` int(11) unsigned DEFAULT NULL,
  `modified` int(11) unsigned DEFAULT NULL,
  PRIMARY KEY (`id`),
  KEY `name` (`name`,`status`)
) ENGINE=MyISAM DEFAULT CHARSET=utf8 AUTO_INCREMENT=1 ;

-- --------------------------------------------------------

--
-- Table structure for table `tbl_model_lists`
--

CREATE TABLE IF NOT EXISTS `tbl_model_lists` (
  `id` int(11) unsigned NOT NULL AUTO_INCREMENT,
  `module_id` int(11) NOT NULL,
  `model` varchar(255) NOT NULL,
  PRIMARY KEY (`id`),
  KEY `id` (`id`)
) ENGINE=MyISAM  DEFAULT CHARSET=utf8 AUTO_INCREMENT=19 ;

--
-- Dumping data for table `tbl_model_lists`
--

INSERT INTO `tbl_model_lists` (`id`, `module_id`, `model`) VALUES
(1, 1, 'admin/Users'),
(2, 1, 'admin/UserProfiles'),
(3, 1, 'admin/UserHistories'),
(4, 1, 'admin/ModulePermissions'),
(5, 1, 'admin/UserGroupPermissions'),
(6, 1, 'admin/Languages'),
(7, 1, 'admin/Settings'),
(8, 1, 'admin/Sessions'),
(9, 7, 'article/Articles'),
(10, 9, 'page/Pages'),
(11, 9, 'page/PageMenus'),
(12, 12, 'participant/Participants'),
(13, 12, 'participant/Answers'),
(14, 15, 'questionnaire/Questionnaires'),
(15, 15, 'questionnaire/Questions'),
(16, 15, 'questionnaire/QuestionRules'),
(17, 15, 'questionnaire/QuestionnaireUserAnswers'),
(18, 15, 'questionnaire/Questionnairecompleted');

-- --------------------------------------------------------

--
-- Table structure for table `tbl_module_lists`
--

CREATE TABLE IF NOT EXISTS `tbl_module_lists` (
  `id` int(11) unsigned NOT NULL AUTO_INCREMENT,
  `parent_id` int(11) NOT NULL,
  `module_name` varchar(255) NOT NULL,
  `module_link` varchar(255) DEFAULT NULL,
  `order` int(11) NOT NULL,
  PRIMARY KEY (`id`),
  KEY `id` (`id`)
) ENGINE=MyISAM  DEFAULT CHARSET=utf8 AUTO_INCREMENT=19 ;

--
-- Dumping data for table `tbl_module_lists`
--

INSERT INTO `tbl_module_lists` (`id`, `parent_id`, `module_name`, `module_link`, `order`) VALUES
(1, 0, 'admin', '#', 0),
(2, 1, 'Dashboard Panel', 'dashboard/index', 0),
(3, 1, 'Users', 'user/index', 1),
(4, 1, 'User Groups', 'usergroup/index', 2),
(5, 1, 'Languages', 'language/index', 3),
(6, 1, 'Settings', 'setting/index', 4),
(7, 0, 'article', '#', 1),
(8, 7, 'Articles', 'article/index', 0),
(9, 0, 'page', '#', 2),
(10, 9, 'Pages', 'page/index', 0),
(11, 9, 'Page Menus', 'pagemenu/index', 1),
(12, 0, 'participant', '#', 3),
(13, 12, 'Participant', 'participant/index', 0),
(14, 12, 'Participant Answer', 'participant_answer/index', 1),
(15, 0, 'questionnaire', '#', 4),
(16, 15, 'Questionnaires', 'questionnaire/index', 0),
(17, 15, 'Questions', 'question/index', 1),
(18, 15, 'Question Rule', 'questionrule/index', 2);

-- --------------------------------------------------------

--
-- Table structure for table `tbl_module_permissions`
--

CREATE TABLE IF NOT EXISTS `tbl_module_permissions` (
  `id` int(11) unsigned NOT NULL AUTO_INCREMENT,
  `module_id` int(11) NOT NULL,
  `module_name` varchar(255) NOT NULL,
  `module_link` varchar(255) DEFAULT NULL,
  `order` int(11) NOT NULL,
  PRIMARY KEY (`id`),
  KEY `id` (`id`)
) ENGINE=MyISAM  DEFAULT CHARSET=utf8 AUTO_INCREMENT=106 ;

--
-- Dumping data for table `tbl_module_permissions`
--

INSERT INTO `tbl_module_permissions` (`id`, `module_id`, `module_name`, `module_link`, `order`) VALUES
(1, 1, 'Dashboard Panel', 'dashboard/index', 0),
(2, 1, 'Users', 'user/index', 1),
(3, 1, 'User Groups', 'usergroup/index', 2),
(4, 1, 'Languages', 'language/index', 3),
(5, 1, 'Settings', 'setting/index', 4),
(6, 1, 'Add New Dashboard', 'dashboard/add', 5),
(7, 1, 'View Dashboard', 'dashboard/view', 6),
(8, 1, 'Edit Dashboard', 'dashboard/edit', 7),
(9, 1, 'Delete Dashboard', 'dashboard/delete', 8),
(10, 1, 'Change Dashboard Status', 'dashboard/change', 9),
(11, 1, 'Add User', 'user/add', 10),
(12, 1, 'View User', 'user/view', 11),
(13, 1, 'Edit User', 'user/edit', 12),
(14, 1, 'Delete User', 'user/delete', 13),
(15, 1, 'Change User Status', 'user/change', 14),
(16, 1, 'Change User Image', 'user/image', 15),
(17, 1, 'Upload User Image', 'user/upload', 16),
(18, 1, 'Export User Data', 'user/export', 17),
(19, 1, 'Add User Group', 'usergroup/add', 18),
(20, 1, 'View User Group', 'usergroup/view', 19),
(21, 1, 'Edit User Group', 'usergroup/edit', 20),
(22, 1, 'Delete User Group', 'usergroup/delete', 21),
(23, 1, 'Change User Group Status', 'usergroup/change', 22),
(24, 1, 'Export User Group Data', 'usergroup/export', 23),
(25, 1, 'Add Language', 'language/add', 24),
(26, 1, 'View Language', 'language/view', 25),
(27, 1, 'Edit Language', 'language/edit', 26),
(28, 1, 'Delete Language', 'language/delete', 27),
(29, 1, 'Change Language Status', 'language/change', 28),
(30, 1, 'Add Setting', 'setting/add', 29),
(31, 1, 'View Setting', 'setting/view', 30),
(32, 1, 'Edit Setting', 'setting/edit', 31),
(33, 1, 'Delete Setting', 'setting/delete', 32),
(34, 1, 'Change Setting Status', 'setting/change', 33),
(35, 7, 'Articles', 'article/index', 0),
(36, 7, 'Add Article', 'article/index/add', 1),
(37, 7, 'Read Article', 'article/index/read', 2),
(38, 7, 'Edit Article', 'article/index/edit', 3),
(39, 7, 'Delete Article', 'article/index/delete', 4),
(40, 7, 'Article Gallery', 'article_gallery/index', 5),
(41, 7, 'Add Article Gallery', 'article_gallery/index/add', 6),
(42, 7, 'View Article Gallery', 'article_gallery/index/view', 7),
(43, 7, 'Edit Article Gallery', 'article_gallery/index/edit', 8),
(44, 7, 'Delete Article Gallery', 'article_gallery/index/delete', 9),
(45, 7, 'Change Article Gallery', 'article_gallery/index/change', 10),
(46, 7, 'Export Article Gallery', 'article_gallery/index/export', 11),
(47, 7, 'Print Article Gallery', 'article_gallery/index/print', 12),
(48, 9, 'Pages', 'page/index', 0),
(49, 9, 'Page Menus', 'pagemenu/index', 1),
(50, 9, 'Add Page', 'page/index/add', 2),
(51, 9, 'View Page', 'page/index/view', 3),
(52, 9, 'Edit Page', 'page/index/edit', 4),
(53, 9, 'Delete Page', 'page/index/delete', 5),
(54, 9, 'Change Page Status', 'page/index/change', 6),
(55, 9, 'Export Page', 'page/index/export', 7),
(56, 9, 'Print Page', 'page/index/print', 8),
(57, 9, 'Gallery', 'page_gallery/index', 9),
(58, 9, 'Add Gallery', 'page_gallery/index/add', 10),
(59, 9, 'View Gallery', 'page_gallery/index/view', 11),
(60, 9, 'Edit Gallery', 'page_gallery/index/edit', 12),
(61, 9, 'Delete Gallery', 'page_gallery/index/delete', 13),
(62, 9, 'Change Gallery', 'page_gallery/index/change', 14),
(63, 9, 'Export Gallery', 'page_gallery/index/export', 15),
(64, 9, 'Print Gallery', 'page_gallery/index/print', 16),
(65, 9, 'Upload Gallery', 'page_gallery/index/upload_file', 17),
(66, 9, 'Add Page Menu', 'pagemenu/index/add', 18),
(67, 9, 'View Page Menu', 'pagemenu/index/view', 19),
(68, 9, 'Edit Page Menu', 'pagemenu/index/edit', 20),
(69, 9, 'Delete Page Menu', 'pagemenu/index/delete', 21),
(70, 9, 'Change Page Menu Status', 'pagemenu/index/change', 22),
(71, 9, 'Export Page Menu', 'pagemenu/index/export', 23),
(72, 9, 'Print Page Menu', 'pagemenu/index/print', 24),
(73, 12, 'Participant', 'participant/index', 0),
(74, 12, 'Participant Answer', 'participant_answer/index', 1),
(75, 12, 'Add Participant Answer', 'participant_answer/index/add', 2),
(76, 12, 'View Participant Answer', 'participant_answer/index/view', 3),
(77, 12, 'Edit Participant Answer', 'participant_answer/index/edit', 4),
(78, 12, 'Delete Participant Answer', 'participant_answer/index/delete', 5),
(79, 12, 'Change Participant Answer Status', 'participant_answer/index/change', 6),
(80, 12, 'Export Participant Answer', 'participant_answer/index/export', 7),
(81, 12, 'Print Participant Answer', 'participant_answer/index/print', 8),
(82, 15, 'Questionnaires', 'questionnaire/index', 0),
(83, 15, 'Questions', 'question/index', 1),
(84, 15, 'Question Rule', 'questionrule/index', 2),
(85, 15, 'Add Questionnaire', 'questionnaire/index/add', 3),
(86, 15, 'View Questionnaire', 'questionnaire/index/view', 4),
(87, 15, 'Edit Questionnaire', 'questionnaire/index/edit', 5),
(88, 15, 'Delete Questionnaire', 'questionnaire/index/delete', 6),
(89, 15, 'Change Questionnaire Status', 'questionnaire/index/change', 7),
(90, 15, 'Export Questionnaire', 'questionnaire/index/export', 8),
(91, 15, 'Print Questionnaire', 'questionnaire/index/print', 9),
(92, 15, 'Add Question', 'question/index/add', 10),
(93, 15, 'View Question', 'question/index/view', 11),
(94, 15, 'Edit Question', 'question/index/edit', 12),
(95, 15, 'Delete Question', 'question/index/delete', 13),
(96, 15, 'Change Question Status', 'question/index/change', 14),
(97, 15, 'Export Question', 'question/index/export', 15),
(98, 15, 'Print Question', 'question/index/print', 16),
(99, 15, 'Add Question Rule', 'questionrule/index/add', 17),
(100, 15, 'View Question Rule', 'questionrule/index/view', 18),
(101, 15, 'Edit Question Rule', 'questionrule/index/edit', 19),
(102, 15, 'Delete Question Rule', 'questionrule/index/delete', 20),
(103, 15, 'Change Question Rule Status', 'questionrule/index/change', 21),
(104, 15, 'Export Question Rule', 'questionrule/index/export', 22),
(105, 15, 'Print Question Rule', 'questionrule/index/print', 23);

-- --------------------------------------------------------

--
-- Table structure for table `tbl_pages`
--

CREATE TABLE IF NOT EXISTS `tbl_pages` (
  `id` int(11) unsigned NOT NULL AUTO_INCREMENT,
  `menu_id` int(11) unsigned DEFAULT NULL,
  `name` varchar(255) DEFAULT NULL,
  `subject` varchar(255) DEFAULT NULL,
  `synopsis` text,
  `text` text,
  `url` varchar(255) DEFAULT NULL,
  `attribute` text,
  `publish_date` date DEFAULT NULL,
  `unpublish_date` date DEFAULT NULL,
  `allow_comment` tinyint(1) DEFAULT NULL,
  `tags` text,
  `order` tinyint(3) DEFAULT NULL,
  `user_id` tinyint(3) DEFAULT NULL,
  `count` int(11) DEFAULT NULL,
  `status` enum('publish','unpublish','deleted') DEFAULT 'publish',
  `added` int(11) DEFAULT NULL,
  `modified` int(11) DEFAULT NULL,
  PRIMARY KEY (`id`),
  KEY `menu_id` (`menu_id`,`name`,`publish_date`,`unpublish_date`,`allow_comment`,`order`)
) ENGINE=MyISAM  DEFAULT CHARSET=utf8 AUTO_INCREMENT=2 ;

--
-- Dumping data for table `tbl_pages`
--

INSERT INTO `tbl_pages` (`id`, `menu_id`, `name`, `subject`, `synopsis`, `text`, `url`, `attribute`, `publish_date`, `unpublish_date`, `allow_comment`, `tags`, `order`, `user_id`, `count`, `status`, `added`, `modified`) VALUES
(1, 1, NULL, 'Syarat & Ketentuan', NULL, '<p>\n	PENDAHULUAN</p>\n<p>\n	Dalam rangka peluncuran New Suzuki SX4 S-Cross, Suzuki Indonesia mengadakan kompetisi berupa kuis dengan hadiah gadget dan satu buah mobil Suzuki SX4 S-Cross yang akan diundi di akhir periode.</p>\n<p>\n	&nbsp;&nbsp;&nbsp;&nbsp;&nbsp;&nbsp;&nbsp;&nbsp;&nbsp;&nbsp;&nbsp;&nbsp;&nbsp;&nbsp;&nbsp;&nbsp;&nbsp;&nbsp;&nbsp;&nbsp;&nbsp;&nbsp;&nbsp;&nbsp;&nbsp;&nbsp;&nbsp;&nbsp;&nbsp;&nbsp;&nbsp;&nbsp;&nbsp;&nbsp;&nbsp;&nbsp;&nbsp;&nbsp;&nbsp;&nbsp;&nbsp;&nbsp;&nbsp;&nbsp;&nbsp;&nbsp;&nbsp;&nbsp;&nbsp;&nbsp;&nbsp;&nbsp;&nbsp;&nbsp;&nbsp;&nbsp;&nbsp;&nbsp;&nbsp;&nbsp;&nbsp;&nbsp;&nbsp;&nbsp;&nbsp;&nbsp;&nbsp;&nbsp;&nbsp;&nbsp;&nbsp;&nbsp;&nbsp;&nbsp;&nbsp;&nbsp;&nbsp;&nbsp;&nbsp;&nbsp;&nbsp;&nbsp;&nbsp;&nbsp;&nbsp;&nbsp;&nbsp;&nbsp;&nbsp;&nbsp;&nbsp;&nbsp;&nbsp;&nbsp;&nbsp;&nbsp;&nbsp;&nbsp;&nbsp;&nbsp;&nbsp;&nbsp;&nbsp;&nbsp;&nbsp;&nbsp;&nbsp;&nbsp;&nbsp;&nbsp;&nbsp;&nbsp;&nbsp;&nbsp;&nbsp;&nbsp;&nbsp;&nbsp;&nbsp;&nbsp;&nbsp;&nbsp;&nbsp;&nbsp;&nbsp;&nbsp;&nbsp;&nbsp;&nbsp;&nbsp;&nbsp;&nbsp;&nbsp;&nbsp;&nbsp;&nbsp;&nbsp;&nbsp;&nbsp;&nbsp;&nbsp;&nbsp;&nbsp;&nbsp;&nbsp;&nbsp;&nbsp;&nbsp;&nbsp;&nbsp;&nbsp;&nbsp;&nbsp;&nbsp;&nbsp;&nbsp;&nbsp;&nbsp;&nbsp;&nbsp;&nbsp;&nbsp;&nbsp;&nbsp;&nbsp;&nbsp;&nbsp;&nbsp;&nbsp;&nbsp;&nbsp;&nbsp;&nbsp;&nbsp;&nbsp;&nbsp;&nbsp;&nbsp;&nbsp;&nbsp;&nbsp;&nbsp;&nbsp;&nbsp;&nbsp;&nbsp;&nbsp;&nbsp;&nbsp;&nbsp;&nbsp;&nbsp;&nbsp;&nbsp;&nbsp;&nbsp;&nbsp;&nbsp;&nbsp;&nbsp;&nbsp;&nbsp;&nbsp;&nbsp;&nbsp;&nbsp;&nbsp;&nbsp;&nbsp;&nbsp;&nbsp;&nbsp;&nbsp;</p>\n<p>\n	PERIODE KEGIATAN</p>\n<p>\n	11 Agustus 2016 &ndash; 15 September 2016</p>\n<p>\n	&nbsp;</p>\n<p>\n	PERSYARATAN PESERTA</p>\n<p>\n	Kegiatan ini terbuka untuk Warga Negara Indonesia, laki-laki atau perempuan, dan memiliki kondisi rohani dan jasmani yang sehat, namun tertutup untuk karyawan, keluarga, agensi atau pihak ketiga lainnya dari Penyelenggara</p>\n<p>\n	&nbsp;</p>\n<p>\n	MEKANISME</p>\n<ol>\n	<li>\n		Baca Jacket ad 4 halaman new Suzuki SX4 S-Cross pada Harian Kompas.</li>\n	<li>\n		Buka halaman <a href="http://www.suzuki.co.id/geartoexplore">www.suzuki.co.id/geartoexplore</a>.</li>\n	<li>\n		Pilih &ldquo;Ikuti kuisnya&rdquo;</li>\n	<li>\n		Jawab seluruh pertanyaan yang tersedia.</li>\n	<li>\n		Isi formulir yang disediakan.</li>\n	<li>\n		Share melalui facebook atau twitter.</li>\n	<li>\n		Satu user hanya berhak mengikuti kuis satu kali.</li>\n	<li>\n		Pemenang akan dihubungi oleh pihak Suzuki Indonesia.</li>\n	<li>\n		Apabila dalam kurun waktu 30 hari setelah pemenang dihubungi pihak Suzuki, pemenang tidak mengambil hadiah, maka pemberian hadiah akan dianggap gugur.</li>\n</ol>\n<p>\n	&nbsp;</p>\n<p>\n	PEMILIHAN PEMENANG</p>\n<p>\n	Pemilihan pemenang akan dilakukan dengan sistem pengundian. Pengundian akan dilakukan oleh pihak Suzuki Indonesia, setiap minggu akan dilakukan pengundian untuk hadiah mingguan dan pada akhir periode akan dilakukan pengundian untuk Hadiah Utama. Keputusan yang diambil pihak Suzuki Indonesia bersifat final dan tidak dapat diganggu gugat.</p>\n<p>\n	&nbsp;</p>\n<p>\n	HADIAH</p>\n<p>\n	Hadiah Mingguan</p>\n<ol>\n	<li>\n		5 Handphone Xiaomi Mi 4i</li>\n	<li>\n		20 Mi Powerbank 16000mAH</li>\n</ol>\n<p>\n	Hadiah Utama</p>\n<p>\n	Paket liburan untuk keluarga (Keluarga terdiri dari 2 orang dewasa dan 2 anak) dengan total nilai 50 juta rupiah.<br />\n	&nbsp;</p>\n<p>\n	VERIFIKASI</p>\n<ol>\n	<li>\n		Jika Pemenang tidak melengkapi data dan/atau tidak dapat dihubungi pihak Suzuki Indonesia dalam waktu 14x24 jam setelah tanggal pengumuman pemenang, maka pemberian hadiah akan dianggap gugur.</li>\n	<li>\n		Peserta dengan ini membebaskan Penyelenggara dari klaim dan atau tuntunan penyerahan hadiah di masa mendatang.</li>\n</ol>\n<p>\n	&nbsp;</p>\n<p>\n	KETENTUAN LAINNYA</p>\n<ol>\n	<li>\n		Pihak Penyelenggara berhak mendiskualifikasi Peserta dan/atau Pemenang yang diduga melakukan kecurangan dalam bentuk apapun.</li>\n	<li>\n		Penyelenggara tidak bertanggung jawab atas gangguan sinyal dan aplikasi yang rusak atau tertunda yang disebabkan karena kegagalan atau kerusakan sistem jaringan provider terkait</li>\n	<li>\n		Kegiatan ini tidak berlaku bagi karyawan beserta keluarganya dari PT. SUZUKI INDOMOBIL MOTOR dan PT. SUZUKI INDOMOBIL SALES (Suzuki Indonesia), dan pihak-pihak yang turut terlibat dalam menyelenggarakan promo ini</li>\n	<li>\n		Pihak Penyelenggara berhak untuk mengubah dan/atau memodifikasi syarat dan ketentuan kegiatan dari waktu ke waktu dengan atau tanpa pemberitahuan terlebih dahulu</li>\n	<li>\n		Setiap materi yang diikutsertakan dan dikirimkan dalam kegiatan ini menjadi hak milik Suzuki Indonesia, dan Suzuki Indonesia berhak untuk mempergunakannya sesuai dengan kepentingan Suzuki Indonesia.</li>\n	<li>\n		Jika karena alasan apapun pemberian hadiah tidak dapat berjalan sesuai rencana, Penyelenggara memiliki hak untuk memodifikasi ketentuan pemberian hadiah yang senilai dengan hadiah yang telah dijanjikan</li>\n	<li>\n		Promo ini tidak dipungut biaya apapun. Pajak ditanggung oleh Pihak Penyelenggara. Hati-hati terhadap penipuan yang mengatas namakan PT. SUZUKI INDOMOBIL MOTOR dan PT. SUZUKI INDOMOBIL SALES (Suzuki Indonesia).</li>\n	<li>\n		Dengan mengikuti kegiatan ini, Peserta memberikan ijin kepada Penyelenggara dan/atau Panitia untuk menggunakan nama, foto dan/atau kemiripannya, untuk ditayangkan, tujuan pemasaran, dan iklan tanpa kewajiban memberikan kompensasi dalam bentuk apapun kepada Peserta (selain yang sudah ditentukan), baik untuk penggunaan secara terbatas sehubungan dengan promosi atau untuk kepentingan apapun di media cetak maupun elektronik, termasuk internet tanpa batasan waktu</li>\n	<li>\n		Penyelenggara tidak bertanggungjawab atas aplikasi yang hilang, rusak atau tertunda sebagai akibat dari kerusakan, kegagalan dan kejadian serupa lainnya yang terjadi pada jaringan, perangkat keras komputer, atau perangkat lunak komputer</li>\n	<li>\n		Penyelenggara berhak untuk mendiskualifikasi Peserta yang tidak memenuhi syarat dan ketentuan yang berlaku</li>\n</ol>\n<p>\n	Untuk keterangan lebih lanjut, silakan hubungi Halo Suzuki di nomor:0-800-1100-800 (bebas pulsa).<br />\n	<br />\n	&nbsp;</p>\n', 'terms-and-conditions', NULL, '2016-08-02', '2016-08-31', NULL, NULL, NULL, NULL, NULL, 'publish', 1470717681, 1470755186);

-- --------------------------------------------------------

--
-- Table structure for table `tbl_page_menus`
--

CREATE TABLE IF NOT EXISTS `tbl_page_menus` (
  `id` int(11) unsigned NOT NULL AUTO_INCREMENT,
  `parent_id` int(11) unsigned DEFAULT NULL,
  `subject` varchar(128) DEFAULT NULL,
  `title` varchar(255) DEFAULT NULL,
  `synopsis` text,
  `description` text,
  `url` varchar(255) DEFAULT NULL,
  `media` varchar(255) DEFAULT NULL,
  `position` varchar(255) DEFAULT NULL,
  `sub_level` tinyint(3) DEFAULT NULL,
  `order` tinyint(3) DEFAULT NULL,
  `is_system` tinyint(3) DEFAULT NULL,
  `has_child` tinyint(3) DEFAULT NULL,
  `user_id` tinyint(3) DEFAULT NULL,
  `count` int(11) DEFAULT NULL,
  `status` enum('publish','unpublish','deleted') DEFAULT 'publish',
  `added` int(11) DEFAULT NULL,
  `modified` int(11) DEFAULT NULL,
  PRIMARY KEY (`id`),
  KEY `parent_id` (`parent_id`,`subject`,`sub_level`,`order`,`status`)
) ENGINE=MyISAM  DEFAULT CHARSET=utf8 AUTO_INCREMENT=4 ;

--
-- Dumping data for table `tbl_page_menus`
--

INSERT INTO `tbl_page_menus` (`id`, `parent_id`, `subject`, `title`, `synopsis`, `description`, `url`, `media`, `position`, `sub_level`, `order`, `is_system`, `has_child`, `user_id`, `count`, `status`, `added`, `modified`) VALUES
(1, NULL, 'Home', NULL, '<p>\n	Synopsis</p>\n', '<p>\n	Description</p>\n', 'home', NULL, NULL, NULL, NULL, NULL, NULL, NULL, NULL, 'publish', 1470715144, 1470715909),
(2, NULL, 'Quiz', NULL, '<p>\n	Synopsis</p>\n', '<p>\n	Description</p>\n', 'quiz', NULL, NULL, NULL, NULL, NULL, NULL, NULL, NULL, 'publish', 1470715163, 1470715905),
(3, NULL, 'Articles', NULL, '<p>\n	Synopsis</p>\n', '<p>\n	Description</p>\n', 'articles', NULL, NULL, NULL, NULL, NULL, NULL, NULL, NULL, 'publish', 1470715181, 1470717377);

-- --------------------------------------------------------

--
-- Table structure for table `tbl_participants`
--

CREATE TABLE IF NOT EXISTS `tbl_participants` (
  `id` int(11) unsigned NOT NULL AUTO_INCREMENT,
  `identifier_id` varchar(64) DEFAULT NULL,
  `identity` varchar(32) DEFAULT NULL,
  `profile_url` varchar(255) DEFAULT NULL,
  `photo_url` varchar(512) DEFAULT NULL,
  `email` varchar(72) DEFAULT NULL,
  `website` varchar(72) DEFAULT NULL,
  `password` varchar(100) DEFAULT NULL,
  `username` varchar(255) DEFAULT NULL,
  `name` varchar(255) DEFAULT NULL,
  `gender` varchar(12) DEFAULT NULL,
  `age` tinyint(2) DEFAULT NULL,
  `nationality_id` int(11) DEFAULT NULL,
  `research_area` varchar(255) DEFAULT NULL,
  `occupation` varchar(64) DEFAULT NULL,
  `about` text,
  `address` varchar(512) DEFAULT NULL,
  `region` varchar(64) DEFAULT NULL,
  `phone_number` varchar(32) DEFAULT NULL,
  `phone_home` varchar(32) DEFAULT NULL,
  `id_number` varchar(32) DEFAULT NULL,
  `file_name` varchar(512) DEFAULT NULL,
  `verify` varchar(8) DEFAULT NULL,
  `completed` tinyint(1) DEFAULT NULL,
  `logged_in` tinyint(1) NOT NULL DEFAULT '0',
  `last_login` int(11) DEFAULT NULL,
  `session_id` varchar(40) NOT NULL,
  `status` tinyint(1) NOT NULL DEFAULT '0',
  `join_date` timestamp NOT NULL DEFAULT CURRENT_TIMESTAMP ON UPDATE CURRENT_TIMESTAMP,
  `modified` int(11) DEFAULT NULL,
  PRIMARY KEY (`id`),
  KEY `name` (`name`)
) ENGINE=MyISAM  DEFAULT CHARSET=utf8 AUTO_INCREMENT=13 ;

--
-- Dumping data for table `tbl_participants`
--

INSERT INTO `tbl_participants` (`id`, `identifier_id`, `identity`, `profile_url`, `photo_url`, `email`, `website`, `password`, `username`, `name`, `gender`, `age`, `nationality_id`, `research_area`, `occupation`, `about`, `address`, `region`, `phone_number`, `phone_home`, `id_number`, `file_name`, `verify`, `completed`, `logged_in`, `last_login`, `session_id`, `status`, `join_date`, `modified`) VALUES
(1, 'SoPgnCFn90', 'LinkedIn', 'https://www.linkedin.com/pub/defrian-yarfi/42/a38/26b', NULL, 'defrian.yarfi@gmail.com', NULL, NULL, NULL, 'Defrian Yarfi', NULL, NULL, NULL, NULL, NULL, 'Web Developer and Frontend Web Developer.\nCurrently used CodeIgniter, CakePHP, Kohana, Yii and OpenCart for web development.\nDatabase Design, API, RESTful web service and Cloud Computing.\nAndroid Mobile Hybrid Applications.\n\nSpecialties: HTML & CSS, Javascript, jQuery, Ajax, Actionscript, MVC Concept, PHP & MySQL.', NULL, NULL, NULL, NULL, NULL, NULL, NULL, NULL, 0, NULL, '', 0, '2015-07-01 05:17:39', NULL),
(2, 'OUWMXH6WZQPX6YHXERMH7SCICQ', 'Yahoo', 'http://profile.yahoo.com/OUWMXH6WZQPX6YHXERMH7SCICQ', NULL, NULL, NULL, NULL, NULL, 'Defrian', 'male', 32, NULL, NULL, NULL, NULL, '', NULL, NULL, NULL, NULL, NULL, NULL, NULL, 0, NULL, '', 0, '2015-07-01 05:17:41', NULL),
(3, 'VFNQPTS3ZUT4YVRNXT3GAEJCDY', 'Yahoo', 'http://profile.yahoo.com/VFNQPTS3ZUT4YVRNXT3GAEJCDY', NULL, NULL, NULL, NULL, NULL, 'Defrian', '', 0, NULL, NULL, NULL, NULL, '', NULL, NULL, NULL, NULL, NULL, NULL, NULL, 0, NULL, '', 0, '2015-07-01 06:29:04', NULL),
(4, '101905163943989356331', 'Google', 'https://plus.google.com/+DefrianYarfi', NULL, 'defrian.yarfi@gmail.com', NULL, NULL, NULL, 'Defrian Yarfi', 'male', 0, NULL, NULL, NULL, '', 'Jakarta', '', NULL, NULL, NULL, NULL, NULL, NULL, 0, NULL, '', 0, '2015-07-01 06:38:49', NULL),
(5, NULL, NULL, NULL, NULL, 'defrian.yarfi@d3.dentsu.co.id', NULL, NULL, NULL, 'Defrian Yarfi', NULL, NULL, NULL, NULL, NULL, NULL, NULL, NULL, NULL, NULL, NULL, NULL, NULL, 1, 0, NULL, '', 1, '2016-02-10 22:00:00', NULL),
(6, NULL, NULL, NULL, NULL, 'eikzulfikar@d3.dentsu.co.id', NULL, NULL, NULL, 'Eik Zulfikar Fahmi', NULL, NULL, NULL, NULL, NULL, NULL, NULL, NULL, NULL, NULL, NULL, NULL, NULL, 1, 0, NULL, '', 1, '2016-02-10 22:00:00', NULL),
(7, NULL, NULL, NULL, NULL, 'Muhammad.Hilman@d3.dentsu.co.id', NULL, NULL, NULL, 'Muhammad Hilman', NULL, NULL, NULL, NULL, NULL, NULL, NULL, NULL, NULL, NULL, NULL, NULL, NULL, 1, 0, NULL, '', 1, '2016-02-10 22:00:00', NULL),
(8, NULL, NULL, NULL, NULL, 'rezza.fl@d3.dentsu.co.id', NULL, NULL, NULL, 'Rezza Alam Islami', NULL, NULL, NULL, NULL, NULL, NULL, NULL, NULL, NULL, NULL, NULL, NULL, NULL, 1, 0, NULL, '', 1, '2016-02-10 22:00:00', NULL),
(9, NULL, NULL, NULL, NULL, 'bimar@d3.dentsu.co.id', NULL, NULL, NULL, 'Bimar Saksono', NULL, NULL, NULL, NULL, NULL, NULL, NULL, NULL, NULL, NULL, NULL, NULL, NULL, 1, 0, NULL, '', 1, '2016-02-18 22:00:00', NULL),
(10, NULL, NULL, NULL, NULL, 'jessy@d3.dentsu.co.id', NULL, NULL, NULL, 'Jessy Christina Tono', NULL, NULL, NULL, NULL, NULL, NULL, NULL, NULL, NULL, NULL, NULL, NULL, NULL, 1, 0, NULL, '', 1, '2016-02-18 22:00:00', NULL),
(11, NULL, NULL, NULL, NULL, 'rangga@d3.dentsu.co.id', NULL, NULL, NULL, 'Rangga Pandji', NULL, NULL, NULL, NULL, NULL, NULL, NULL, NULL, NULL, NULL, NULL, NULL, NULL, 1, 0, NULL, '', 1, '2016-02-18 22:00:00', NULL),
(12, NULL, NULL, NULL, NULL, 'InditaSuwika.Sari@d3.dentsu.co.id', NULL, NULL, NULL, 'Indita Suwika Sari', NULL, NULL, NULL, NULL, NULL, NULL, NULL, NULL, NULL, NULL, NULL, NULL, NULL, 1, 0, NULL, '', 1, '2016-02-22 22:00:00', NULL);

-- --------------------------------------------------------

--
-- Table structure for table `tbl_participant_answer_submissions`
--

CREATE TABLE IF NOT EXISTS `tbl_participant_answer_submissions` (
  `id` int(11) unsigned NOT NULL AUTO_INCREMENT,
  `participant_id` int(11) unsigned DEFAULT NULL,
  `type` varchar(255) DEFAULT NULL,
  `url` varchar(255) DEFAULT NULL,
  `title` varchar(255) DEFAULT NULL,
  `file_name` text,
  `attribute` text,
  `count` int(11) DEFAULT NULL,
  `status` tinyint(1) DEFAULT '1',
  `added` int(11) DEFAULT NULL,
  `modified` int(11) DEFAULT NULL,
  PRIMARY KEY (`id`),
  KEY `participant_id` (`participant_id`,`url`)
) ENGINE=MyISAM DEFAULT CHARSET=utf8 AUTO_INCREMENT=1 ;

-- --------------------------------------------------------

--
-- Table structure for table `tbl_questionnaires`
--

CREATE TABLE IF NOT EXISTS `tbl_questionnaires` (
  `id` int(11) unsigned NOT NULL AUTO_INCREMENT,
  `type` int(11) DEFAULT NULL,
  `quest_per_column` tinyint(3) DEFAULT NULL,
  `name` varchar(255) DEFAULT NULL,
  `questionnaire_text` text,
  `value` varchar(12) DEFAULT NULL,
  `help_text` text,
  `file_name` varchar(512) DEFAULT NULL,
  `order` tinyint(3) DEFAULT NULL,
  `user_id` int(11) DEFAULT NULL,
  `count` int(11) DEFAULT NULL,
  `status` tinyint(1) DEFAULT '1',
  `added` int(11) DEFAULT NULL,
  `modified` int(11) DEFAULT NULL,
  PRIMARY KEY (`id`),
  KEY `name` (`name`)
) ENGINE=MyISAM  DEFAULT CHARSET=utf8 AUTO_INCREMENT=12 ;

--
-- Dumping data for table `tbl_questionnaires`
--

INSERT INTO `tbl_questionnaires` (`id`, `type`, `quest_per_column`, `name`, `questionnaire_text`, `value`, `help_text`, `file_name`, `order`, `user_id`, `count`, `status`, `added`, `modified`) VALUES
(1, 0, NULL, 'Apa tagline dari Suzuki SX4 S-CROSS', '<p>\n	Apa tagline dari Suzuki SX4 S-CROSS?</p>\n', NULL, NULL, NULL, NULL, NULL, NULL, 1, NULL, NULL),
(2, 0, NULL, 'Apa klaim dari Suzuki SX4 S-CROSS', '<p>\n	Apa klaim dari Suzuki SX4 S-CROSS?</p>\n', NULL, NULL, NULL, NULL, NULL, NULL, 1, NULL, NULL),
(3, 0, NULL, 'Apa saja fitur unggulan dari Suzuki SX4 S-CROSS', '<p>\n	Apa saja fitur unggulan dari Suzuki SX4 S-CROSS?</p>\n', NULL, NULL, NULL, NULL, NULL, NULL, 1, NULL, NULL),
(4, 0, NULL, 'Apa fitur unggulan Suzuki SX4 S-CROSS yang tidak terdapat pada mobil lain di kelasnya', '<p>\n	Apa fitur unggulan Suzuki SX4 S-CROSS yang tidak terdapat pada mobil lain di kelasnya?</p>\n', NULL, NULL, NULL, NULL, NULL, NULL, 1, NULL, NULL),
(5, 0, NULL, 'Apa tipe audio dari Suzuki SX4 S-CROSS', '<p>\n	Apa tipe audio dari Suzuki SX4 S-CROSS?</p>\n', NULL, NULL, NULL, NULL, NULL, NULL, 1, NULL, NULL),
(6, 0, NULL, 'Apa Jenis headlamp Suzuki SX4 S-CROSS', '<p>\n	Apa Jenis headlamp Suzuki SX4 S-CROSS?</p>\n', NULL, NULL, NULL, NULL, NULL, NULL, 1, NULL, NULL),
(7, 0, NULL, 'Apa kepanjangan dari TECT Body', '<p>\n	Apa kepanjangan dari TECT Body?</p>\n', NULL, NULL, NULL, NULL, NULL, NULL, 1, NULL, NULL),
(9, NULL, NULL, 'Apa fitur keamanan yang ada pada Suzuki SX4 S-CROSS', '<p>\n	Apa fitur keamanan yang ada pada Suzuki SX4 S-CROSS?</p>\n', NULL, NULL, NULL, NULL, NULL, NULL, 1, NULL, NULL),
(10, NULL, NULL, 'Berapa tingkat percepatan transmisi manual dari Suzuki SX4 S-CROSS', '<p>\n	Berapa tingkat percepatan transmisi manual dari Suzuki SX4 S-CROSS?</p>\n', NULL, NULL, NULL, NULL, NULL, NULL, 1, NULL, NULL),
(11, NULL, NULL, 'Apa kata setelah SX4 di halaman kedua, baris kelima', '<p>\n	Apa kata setelah SX4 di halaman kedua, baris kelima?</p>\n', NULL, NULL, NULL, NULL, NULL, NULL, 1, NULL, NULL);

-- --------------------------------------------------------

--
-- Table structure for table `tbl_questionnaire_completed`
--

CREATE TABLE IF NOT EXISTS `tbl_questionnaire_completed` (
  `id` int(11) unsigned NOT NULL AUTO_INCREMENT,
  `participant_id` int(11) DEFAULT NULL,
  `questionnaire_id` int(11) DEFAULT NULL,
  `text` text,
  `date_completed` int(11) DEFAULT NULL,
  `status` tinyint(1) DEFAULT '1',
  `added` int(11) DEFAULT NULL,
  `modified` int(11) DEFAULT NULL,
  PRIMARY KEY (`id`),
  KEY `participant_id` (`participant_id`)
) ENGINE=MyISAM  DEFAULT CHARSET=utf8 AUTO_INCREMENT=17 ;

--
-- Dumping data for table `tbl_questionnaire_completed`
--

INSERT INTO `tbl_questionnaire_completed` (`id`, `participant_id`, `questionnaire_id`, `text`, `date_completed`, `status`, `added`, `modified`) VALUES
(1, 5, 1, NULL, 1470121948, 1, 1470121948, 1470121948),
(2, 5, 2, NULL, 1470121948, 1, 1470121948, 1470121948),
(3, 5, 3, NULL, 1470121948, 1, 1470121948, 1470121948),
(4, 5, 4, NULL, 1470121948, 1, 1470121948, 1470121948),
(5, 5, 5, NULL, 1470121948, 1, 1470121948, 1470121948),
(6, 5, 6, NULL, 1470121948, 1, 1470121948, 1470121948),
(7, 5, 7, NULL, 1470121948, 1, 1470121948, 1470121948),
(8, NULL, 1, NULL, 1470727778, 1, 1470727778, 1470727778),
(9, NULL, 2, NULL, 1470727778, 1, 1470727778, 1470727778),
(10, NULL, 3, NULL, 1470727778, 1, 1470727778, 1470727778),
(11, NULL, 4, NULL, 1470727778, 1, 1470727778, 1470727778),
(12, NULL, 5, NULL, 1470727778, 1, 1470727778, 1470727778),
(13, NULL, 6, NULL, 1470727778, 1, 1470727778, 1470727778),
(14, NULL, 7, NULL, 1470727778, 1, 1470727778, 1470727778),
(15, NULL, 1, NULL, 1470740782, 1, 1470740782, 1470740782),
(16, NULL, 2, NULL, 1470740782, 1, 1470740782, 1470740782);

-- --------------------------------------------------------

--
-- Table structure for table `tbl_questionnaire_user_answers`
--

CREATE TABLE IF NOT EXISTS `tbl_questionnaire_user_answers` (
  `id` int(11) unsigned NOT NULL AUTO_INCREMENT,
  `participant_id` int(11) DEFAULT NULL,
  `user_questionnaire_id` int(11) DEFAULT NULL,
  `question_id` int(11) DEFAULT NULL,
  `status` tinyint(1) DEFAULT '1',
  `added` int(11) DEFAULT NULL,
  `modified` int(11) DEFAULT NULL,
  PRIMARY KEY (`id`),
  KEY `participant_id` (`participant_id`)
) ENGINE=MyISAM  DEFAULT CHARSET=utf8 AUTO_INCREMENT=17 ;

--
-- Dumping data for table `tbl_questionnaire_user_answers`
--

INSERT INTO `tbl_questionnaire_user_answers` (`id`, `participant_id`, `user_questionnaire_id`, `question_id`, `status`, `added`, `modified`) VALUES
(1, 5, 1, 1, 1, 1470121948, 1470121948),
(2, 5, 2, 20, 1, 1470121948, 1470121948),
(3, 5, 3, 6, 1, 1470121948, 1470121948),
(4, 5, 4, 8, 1, 1470121948, 1470121948),
(5, 5, 5, 12, 1, 1470121948, 1470121948),
(6, 5, 6, 15, 1, 1470121948, 1470121948),
(7, 5, 7, 18, 1, 1470121948, 1470121948),
(8, NULL, 1, 3, 1, 1470727778, 1470727778),
(9, NULL, 2, 4, 1, 1470727778, 1470727778),
(10, NULL, 3, 5, 1, 1470727778, 1470727778),
(11, NULL, 4, 9, 1, 1470727778, 1470727778),
(12, NULL, 5, 11, 1, 1470727778, 1470727778),
(13, NULL, 6, 15, 1, 1470727778, 1470727778),
(14, NULL, 7, 17, 1, 1470727778, 1470727778),
(15, NULL, 1, 1, 1, 1470740782, 1470740782),
(16, NULL, 2, 4, 1, 1470740782, 1470740782);

-- --------------------------------------------------------

--
-- Table structure for table `tbl_questions`
--

CREATE TABLE IF NOT EXISTS `tbl_questions` (
  `id` int(11) unsigned NOT NULL AUTO_INCREMENT,
  `questionnaire_id` int(11) DEFAULT NULL,
  `name` varchar(255) DEFAULT NULL,
  `question_text` text,
  `file_name` varchar(512) DEFAULT NULL,
  `order` tinyint(3) DEFAULT NULL,
  `user_id` int(11) DEFAULT NULL,
  `count` int(11) DEFAULT NULL,
  `status` tinyint(1) DEFAULT '1',
  `added` int(11) DEFAULT NULL,
  `modified` int(11) DEFAULT NULL,
  PRIMARY KEY (`id`),
  KEY `name` (`name`)
) ENGINE=MyISAM  DEFAULT CHARSET=utf8 AUTO_INCREMENT=45 ;

--
-- Dumping data for table `tbl_questions`
--

INSERT INTO `tbl_questions` (`id`, `questionnaire_id`, `name`, `question_text`, `file_name`, `order`, `user_id`, `count`, `status`, `added`, `modified`) VALUES
(1, 1, 'Gear to Explore', '<p>\n	Gear to Explore</p>\n', NULL, NULL, NULL, NULL, 1, NULL, NULL),
(2, 1, 'Exploring Gear', '<p>\n	Exploring Gear</p>\n', NULL, NULL, NULL, NULL, 1, NULL, NULL),
(14, 6, 'HID', '<p>\n	HID</p>\n', NULL, NULL, NULL, NULL, 1, NULL, NULL),
(15, 6, 'LED', '<p>\n	LED</p>\n', NULL, NULL, NULL, NULL, 1, NULL, NULL),
(3, 1, 'Your Exploring Gear', '<p>\n	Your Exploring Gear</p>\n', NULL, NULL, NULL, NULL, 1, NULL, NULL),
(13, 5, 'Single DIN', '<p>\n	Single DIN</p>\n', NULL, NULL, NULL, NULL, 1, NULL, NULL),
(4, 2, 'Crossover Pioneers in Indonesia is Back', '<p>\n	Crossover Pioneers in Indonesia is Back</p>\n', NULL, NULL, NULL, NULL, 1, NULL, NULL),
(5, 3, 'Auto Rain Censor, Paddle Shift, Cruise Control', '<p>\n	Auto Rain Censor, Paddle Shift, Cruise Control</p>\n', NULL, NULL, NULL, NULL, 1, NULL, NULL),
(6, 3, 'Automatic Transmission, Paddle Shift, HID Headlamp', '<p>\n	Automatic Transmission, Paddle Shift, HID Headlamp</p>\n', NULL, NULL, NULL, NULL, 1, NULL, NULL),
(12, 5, 'Double DIN', '<p>\n	Double DIN</p>\n', NULL, NULL, NULL, NULL, 1, NULL, NULL),
(7, 3, 'HID Headlamp, Auto Rain Censor, Cruise Control', '<p>\n	HID Headlamp, Auto Rain Censor, Cruise Control</p>\n', NULL, NULL, NULL, NULL, 1, NULL, NULL),
(8, 4, 'Auto Rain Censor', '<p>\n	Auto Rain Censor</p>\n', NULL, NULL, NULL, NULL, 1, NULL, NULL),
(9, 4, 'Paddle Shift', '<p>\n	Paddle Shift</p>\n', NULL, NULL, NULL, NULL, 1, NULL, NULL),
(10, 4, 'Cruise Control', '<p>\n	Cruise Control</p>\n', NULL, NULL, NULL, NULL, 1, NULL, NULL),
(11, 5, 'Touch Screen', '<p>\n	Touch Screen</p>\n', NULL, NULL, NULL, NULL, 1, NULL, NULL),
(16, 6, 'Projector', '<p>\n	Projector</p>\n', NULL, NULL, NULL, NULL, 1, NULL, NULL),
(17, 7, 'Total Environmental Control Technology', '<p>\n	Total Environmental Control Technology</p>\n', NULL, NULL, NULL, NULL, 1, NULL, NULL),
(18, 7, 'Tough Effective Consumption Technology', '<p>\n	Tough Effective Consumption Technology</p>\n', NULL, NULL, NULL, NULL, 1, NULL, NULL),
(19, 7, 'Total Effective Control Technology', '<p>\n	Total Effective Control Technology</p>\n', NULL, NULL, NULL, NULL, 1, NULL, NULL),
(20, 2, 'The 1st Crossover in Indonesia is Back', '<p>\n	The 1st Crossover in Indonesia is Back</p>\n', NULL, NULL, NULL, NULL, 1, NULL, NULL),
(21, 2, 'The 1st Car that introduce Crossover in Indonesia is Back', '<p>\n	The 1st Car that introduce Crossover in Indonesia is Back</p>\n', NULL, NULL, NULL, NULL, 1, NULL, NULL),
(26, 1, 'Gear to Explore Life', '<p>\n	Gear to Explore Life</p>\n', NULL, NULL, NULL, NULL, 1, NULL, NULL),
(27, 2, 'Indonesian Crossover Pioneers is Back', '<p>\n	Indonesian Crossover Pioneers is Back</p>\n', NULL, NULL, NULL, NULL, 1, NULL, NULL),
(28, 3, 'Keyless Entry, 6 Speed M/T, HID Headlamp', '<p>\n	Keyless Entry, 6 Speed M/T, HID Headlamp</p>\n', NULL, NULL, NULL, NULL, 1, NULL, NULL),
(29, 4, 'Automatic Transmission', '<p>\n	Automatic Transmission</p>\n', NULL, NULL, NULL, NULL, 1, NULL, NULL),
(30, 5, 'Holographic', '<p>\n	Holographic</p>\n', NULL, NULL, NULL, NULL, 1, NULL, NULL),
(31, 6, 'Laser', '<p>\n	Laser</p>\n', NULL, NULL, NULL, NULL, 1, NULL, NULL),
(32, 7, 'Tough Environmental Control Technology', '<p>\n	Tough Environmental Control Technology</p>\n', NULL, NULL, NULL, NULL, 1, NULL, NULL),
(33, 9, 'Dual SRS AIRBAG', '<p>\n	Dual SRS AIRBAG</p>\n', NULL, NULL, NULL, NULL, 1, NULL, NULL),
(34, 9, 'Paddle Shift', '<p>\n	Paddle Shift</p>\n', NULL, NULL, NULL, NULL, 1, NULL, NULL),
(35, 9, 'Helmet', '<p>\n	Helmet</p>\n', NULL, NULL, NULL, NULL, 1, NULL, NULL),
(36, 9, '15 Alloy Wheels', '<p>\n	15&rdquo; Alloy Wheels</p>\n', NULL, NULL, NULL, NULL, 1, NULL, NULL),
(37, 10, '5 Tingkat Percepatan', '<p>\n	5 Tingkat Percepatan</p>\n', NULL, NULL, NULL, NULL, 1, NULL, NULL),
(38, 10, '6 Tingkat Percepatan', '<p>\n	6 Tingkat Percepatan</p>\n', NULL, NULL, NULL, NULL, 1, NULL, NULL),
(39, 10, '7 Tingkat Percepatan', '<p>\n	7 Tingkat Percepatan</p>\n', NULL, NULL, NULL, NULL, 1, NULL, NULL),
(40, 10, '8 Tingkat Percepatan', '<p>\n	8 Tingkat Percepatan</p>\n', NULL, NULL, NULL, NULL, 1, NULL, NULL),
(41, 11, 'SX4', '<p>\n	SX4</p>\n', NULL, NULL, NULL, NULL, 1, NULL, NULL),
(42, 11, 'S-CROSS', '<p>\n	S-CROSS</p>\n', NULL, NULL, NULL, NULL, 1, NULL, NULL),
(43, 11, 'Gear', '<p>\n	Gear</p>\n', NULL, NULL, NULL, NULL, 1, NULL, NULL),
(44, 11, 'Memiliki', '<p>\n	Memiliki</p>\n', NULL, NULL, NULL, NULL, 1, NULL, NULL);

-- --------------------------------------------------------

--
-- Table structure for table `tbl_question_rules`
--

CREATE TABLE IF NOT EXISTS `tbl_question_rules` (
  `id` int(11) unsigned NOT NULL AUTO_INCREMENT,
  `question_id` int(11) DEFAULT NULL,
  `name` varchar(255) DEFAULT NULL,
  `text` text,
  `value` varchar(12) DEFAULT NULL,
  `file_name` varchar(512) DEFAULT NULL,
  `order` tinyint(3) DEFAULT NULL,
  `user_id` int(11) DEFAULT NULL,
  `count` int(11) DEFAULT NULL,
  `status` tinyint(1) DEFAULT '1',
  `added` int(11) DEFAULT NULL,
  `modified` int(11) DEFAULT NULL,
  PRIMARY KEY (`id`),
  KEY `name` (`name`)
) ENGINE=MyISAM DEFAULT CHARSET=utf8 AUTO_INCREMENT=1 ;

-- --------------------------------------------------------

--
-- Table structure for table `tbl_schedules`
--

CREATE TABLE IF NOT EXISTS `tbl_schedules` (
  `id` int(11) NOT NULL AUTO_INCREMENT,
  `conference_id` int(11) unsigned DEFAULT NULL,
  `date` char(32) DEFAULT NULL,
  `url` varchar(255) DEFAULT NULL,
  `subject` varchar(255) DEFAULT NULL,
  `description` text NOT NULL,
  `is_system` tinyint(1) NOT NULL DEFAULT '1',
  `status` enum('publish','unpublish','deleted') DEFAULT 'publish',
  `added` int(11) NOT NULL,
  `modified` int(11) NOT NULL,
  PRIMARY KEY (`id`),
  KEY `url` (`url`,`status`)
) ENGINE=MyISAM  DEFAULT CHARSET=utf8 AUTO_INCREMENT=14 ;

--
-- Dumping data for table `tbl_schedules`
--

INSERT INTO `tbl_schedules` (`id`, `conference_id`, `date`, `url`, `subject`, `description`, `is_system`, `status`, `added`, `modified`) VALUES
(12, NULL, NULL, 'human-resources', 'Human Resources', 'Lorem Ipsum Dolor Sit Amet', 1, 'publish', 1470111362, 0),
(13, NULL, NULL, 'creative', 'Creative', 'Lorem Ipsum Dolor Sit Amet', 1, 'publish', 1470111362, 0);

-- --------------------------------------------------------

--
-- Table structure for table `tbl_settings`
--

CREATE TABLE IF NOT EXISTS `tbl_settings` (
  `id` int(11) unsigned NOT NULL AUTO_INCREMENT,
  `parameter` varchar(255) DEFAULT NULL,
  `alias` varchar(255) DEFAULT NULL,
  `group` varchar(64) DEFAULT NULL,
  `key` varchar(64) DEFAULT NULL,
  `value` varchar(1024) DEFAULT NULL,
  `is_system` tinyint(1) DEFAULT '1',
  `input_type` enum('input','textarea','radio','dropdown','timezones') DEFAULT NULL,
  `input_size` enum('large','medium','small') DEFAULT NULL,
  `show_editor` enum('0','1') DEFAULT NULL,
  `is_numeric` enum('0','1') DEFAULT NULL,
  `help_text` varchar(512) DEFAULT NULL,
  `status` tinyint(1) DEFAULT '1',
  `added` int(11) DEFAULT NULL,
  `modified` int(11) DEFAULT NULL,
  PRIMARY KEY (`id`),
  KEY `name` (`parameter`,`status`)
) ENGINE=MyISAM  DEFAULT CHARSET=utf8 AUTO_INCREMENT=28 ;

--
-- Dumping data for table `tbl_settings`
--

INSERT INTO `tbl_settings` (`id`, `parameter`, `alias`, `group`, `key`, `value`, `is_system`, `input_type`, `input_size`, `show_editor`, `is_numeric`, `help_text`, `status`, `added`, `modified`) VALUES
(1, 'email_marketing', 'Email Marketing', '', '', 'marketing@', 1, NULL, NULL, NULL, NULL, NULL, 1, 1334835773, NULL),
(2, 'email_administrator', 'Email Administrator', '', '', 'administrator@', 1, NULL, NULL, NULL, NULL, NULL, 1, 1334835773, 1336122482),
(3, 'email_hrd', 'Email HRD', '', '', 'hrd@', 1, NULL, NULL, NULL, NULL, NULL, 1, 1334835773, NULL),
(4, 'email_info', 'Email Info', '', '', 'info@', 1, NULL, NULL, NULL, NULL, NULL, 1, 1334835773, NULL),
(5, 'email_template', 'Email Template', '', '', '&dash;', 1, NULL, NULL, NULL, NULL, NULL, 1, 1334835773, NULL),
(6, 'maintenance_template', 'Maintenance Mode Template', '', '', '<h2>The site is off for <span><h1>MAINTENANCE</h1></span></h2>', 1, NULL, NULL, NULL, NULL, NULL, 1, 1334835773, NULL),
(7, 'contactus_address', 'Contact Address', '', '', '&dash;', 1, NULL, NULL, NULL, NULL, NULL, 1, 1334835773, NULL),
(8, 'contactus_gmap', 'GMaps Location', '', '', 'http://maps.google.com/maps?q=-6.217668,106.812992&num=1&t=m&z=18', 1, NULL, NULL, NULL, NULL, NULL, 1, 1334835773, NULL),
(9, 'no_phone', 'Number Phone', '', '', '(021) 522.3715', 1, NULL, NULL, NULL, NULL, NULL, 1, 1334835773, NULL),
(10, 'no_fax', 'Number Fax', '', '', '(021) 522.3718', 1, NULL, NULL, NULL, NULL, NULL, 1, 1334835773, NULL),
(11, 'title_default', 'Website Title Default', '', '', 'Way of life!', 1, NULL, NULL, NULL, NULL, 'Default Website Title', 1, NULL, 1470656604),
(12, 'title_name', 'Company Title Name', '', '', 'Suzuki', 1, NULL, NULL, NULL, NULL, 'Title of the website', 1, NULL, 1470656591),
(13, 'site_logo', 'Site Logo', '', '', 'logo.png', 1, NULL, NULL, NULL, NULL, NULL, 1, NULL, 1336118568),
(14, 'language', 'Default Site Language', '', '', 'en', 1, NULL, NULL, NULL, NULL, NULL, 1, NULL, 1336118568),
(15, 'counter', 'Site Counter', '', '', '123', 1, NULL, NULL, NULL, NULL, NULL, 1, NULL, 1336118568),
(16, 'copyright', 'Copyright', '', '', ' 2012 COMPANY NAME COPYRIGHT. All Rights Reserved.', 1, NULL, NULL, NULL, NULL, NULL, 1, NULL, 1336118568),
(17, 'site_name', 'Site Name', '', '', ' Default <br/> PT. Default (Web Agency in Jakarta).', 1, NULL, NULL, NULL, NULL, NULL, 1, NULL, 1336118568),
(18, 'site_quote', 'Quote', '', '', 'We provide solution for your Websites', 1, NULL, NULL, NULL, NULL, NULL, 1, NULL, 1336118568),
(19, 'site_description', 'Website Description', '', '', 'We provide solution for your Company Website ', 1, NULL, NULL, NULL, NULL, NULL, 1, NULL, 1336118568),
(20, 'socmed_facebook', 'Facebook', '', '', 'http://facebook.com', 1, NULL, NULL, NULL, NULL, NULL, 1, NULL, 1336118568),
(21, 'socmed_twitter', 'Twitter', '', '', 'http://twitter.com', 1, NULL, NULL, NULL, NULL, NULL, 1, NULL, 1336118568),
(22, 'socmed_gplus', 'Google Plus', '', '', 'http://plus.google.com', 1, NULL, NULL, NULL, NULL, NULL, 1, NULL, 1336118568),
(23, 'socmed_linkedin', 'LinkedIn', '', '', 'http://linkedin.com', 1, NULL, NULL, NULL, NULL, NULL, 1, NULL, 1336118568),
(24, 'socmed_pinterest', 'Pinterest', '', '', 'http://pinterest.com', 1, NULL, NULL, NULL, NULL, NULL, 1, NULL, 1336118568),
(25, 'registered_mark', 'Registered', '', '', 'We provide solution for your Websites', 1, NULL, NULL, NULL, NULL, NULL, 1, NULL, 1336118568),
(26, 'google_analytics', 'Analytics', '', '', 'Code Snippet', 1, NULL, NULL, NULL, NULL, NULL, 1, NULL, 1336118568),
(27, 'ext_link', 'Ext Link', '', '', 'http://www.apb-career.net', 1, NULL, NULL, NULL, NULL, NULL, 1, NULL, 1336118568);

-- --------------------------------------------------------

--
-- Table structure for table `tbl_users`
--

CREATE TABLE IF NOT EXISTS `tbl_users` (
  `id` int(11) unsigned NOT NULL AUTO_INCREMENT,
  `email` varchar(255) NOT NULL,
  `password` varchar(100) NOT NULL,
  `username` varchar(160) NOT NULL,
  `group_id` int(11) unsigned NOT NULL,
  `is_system` tinyint(3) NOT NULL DEFAULT '0',
  `last_login` int(11) unsigned NOT NULL,
  `logged_in` int(1) unsigned NOT NULL,
  `session_id` varchar(40) NOT NULL,
  `verify` varchar(8) DEFAULT NULL,
  `status` int(1) unsigned NOT NULL,
  `added` int(11) unsigned NOT NULL,
  `modified` int(11) unsigned NOT NULL,
  PRIMARY KEY (`id`),
  KEY `email` (`email`,`group_id`)
) ENGINE=MyISAM  DEFAULT CHARSET=utf8 AUTO_INCREMENT=9 ;

--
-- Dumping data for table `tbl_users`
--

INSERT INTO `tbl_users` (`id`, `email`, `password`, `username`, `group_id`, `is_system`, `last_login`, `logged_in`, `session_id`, `verify`, `status`, `added`, `modified`) VALUES
(1, 'admin@admin.com', 'a03c997e5e5643a11d77287d82856b9f83bd8fe4', 'admin', 1, 1, 1470712007, 1, 'c3bbade8f960836ef63bd68513e3ae06', 'Q12C', 1, 1470111360, 0),
(2, 'administrator', '12506e739378348ec662bb015bfd2288362dcc1c', 'Administrator', 2, 1, 0, 1470111360, '', 'Q12C', 1, 1470111360, 0),
(3, 'user@testing.com', '12506e739378348ec662bb015bfd2288362dcc1c', 'User', 99, 0, 0, 1470111360, '', 'Q12C', 1, 1470111360, 0),
(4, 'employee@employee.com', '12506e739378348ec662bb015bfd2288362dcc1c', 'Employee Staff', 100, 0, 0, 1470111360, '', 'Q12C', 1, 1470111360, 0),
(5, 'admin@admin.com', 'a03c997e5e5643a11d77287d82856b9f83bd8fe4', 'admin', 1, 1, 0, 1470111361, '', 'Q12C', 1, 1470111361, 0),
(6, 'administrator', '12506e739378348ec662bb015bfd2288362dcc1c', 'Administrator', 2, 1, 0, 1470111361, '', 'Q12C', 1, 1470111361, 0),
(7, 'user@testing.com', '12506e739378348ec662bb015bfd2288362dcc1c', 'User', 99, 0, 0, 1470111361, '', 'Q12C', 1, 1470111361, 0),
(8, 'employee@employee.com', '12506e739378348ec662bb015bfd2288362dcc1c', 'Employee Staff', 100, 0, 0, 1470111361, '', 'Q12C', 1, 1470111361, 0);

-- --------------------------------------------------------

--
-- Table structure for table `tbl_user_groups`
--

CREATE TABLE IF NOT EXISTS `tbl_user_groups` (
  `id` int(11) unsigned NOT NULL AUTO_INCREMENT,
  `name` varchar(32) NOT NULL,
  `backend_access` tinyint(1) DEFAULT NULL,
  `full_backend_access` tinyint(1) DEFAULT NULL,
  `status` tinyint(1) NOT NULL,
  `is_system` tinyint(1) NOT NULL DEFAULT '0',
  `added` int(11) unsigned NOT NULL,
  `modified` int(11) unsigned NOT NULL,
  PRIMARY KEY (`id`),
  KEY `name` (`name`)
) ENGINE=MyISAM  DEFAULT CHARSET=utf8 AUTO_INCREMENT=101 ;

--
-- Dumping data for table `tbl_user_groups`
--

INSERT INTO `tbl_user_groups` (`id`, `name`, `backend_access`, `full_backend_access`, `status`, `is_system`, `added`, `modified`) VALUES
(1, 'Super Administrator', 1, 1, 1, 1, 1470111360, 0),
(2, 'Administrator', 1, 0, 1, 1, 1470111360, 0),
(99, 'User', 0, 0, 1, 1, 1470111360, 0),
(100, 'Employee', 0, 0, 1, 1, 1470111360, 0);

-- --------------------------------------------------------

--
-- Table structure for table `tbl_user_histories`
--

CREATE TABLE IF NOT EXISTS `tbl_user_histories` (
  `id` int(11) unsigned NOT NULL AUTO_INCREMENT,
  `module` varchar(24) NOT NULL,
  `user_id` int(11) unsigned NOT NULL,
  `controller` varchar(160) NOT NULL,
  `action` char(20) DEFAULT NULL,
  `time` int(11) unsigned NOT NULL,
  PRIMARY KEY (`id`),
  KEY `id` (`id`,`module`,`user_id`)
) ENGINE=MyISAM  DEFAULT CHARSET=utf8 AUTO_INCREMENT=3 ;

--
-- Dumping data for table `tbl_user_histories`
--

INSERT INTO `tbl_user_histories` (`id`, `module`, `user_id`, `controller`, `action`, `time`) VALUES
(1, 'user', 1, 'history', 'index', 1470111361),
(2, 'user', 1, 'history', 'index', 1470111361);

-- --------------------------------------------------------

--
-- Table structure for table `tbl_user_profiles`
--

CREATE TABLE IF NOT EXISTS `tbl_user_profiles` (
  `user_id` int(11) unsigned NOT NULL,
  `gender` enum('male','female') NOT NULL DEFAULT 'male',
  `about` text,
  `first_name` varchar(64) DEFAULT NULL,
  `last_name` varchar(64) DEFAULT NULL,
  `division` varchar(64) DEFAULT NULL,
  `country` varchar(64) DEFAULT NULL,
  `state` varchar(64) DEFAULT NULL,
  `city` varchar(128) DEFAULT NULL,
  `address` text,
  `postal_code` varchar(8) DEFAULT NULL,
  `birthday` date DEFAULT NULL,
  `phone` varchar(16) DEFAULT NULL,
  `mobile_phone` varchar(16) DEFAULT NULL,
  `fax` varchar(16) DEFAULT NULL,
  `website` varchar(255) DEFAULT NULL,
  `file_type` varchar(64) DEFAULT NULL,
  `file_name` varchar(48) DEFAULT NULL,
  `status` int(1) unsigned NOT NULL,
  `added` int(11) unsigned NOT NULL,
  `modified` int(11) unsigned NOT NULL,
  KEY `user_id` (`user_id`,`phone`)
) ENGINE=MyISAM DEFAULT CHARSET=utf8;

--
-- Dumping data for table `tbl_user_profiles`
--

INSERT INTO `tbl_user_profiles` (`user_id`, `gender`, `about`, `first_name`, `last_name`, `division`, `country`, `state`, `city`, `address`, `postal_code`, `birthday`, `phone`, `mobile_phone`, `fax`, `website`, `file_type`, `file_name`, `status`, `added`, `modified`) VALUES
(1, 'male', 'Superadmin of this Website', '', '', 'Web Programmer', 'DKI Jakarta', 'Jakarta', 'Jl. Gading Putih 1 F2 No. 4', '14240', '', '2010-09-06', '1234', '', '0', '-', 'image/jpeg', '78d57b4b5a0c6048b75bb0c9d91a8392.jpg', 1, 1283760138, 1283831030),
(2, 'male', 'Administrator of this Website', '', '', 'Web Designer', 'DKI Jakarta', 'Jakarta', 'Jl. Gading Putih 1 F2 No. 4', '14240', '', '2010-09-06', '1234', '', '0', '-', 'image/jpeg', '78d57b4b5a0c6048b75bb0c9d91a8392.jpg', 1, 1283760138, 1283831030),
(3, 'male', 'User of this Website', '', '', 'Jakarta', '', '', 'Jl. Pulomas Barat 1 No. 31', '', '', '0000-00-00', '1234', '', '', '', 'image/jpeg', 'a8a484572c007e1e17648ae2c7ad629c.jpg', 1, 1285152397, 0),
(4, 'male', '', '', 'Jakarta', '', '', '', 'Jl. Pulomas Barat 1 No. 31', '', '', '0000-00-00', '081807244697', '', '', '', 'image/jpeg', 'eb068fc7204f01f8cd25375b42fc6953.jpg', 1, 1285152397, 1326110970),
(5, 'male', '', '', 'mimipopo', '', '', '', 'Jl. Pulomas Barat 1 No. 31', '', '', '0000-00-00', '081807244697', '', '', '', 'image/jpeg', 'eb068fc7204f01f8cd25375b42fc6953.jpg', 1, 1285152397, 1326110970),
(111, 'male', '', 'Web Developer', '', '', '', '', '', '', '', '0000-00-00', '', '', '', '', '', '', 1, 1333442128, 1333442192),
(110, 'male', '', 'Web Developer', '', '', '', '', '', '', '', '0000-00-00', '', '', '', '', '', '', 1, 1333441986, 1333442058),
(1, 'male', 'Top Administrator of this website and portal', 'Administrator', 'Website', 'Web Programmer', 'DKI Jakarta', 'Jakarta', 'Jl. Gading Putih 1 F2 No. 4', '14240', '', '2010-09-06', '1234', '081807244697', '0', 'http://google.com', 'image/jpeg', '03.jpg', 1, 1283760138, 1428349886),
(2, 'male', 'Administrator of this Website', '', '', 'Web Designer', 'DKI Jakarta', 'Jakarta', 'Jl. Gading Putih 1 F2 No. 4', '14240', '', '2010-09-06', '1234', '081807244697', '0', '', 'image/jpeg', '78d57b4b5a0c6048b75bb0c9d91a8392.jpg', 1, 1283760138, 1424687676),
(3, 'male', 'User of this Website', '', '', 'Jakarta', '', '', 'Jl. Pulomas Barat 1 No. 31', '', '', '0000-00-00', '1234', '', '', '', 'image/jpeg', 'a8a484572c007e1e17648ae2c7ad629c.jpg', 2, 1285152397, 1449223462),
(28, 'male', 'Test', 'Public', 'Viewers', 'Web Programmer', NULL, NULL, NULL, NULL, NULL, '0000-00-00', '909090090', '909090090', NULL, NULL, NULL, NULL, 1, 1424854403, 1424689343),
(29, 'male', 'Web Programmer not a full stack', 'Defrian', 'Yarfi', 'Web Programmer', NULL, NULL, NULL, NULL, NULL, '0000-00-00', '081807244697', '081807244697', NULL, NULL, NULL, NULL, 1, 1417065898, 0),
(111, 'male', '', 'Web Developer', '', '', '', '', '', '', '', '0000-00-00', '', '', '', '', '', '', 1, 1333442128, 1333442192),
(110, 'male', '', 'Web Developer', '', '', '', '', '', '', '', '0000-00-00', '', '', '', '', '', '', 1, 1333441986, 1333442058),
(31, 'male', 'Test', 'Defrian', 'Yarfi', 'Web Programmer', NULL, NULL, NULL, NULL, NULL, '2012-02-25', '081807244697', '909090090', NULL, NULL, NULL, NULL, 1, 1424854664, 0),
(32, 'male', NULL, 'Test', NULL, NULL, NULL, NULL, NULL, NULL, NULL, NULL, NULL, NULL, NULL, NULL, NULL, '5cae9-_7___felix_boyeaux_studios_by_fixxxxx.png', 1, 1425380399, 0),
(34, 'male', NULL, 'Masdasda', NULL, NULL, NULL, NULL, NULL, NULL, NULL, NULL, NULL, NULL, NULL, NULL, NULL, NULL, 1, 1455016671, 0);

/*!40101 SET CHARACTER_SET_CLIENT=@OLD_CHARACTER_SET_CLIENT */;
/*!40101 SET CHARACTER_SET_RESULTS=@OLD_CHARACTER_SET_RESULTS */;
/*!40101 SET COLLATION_CONNECTION=@OLD_COLLATION_CONNECTION */;
