-- phpMyAdmin SQL Dump
-- version 3.5.8.1
-- http://www.phpmyadmin.net
--
-- Host: localhost
-- Generation Time: Feb 24, 2016 at 05:30 PM
-- Server version: 5.5.40
-- PHP Version: 5.4.38

SET SQL_MODE="NO_AUTO_VALUE_ON_ZERO";
SET time_zone = "+00:00";


/*!40101 SET @OLD_CHARACTER_SET_CLIENT=@@CHARACTER_SET_CLIENT */;
/*!40101 SET @OLD_CHARACTER_SET_RESULTS=@@CHARACTER_SET_RESULTS */;
/*!40101 SET @OLD_COLLATION_CONNECTION=@@COLLATION_CONNECTION */;
/*!40101 SET NAMES utf8 */;

--
-- Database: `dentsu_digital`
--

-- --------------------------------------------------------

--
-- Table structure for table `tbl_applicants`
--

CREATE TABLE IF NOT EXISTS `tbl_applicants` (
  `id` int(11) NOT NULL AUTO_INCREMENT,
  `career_id` int(11) NOT NULL,
  `user_id` int(11) DEFAULT NULL,
  `name` varchar(128) NOT NULL,
  `email` varchar(64) NOT NULL,
  `gender` tinyint(1) NOT NULL,
  `marital_status` tinyint(1) NOT NULL,
  `id_number` varchar(128) NOT NULL,
  `phone` varchar(18) NOT NULL,
  `address` varchar(512) NOT NULL,
  `birth_date` int(11) NOT NULL,
  `birth_place` char(32) NOT NULL,
  `education_grade` varchar(128) NOT NULL,
  `education_name` varchar(128) NOT NULL,
  `education_major` varchar(128) NOT NULL,
  `education_from` varchar(11) NOT NULL,
  `education_to` varchar(11) NOT NULL,
  `employment_name` varchar(11) NOT NULL,
  `employment_position` varchar(11) NOT NULL,
  `employment_from` varchar(11) NOT NULL,
  `employment_to` varchar(11) NOT NULL,
  `photo` varchar(256) NOT NULL,
  `cv_file` varchar(256) NOT NULL,
  `is_located` tinyint(1) NOT NULL,
  `is_related` tinyint(1) NOT NULL,
  `messages` text,
  `available_date` int(11) NOT NULL,
  `expected_salary` int(11) NOT NULL,
  `status` tinyint(1) DEFAULT '1',
  `added` int(11) NOT NULL,
  `modified` int(11) NOT NULL,
  PRIMARY KEY (`id`)
) ENGINE=MyISAM  DEFAULT CHARSET=utf8 AUTO_INCREMENT=3 ;

--
-- Dumping data for table `tbl_applicants`
--

INSERT INTO `tbl_applicants` (`id`, `career_id`, `user_id`, `name`, `email`, `gender`, `marital_status`, `id_number`, `phone`, `address`, `birth_date`, `birth_place`, `education_grade`, `education_name`, `education_major`, `education_from`, `education_to`, `employment_name`, `employment_position`, `employment_from`, `employment_to`, `photo`, `cv_file`, `is_located`, `is_related`, `messages`, `available_date`, `expected_salary`, `status`, `added`, `modified`) VALUES
(1, 1, 33, 'asdfsadfasd', 'asdfsadfasdf', 1, 1, 'asdasdad', 'asdasd', '', 0, '', '', '', '', '', '', '', '', '', '', '', '', 0, 0, NULL, 0, 0, 1, 0, 1445094610),
(2, 1, 34, 'Masdasda', 'dyarfi20@gmail.com', 1, 1, 'sadasd', '', '', 0, '', '', '', '', '', '', '', '', '', '', '', '', 0, 0, NULL, 0, 0, 1, 0, 1455016671);

-- --------------------------------------------------------

--
-- Table structure for table `tbl_captcha`
--

CREATE TABLE IF NOT EXISTS `tbl_captcha` (
  `id` int(11) unsigned NOT NULL AUTO_INCREMENT,
  `time` int(11) DEFAULT NULL,
  `ip_address` varchar(16) DEFAULT NULL,
  `word` varchar(10) DEFAULT NULL,
  PRIMARY KEY (`id`)
) ENGINE=MyISAM  DEFAULT CHARSET=utf8 AUTO_INCREMENT=1062 ;

--
-- Dumping data for table `tbl_captcha`
--

INSERT INTO `tbl_captcha` (`id`, `time`, `ip_address`, `word`) VALUES
(1061, 1456140395, '::1', 'oNvrR'),
(1060, 1456140385, '::1', 'RGumN'),
(1059, 1456140376, '::1', 'SEweX'),
(1058, 1456140343, '::1', 'pmwgP');

-- --------------------------------------------------------

--
-- Table structure for table `tbl_careers`
--

CREATE TABLE IF NOT EXISTS `tbl_careers` (
  `id` int(11) unsigned NOT NULL AUTO_INCREMENT,
  `division_id` int(11) unsigned DEFAULT NULL,
  `name` varchar(255) DEFAULT NULL,
  `subject` varchar(255) DEFAULT NULL,
  `sent_to` varchar(32) DEFAULT NULL,
  `ref_no` varchar(12) DEFAULT NULL,
  `start_date` date DEFAULT '0000-00-00',
  `end_date` date DEFAULT '0000-00-00',
  `report_to` tinytext,
  `job_purpose` text,
  `responsibilities` text,
  `requirements` text,
  `location` varchar(128) DEFAULT NULL,
  `company` varchar(128) DEFAULT NULL,
  `ext_link1` varchar(324) DEFAULT NULL,
  `ext_link2` varchar(324) DEFAULT NULL,
  `allow_comment` tinyint(1) NOT NULL,
  `user_id` tinyint(3) DEFAULT NULL,
  `count` int(11) DEFAULT NULL,
  `status` tinyint(1) DEFAULT '1',
  `added` int(11) unsigned DEFAULT NULL,
  `modified` int(11) unsigned DEFAULT NULL,
  PRIMARY KEY (`id`),
  KEY `name` (`name`,`ref_no`,`status`)
) ENGINE=MyISAM  DEFAULT CHARSET=utf8 AUTO_INCREMENT=3 ;

--
-- Dumping data for table `tbl_careers`
--

INSERT INTO `tbl_careers` (`id`, `division_id`, `name`, `subject`, `sent_to`, `ref_no`, `start_date`, `end_date`, `report_to`, `job_purpose`, `responsibilities`, `requirements`, `location`, `company`, `ext_link1`, `ext_link2`, `allow_comment`, `user_id`, `count`, `status`, `added`, `modified`) VALUES
(1, 17, 'web-developer', 'Web Developer', 'hrd@company.com', NULL, '2016-01-10', '2016-03-31', 'Project Manager', NULL, NULL, NULL, 'Main Office', NULL, NULL, NULL, 1, NULL, NULL, 1, NULL, NULL),
(2, 12, 'backend-developer', 'Backend Developer', 'hrd@company.com', '012399', '2016-01-10', '2016-03-31', 'Project Manager', '<p>\n	Backend Developer responsible to code programmable scripts to make a application worked</p>\n', '<p>\n	Report for the jobs that assigned and report to project manager</p>\n', '<ul>\n	<li>\n		PHP</li>\n	<li>\n		MYSQL</li>\n	<li>\n		HTML &amp; CSS</li>\n	<li>\n		Javascript or Jquery</li>\n</ul>\n', 'Main Office', 'Company Name', NULL, NULL, 0, NULL, NULL, 1, NULL, NULL);

-- --------------------------------------------------------

--
-- Table structure for table `tbl_ci_sessions`
--

CREATE TABLE IF NOT EXISTS `tbl_ci_sessions` (
  `session_id` varchar(40) NOT NULL DEFAULT '0',
  `ip_address` varchar(45) NOT NULL DEFAULT '0',
  `user_agent` varchar(120) NOT NULL,
  `last_activity` int(10) unsigned NOT NULL DEFAULT '0',
  `user_data` text NOT NULL,
  PRIMARY KEY (`session_id`),
  KEY `last_activity_idx` (`last_activity`)
) ENGINE=InnoDB DEFAULT CHARSET=utf8;

--
-- Dumping data for table `tbl_ci_sessions`
--

INSERT INTO `tbl_ci_sessions` (`session_id`, `ip_address`, `user_agent`, `last_activity`, `user_data`) VALUES
('1119cc0b20b3212047b90247a71f5f7e', '::1', 'Mozilla/5.0 (Macintosh; Intel Mac OS X 10.7; rv:43.0) Gecko/20100101 Firefox/43.0', 1455264931, 'a:6:{s:9:"user_data";s:0:"";s:11:"module_list";s:1066:"{"Admin":{"dashboard{{slash}}/index":"Dashboard Panel","user{{slash}}/index":"Users","usergroup{{slash}}/index":"User Groups","language{{slash}}/index":"Languages","setting{{slash}}/index":"Settings","serverlog{{slash}}/index":"Server Logs"},"Module":{"modulelist{{slash}}/index":"Module Lists"},"Career":{"career{{slash}}/index":"Careers","division{{slash}}/index":"Divisions","applicant{{slash}}/index":"Applicants","employee{{slash}}/index":"Employees"},"Color":{"color{{slash}}/index":"Color Data","colorcontent{{slash}}/index":"Color Content","colorpersonal{{slash}}/index":"Color Personal","colorscanner{{slash}}/index":"Color Scanner"},"Page":{"page{{slash}}/index":"Pages","pagemenu{{slash}}/index":"Page Menus"},"Participant":{"participant{{slash}}/index":"Participant","attachment{{slash}}/index":"Attachment"},"Qrcode":{"qrcode{{slash}}/index":"QR Codes","qrcodescanner{{slash}}/index":"QR Code Scanner"},"Questionnaire":{"questionnaire{{slash}}/index":"Questionnaires","question{{slash}}/index":"Questions","questionrule{{slash}}/index":"Question Rule"}}";s:20:"module_function_list";s:8940:"{"Admin":{"dashboard{{slash}}/index":"Dashboard Panel","user{{slash}}/index":"Users","usergroup{{slash}}/index":"User Groups","language{{slash}}/index":"Languages","setting{{slash}}/index":"Settings","serverlog{{slash}}/index":"Server Logs","dashboard{{slash}}/add":"Add New Dashboard","dashboard{{slash}}/view":"View Dashboard","dashboard{{slash}}/edit":"Edit Dashboard","dashboard{{slash}}/delete":"Delete Dashboard","dashboard{{slash}}/change":"Change Dashboard Status","user{{slash}}/add":"Add User","user{{slash}}/view":"View User","user{{slash}}/edit":"Edit User","user{{slash}}/delete":"Delete User","user{{slash}}/change":"Change User Status","user{{slash}}/image":"Change User Image","user{{slash}}/upload":"Upload User Image","usergroup{{slash}}/add":"Add User Group","usergroup{{slash}}/view":"View User Group","usergroup{{slash}}/edit":"Edit User Group","usergroup{{slash}}/delete":"Delete User Group","usergroup{{slash}}/change":"Change User Group Status","language{{slash}}/add":"Add Language","language{{slash}}/view":"View Language","language{{slash}}/edit":"Edit Language","language{{slash}}/delete":"Delete Language","language{{slash}}/change":"Change Language Status","setting{{slash}}/add":"Add Setting","setting{{slash}}/view":"View Setting","setting{{slash}}/edit":"Edit Setting","setting{{slash}}/delete":"Delete Setting","setting{{slash}}/change":"Change Setting Status","serverlog{{slash}}/view":"View Server Log","serverlog{{slash}}/edit":"Edit Server Log","serverlog{{slash}}/delete":"Delete Server Log","serverlog{{slash}}/trash":"Trash Server Log"},"Module":{"modulelist{{slash}}/edit":"Edit Module","modulelist{{slash}}/trash":"Delete User Permission"},"Career":{"career{{slash}}/index":"Careers","division{{slash}}/index":"Divisions","applicant{{slash}}/index":"Applicants","employee{{slash}}/index":"Employees","career{{slash}}/index{{slash}}/add":"Add Career","career{{slash}}/index{{slash}}/view":"View Career","career{{slash}}/index{{slash}}/edit":"Edit Career","career{{slash}}/index{{slash}}/delete":"Delete Career","career{{slash}}/index{{slash}}/change":"Change Career Status","career{{slash}}/index{{slash}}/export":"Export Career","career{{slash}}/index{{slash}}/print":"Print Career","division{{slash}}/index{{slash}}/add":"Add Division","division{{slash}}/index{{slash}}/view":"View Division","division{{slash}}/index{{slash}}/edit":"Edit Division","division{{slash}}/index{{slash}}/delete":"Delete Division","division{{slash}}/index{{slash}}/change":"Change Division Status","division{{slash}}/index{{slash}}/export":"Export Division","division{{slash}}/index{{slash}}/print":"Print Division","applicant{{slash}}/index{{slash}}/add":"Add Applicant","applicant{{slash}}/index{{slash}}/view":"View Applicant","applicant{{slash}}/index{{slash}}/edit":"Edit Applicant","applicant{{slash}}/index{{slash}}/delete":"Delete Applicant","applicant{{slash}}/index{{slash}}/change":"Change Applicant","applicant{{slash}}/index{{slash}}/export":"Export Applicant","applicant{{slash}}/index{{slash}}/print":"Print Applicant","employee{{slash}}/index{{slash}}/add":"Add Employee","employee{{slash}}/index{{slash}}/view":"View Employee","employee{{slash}}/index{{slash}}/edit":"Edit Employee","employee{{slash}}/index{{slash}}/delete":"Delete Employee","employee{{slash}}/set":"Set to Employee","employee{{slash}}/index{{slash}}/change":"Change Employee","employee{{slash}}/index{{slash}}/export":"Export Employee","employee{{slash}}/index{{slash}}/print":"Print Employee"},"Color":{"color{{slash}}/index":"Color Data","colorcontent{{slash}}/index":"Color Content","colorpersonal{{slash}}/index":"Color Personal","colorscanner{{slash}}/index":"Color Scanner","color{{slash}}/index{{slash}}/add":"Add Color Recognizer","color{{slash}}/index{{slash}}/view":"View Color Recognizer","color{{slash}}/index{{slash}}/edit":"Edit Color Recognizer","color{{slash}}/index{{slash}}/delete":"Delete Color Recognizer","color{{slash}}/index{{slash}}/change":"Change Color Recognizer Status","color{{slash}}/index{{slash}}/export":"Export Color Recognizer","color{{slash}}/index{{slash}}/print":"Print Color Recognizer","colorcontent{{slash}}/index{{slash}}/add":"Add Color Content","colorcontent{{slash}}/index{{slash}}/view":"View Color Content","colorcontent{{slash}}/index{{slash}}/edit":"Edit Color Content","colorcontent{{slash}}/index{{slash}}/delete":"Delete Color Content","colorcontent{{slash}}/index{{slash}}/change":"Change Color Content Status","colorcontent{{slash}}/index{{slash}}/export":"Export Color Content","colorcontent{{slash}}/index{{slash}}/print":"Print Color Content","colorpersonal{{slash}}/index{{slash}}/add":"Add Color Personal","colorpersonal{{slash}}/index{{slash}}/view":"View Color Personal","colorpersonal{{slash}}/index{{slash}}/edit":"Edit Color Personal","colorpersonal{{slash}}/index{{slash}}/delete":"Delete Color Personal","colorpersonal{{slash}}/index{{slash}}/change":"Change Color Personal Status","colorpersonal{{slash}}/index{{slash}}/export":"Export Color Personal","colorpersonal{{slash}}/index{{slash}}/print":"Print Color Personal"},"Page":{"page{{slash}}/index":"Pages","pagemenu{{slash}}/index":"Page Menus","page{{slash}}/index{{slash}}/add":"Add Page","page{{slash}}/index{{slash}}/view":"View Page","page{{slash}}/index{{slash}}/edit":"Edit Page","page{{slash}}/index{{slash}}/delete":"Delete Page","page{{slash}}/index{{slash}}/change":"Change Page Status","page{{slash}}/index{{slash}}/export":"Export Page","page{{slash}}/index{{slash}}/print":"Print Page","pagemenu{{slash}}/index{{slash}}/add":"Add Page Menu","pagemenu{{slash}}/index{{slash}}/view":"View Page Menu","pagemenu{{slash}}/index{{slash}}/edit":"Edit Page Menu","pagemenu{{slash}}/index{{slash}}/delete":"Delete Page Menu","pagemenu{{slash}}/index{{slash}}/change":"Change Page Menu Status","pagemenu{{slash}}/index{{slash}}/export":"Export Page Menu","pagemenu{{slash}}/index{{slash}}/print":"Print Page Menu"},"Participant":{"participant{{slash}}/index":"Participant","attachment{{slash}}/index":"Attachment","participant{{slash}}/index{{slash}}/add":"Add Participant","participant{{slash}}/index{{slash}}/view":"View Participant","participant{{slash}}/index{{slash}}/edit":"Edit Participant","participant{{slash}}/index{{slash}}/delete":"Delete Participant","participant{{slash}}/index{{slash}}/change":"Change Participant Status","participant{{slash}}/index{{slash}}/export":"Export Participant","participant{{slash}}/index{{slash}}/print":"Print Participant","attachment{{slash}}/index{{slash}}/add":"Add Attachment","attachment{{slash}}/index{{slash}}/view":"View Attachment","attachment{{slash}}/index{{slash}}/edit":"Edit Attachment","attachment{{slash}}/index{{slash}}/delete":"Delete Attachment","attachment{{slash}}/index{{slash}}/change":"Change Attachment Status","attachment{{slash}}/index{{slash}}/export":"Export Attachment","attachment{{slash}}/index{{slash}}/print":"Print Attachment"},"Qrcode":{"qrcode{{slash}}/index":"QR Codes","qrcodescanner{{slash}}/index":"QR Code Scanner","qrcode{{slash}}/index{{slash}}/add":"Add QR Code","qrcode{{slash}}/index{{slash}}/view":"View QR Code","qrcode{{slash}}/index{{slash}}/edit":"Edit QR Code","qrcode{{slash}}/index{{slash}}/delete":"Delete QR Code","qrcode{{slash}}/index{{slash}}/change":"Change QR Code Status","qrcode{{slash}}/index{{slash}}/export":"Export QR Code","qrcode{{slash}}/index{{slash}}/print":"Print QR Code"},"Questionnaire":{"questionnaire{{slash}}/index":"Questionnaires","question{{slash}}/index":"Questions","questionrule{{slash}}/index":"Question Rule","questionnaire{{slash}}/index{{slash}}/add":"Add Questionnaire","questionnaire{{slash}}/index{{slash}}/view":"View Questionnaire","questionnaire{{slash}}/index{{slash}}/edit":"Edit Questionnaire","questionnaire{{slash}}/index{{slash}}/delete":"Delete Questionnaire","questionnaire{{slash}}/index{{slash}}/change":"Change Questionnaire Status","questionnaire{{slash}}/index{{slash}}/export":"Export Questionnaire","questionnaire{{slash}}/index{{slash}}/print":"Print Questionnaire","question{{slash}}/index{{slash}}/add":"Add Question","question{{slash}}/index{{slash}}/view":"View Question","question{{slash}}/index{{slash}}/edit":"Edit Question","question{{slash}}/index{{slash}}/delete":"Delete Question","question{{slash}}/index{{slash}}/change":"Change Question Status","question{{slash}}/index{{slash}}/export":"Export Question","question{{slash}}/index{{slash}}/print":"Print Question","questionrule{{slash}}/index{{slash}}/add":"Add Question Rule","questionrule{{slash}}/index{{slash}}/view":"View Question Rule","questionrule{{slash}}/index{{slash}}/edit":"Edit Question Rule","questionrule{{slash}}/index{{slash}}/delete":"Delete Question Rule","questionrule{{slash}}/index{{slash}}/change":"Change Question Rule Status","questionrule{{slash}}/index{{slash}}/export":"Export Question Rule","questionrule{{slash}}/index{{slash}}/print":"Print Question Rule"}}";s:12:"user_session";O:8:"stdClass":8:{s:2:"id";s:1:"1";s:8:"username";s:5:"admin";s:5:"email";s:15:"admin@admin.com";s:8:"group_id";s:1:"1";s:6:"status";s:1:"1";s:10:"last_login";s:10:"1455264383";s:9:"logged_in";b:1;s:4:"name";s:21:"Administrator Website";}s:8:"curr_url";s:25:"admin-panel/setting/index";s:8:"prev_url";s:27:"admin-panel/dashboard/index";}'),
('231bf5a93f57ea7de661f30bf623179a', '::1', 'Mozilla/5.0 (Macintosh; Intel Mac OS X 10.7; rv:43.0) Gecko/20100101 Firefox/43.0', 1455263827, ''),
('41ace2b7ab797e4a0fb955607ead1937', '::1', 'Mozilla/5.0 (Macintosh; Intel Mac OS X 10.7; rv:44.0) Gecko/20100101 Firefox/44.0', 1456296788, 'a:7:{s:9:"user_data";s:0:"";s:11:"module_list";s:1066:"{"Admin":{"dashboard{{slash}}/index":"Dashboard Panel","user{{slash}}/index":"Users","usergroup{{slash}}/index":"User Groups","language{{slash}}/index":"Languages","setting{{slash}}/index":"Settings","serverlog{{slash}}/index":"Server Logs"},"Module":{"modulelist{{slash}}/index":"Module Lists"},"Career":{"career{{slash}}/index":"Careers","division{{slash}}/index":"Divisions","applicant{{slash}}/index":"Applicants","employee{{slash}}/index":"Employees"},"Color":{"color{{slash}}/index":"Color Data","colorcontent{{slash}}/index":"Color Content","colorpersonal{{slash}}/index":"Color Personal","colorscanner{{slash}}/index":"Color Scanner"},"Page":{"page{{slash}}/index":"Pages","pagemenu{{slash}}/index":"Page Menus"},"Participant":{"participant{{slash}}/index":"Participant","attachment{{slash}}/index":"Attachment"},"Qrcode":{"qrcode{{slash}}/index":"QR Codes","qrcodescanner{{slash}}/index":"QR Code Scanner"},"Questionnaire":{"questionnaire{{slash}}/index":"Questionnaires","question{{slash}}/index":"Questions","questionrule{{slash}}/index":"Question Rule"}}";s:20:"module_function_list";s:8940:"{"Admin":{"dashboard{{slash}}/index":"Dashboard Panel","user{{slash}}/index":"Users","usergroup{{slash}}/index":"User Groups","language{{slash}}/index":"Languages","setting{{slash}}/index":"Settings","serverlog{{slash}}/index":"Server Logs","dashboard{{slash}}/add":"Add New Dashboard","dashboard{{slash}}/view":"View Dashboard","dashboard{{slash}}/edit":"Edit Dashboard","dashboard{{slash}}/delete":"Delete Dashboard","dashboard{{slash}}/change":"Change Dashboard Status","user{{slash}}/add":"Add User","user{{slash}}/view":"View User","user{{slash}}/edit":"Edit User","user{{slash}}/delete":"Delete User","user{{slash}}/change":"Change User Status","user{{slash}}/image":"Change User Image","user{{slash}}/upload":"Upload User Image","usergroup{{slash}}/add":"Add User Group","usergroup{{slash}}/view":"View User Group","usergroup{{slash}}/edit":"Edit User Group","usergroup{{slash}}/delete":"Delete User Group","usergroup{{slash}}/change":"Change User Group Status","language{{slash}}/add":"Add Language","language{{slash}}/view":"View Language","language{{slash}}/edit":"Edit Language","language{{slash}}/delete":"Delete Language","language{{slash}}/change":"Change Language Status","setting{{slash}}/add":"Add Setting","setting{{slash}}/view":"View Setting","setting{{slash}}/edit":"Edit Setting","setting{{slash}}/delete":"Delete Setting","setting{{slash}}/change":"Change Setting Status","serverlog{{slash}}/view":"View Server Log","serverlog{{slash}}/edit":"Edit Server Log","serverlog{{slash}}/delete":"Delete Server Log","serverlog{{slash}}/trash":"Trash Server Log"},"Module":{"modulelist{{slash}}/edit":"Edit Module","modulelist{{slash}}/trash":"Delete User Permission"},"Career":{"career{{slash}}/index":"Careers","division{{slash}}/index":"Divisions","applicant{{slash}}/index":"Applicants","employee{{slash}}/index":"Employees","career{{slash}}/index{{slash}}/add":"Add Career","career{{slash}}/index{{slash}}/view":"View Career","career{{slash}}/index{{slash}}/edit":"Edit Career","career{{slash}}/index{{slash}}/delete":"Delete Career","career{{slash}}/index{{slash}}/change":"Change Career Status","career{{slash}}/index{{slash}}/export":"Export Career","career{{slash}}/index{{slash}}/print":"Print Career","division{{slash}}/index{{slash}}/add":"Add Division","division{{slash}}/index{{slash}}/view":"View Division","division{{slash}}/index{{slash}}/edit":"Edit Division","division{{slash}}/index{{slash}}/delete":"Delete Division","division{{slash}}/index{{slash}}/change":"Change Division Status","division{{slash}}/index{{slash}}/export":"Export Division","division{{slash}}/index{{slash}}/print":"Print Division","applicant{{slash}}/index{{slash}}/add":"Add Applicant","applicant{{slash}}/index{{slash}}/view":"View Applicant","applicant{{slash}}/index{{slash}}/edit":"Edit Applicant","applicant{{slash}}/index{{slash}}/delete":"Delete Applicant","applicant{{slash}}/index{{slash}}/change":"Change Applicant","applicant{{slash}}/index{{slash}}/export":"Export Applicant","applicant{{slash}}/index{{slash}}/print":"Print Applicant","employee{{slash}}/index{{slash}}/add":"Add Employee","employee{{slash}}/index{{slash}}/view":"View Employee","employee{{slash}}/index{{slash}}/edit":"Edit Employee","employee{{slash}}/index{{slash}}/delete":"Delete Employee","employee{{slash}}/set":"Set to Employee","employee{{slash}}/index{{slash}}/change":"Change Employee","employee{{slash}}/index{{slash}}/export":"Export Employee","employee{{slash}}/index{{slash}}/print":"Print Employee"},"Color":{"color{{slash}}/index":"Color Data","colorcontent{{slash}}/index":"Color Content","colorpersonal{{slash}}/index":"Color Personal","colorscanner{{slash}}/index":"Color Scanner","color{{slash}}/index{{slash}}/add":"Add Color Recognizer","color{{slash}}/index{{slash}}/view":"View Color Recognizer","color{{slash}}/index{{slash}}/edit":"Edit Color Recognizer","color{{slash}}/index{{slash}}/delete":"Delete Color Recognizer","color{{slash}}/index{{slash}}/change":"Change Color Recognizer Status","color{{slash}}/index{{slash}}/export":"Export Color Recognizer","color{{slash}}/index{{slash}}/print":"Print Color Recognizer","colorcontent{{slash}}/index{{slash}}/add":"Add Color Content","colorcontent{{slash}}/index{{slash}}/view":"View Color Content","colorcontent{{slash}}/index{{slash}}/edit":"Edit Color Content","colorcontent{{slash}}/index{{slash}}/delete":"Delete Color Content","colorcontent{{slash}}/index{{slash}}/change":"Change Color Content Status","colorcontent{{slash}}/index{{slash}}/export":"Export Color Content","colorcontent{{slash}}/index{{slash}}/print":"Print Color Content","colorpersonal{{slash}}/index{{slash}}/add":"Add Color Personal","colorpersonal{{slash}}/index{{slash}}/view":"View Color Personal","colorpersonal{{slash}}/index{{slash}}/edit":"Edit Color Personal","colorpersonal{{slash}}/index{{slash}}/delete":"Delete Color Personal","colorpersonal{{slash}}/index{{slash}}/change":"Change Color Personal Status","colorpersonal{{slash}}/index{{slash}}/export":"Export Color Personal","colorpersonal{{slash}}/index{{slash}}/print":"Print Color Personal"},"Page":{"page{{slash}}/index":"Pages","pagemenu{{slash}}/index":"Page Menus","page{{slash}}/index{{slash}}/add":"Add Page","page{{slash}}/index{{slash}}/view":"View Page","page{{slash}}/index{{slash}}/edit":"Edit Page","page{{slash}}/index{{slash}}/delete":"Delete Page","page{{slash}}/index{{slash}}/change":"Change Page Status","page{{slash}}/index{{slash}}/export":"Export Page","page{{slash}}/index{{slash}}/print":"Print Page","pagemenu{{slash}}/index{{slash}}/add":"Add Page Menu","pagemenu{{slash}}/index{{slash}}/view":"View Page Menu","pagemenu{{slash}}/index{{slash}}/edit":"Edit Page Menu","pagemenu{{slash}}/index{{slash}}/delete":"Delete Page Menu","pagemenu{{slash}}/index{{slash}}/change":"Change Page Menu Status","pagemenu{{slash}}/index{{slash}}/export":"Export Page Menu","pagemenu{{slash}}/index{{slash}}/print":"Print Page Menu"},"Participant":{"participant{{slash}}/index":"Participant","attachment{{slash}}/index":"Attachment","participant{{slash}}/index{{slash}}/add":"Add Participant","participant{{slash}}/index{{slash}}/view":"View Participant","participant{{slash}}/index{{slash}}/edit":"Edit Participant","participant{{slash}}/index{{slash}}/delete":"Delete Participant","participant{{slash}}/index{{slash}}/change":"Change Participant Status","participant{{slash}}/index{{slash}}/export":"Export Participant","participant{{slash}}/index{{slash}}/print":"Print Participant","attachment{{slash}}/index{{slash}}/add":"Add Attachment","attachment{{slash}}/index{{slash}}/view":"View Attachment","attachment{{slash}}/index{{slash}}/edit":"Edit Attachment","attachment{{slash}}/index{{slash}}/delete":"Delete Attachment","attachment{{slash}}/index{{slash}}/change":"Change Attachment Status","attachment{{slash}}/index{{slash}}/export":"Export Attachment","attachment{{slash}}/index{{slash}}/print":"Print Attachment"},"Qrcode":{"qrcode{{slash}}/index":"QR Codes","qrcodescanner{{slash}}/index":"QR Code Scanner","qrcode{{slash}}/index{{slash}}/add":"Add QR Code","qrcode{{slash}}/index{{slash}}/view":"View QR Code","qrcode{{slash}}/index{{slash}}/edit":"Edit QR Code","qrcode{{slash}}/index{{slash}}/delete":"Delete QR Code","qrcode{{slash}}/index{{slash}}/change":"Change QR Code Status","qrcode{{slash}}/index{{slash}}/export":"Export QR Code","qrcode{{slash}}/index{{slash}}/print":"Print QR Code"},"Questionnaire":{"questionnaire{{slash}}/index":"Questionnaires","question{{slash}}/index":"Questions","questionrule{{slash}}/index":"Question Rule","questionnaire{{slash}}/index{{slash}}/add":"Add Questionnaire","questionnaire{{slash}}/index{{slash}}/view":"View Questionnaire","questionnaire{{slash}}/index{{slash}}/edit":"Edit Questionnaire","questionnaire{{slash}}/index{{slash}}/delete":"Delete Questionnaire","questionnaire{{slash}}/index{{slash}}/change":"Change Questionnaire Status","questionnaire{{slash}}/index{{slash}}/export":"Export Questionnaire","questionnaire{{slash}}/index{{slash}}/print":"Print Questionnaire","question{{slash}}/index{{slash}}/add":"Add Question","question{{slash}}/index{{slash}}/view":"View Question","question{{slash}}/index{{slash}}/edit":"Edit Question","question{{slash}}/index{{slash}}/delete":"Delete Question","question{{slash}}/index{{slash}}/change":"Change Question Status","question{{slash}}/index{{slash}}/export":"Export Question","question{{slash}}/index{{slash}}/print":"Print Question","questionrule{{slash}}/index{{slash}}/add":"Add Question Rule","questionrule{{slash}}/index{{slash}}/view":"View Question Rule","questionrule{{slash}}/index{{slash}}/edit":"Edit Question Rule","questionrule{{slash}}/index{{slash}}/delete":"Delete Question Rule","questionrule{{slash}}/index{{slash}}/change":"Change Question Rule Status","questionrule{{slash}}/index{{slash}}/export":"Export Question Rule","questionrule{{slash}}/index{{slash}}/print":"Print Question Rule"}}";s:12:"user_session";O:8:"stdClass":8:{s:2:"id";s:1:"1";s:8:"username";s:5:"admin";s:5:"email";s:15:"admin@admin.com";s:8:"group_id";s:1:"1";s:6:"status";s:1:"1";s:10:"last_login";s:10:"1456196004";s:9:"logged_in";b:1;s:4:"name";s:21:"Administrator Website";}s:8:"curr_url";s:44:"admin-panel/participant/index/ajax_list_info";s:8:"prev_url";s:44:"admin-panel/participant/index/ajax_list_info";s:11:"participant";O:8:"stdClass":28:{s:2:"id";s:1:"5";s:13:"identifier_id";N;s:8:"identity";N;s:11:"profile_url";N;s:9:"photo_url";N;s:5:"email";s:29:"defrian.yarfi@d3.dentsu.co.id";s:7:"website";N;s:8:"password";N;s:8:"username";N;s:4:"name";s:13:"Defrian Yarfi";s:6:"gender";N;s:3:"age";N;s:14:"nationality_id";N;s:13:"research_area";N;s:10:"occupation";N;s:5:"about";N;s:7:"address";N;s:6:"region";N;s:12:"phone_number";N;s:9:"id_number";N;s:9:"file_name";N;s:6:"verify";N;s:9:"completed";s:1:"1";s:9:"logged_in";s:1:"0";s:10:"last_login";N;s:10:"session_id";s:0:"";s:6:"status";s:1:"1";s:9:"join_date";s:19:"2016-02-11 12:00:00";}}'),
('4658bef1c318d92cc1d646a26cd8d856', '::1', 'Mozilla/5.0 (Macintosh; Intel Mac OS X 10_7_5) AppleWebKit/537.36 (KHTML, like Gecko) Chrome/48.0.2564.116 Safari/537.36', 1456297476, 'a:1:{s:11:"participant";O:8:"stdClass":28:{s:2:"id";s:1:"1";s:13:"identifier_id";s:10:"SoPgnCFn90";s:8:"identity";s:8:"LinkedIn";s:11:"profile_url";s:53:"https://www.linkedin.com/pub/defrian-yarfi/42/a38/26b";s:9:"photo_url";N;s:5:"email";s:23:"defrian.yarfi@gmail.com";s:7:"website";N;s:8:"password";N;s:8:"username";N;s:4:"name";s:13:"Defrian Yarfi";s:6:"gender";N;s:3:"age";N;s:14:"nationality_id";N;s:13:"research_area";N;s:10:"occupation";N;s:5:"about";s:315:"Web Developer and Frontend Web Developer.\nCurrently used CodeIgniter, CakePHP, Kohana, Yii and OpenCart for web development.\nDatabase Design, API, RESTful web service and Cloud Computing.\nAndroid Mobile Hybrid Applications.\n\nSpecialties: HTML & CSS, Javascript, jQuery, Ajax, Actionscript, MVC Concept, PHP & MySQL.";s:7:"address";N;s:6:"region";N;s:12:"phone_number";N;s:9:"id_number";N;s:9:"file_name";N;s:6:"verify";N;s:9:"completed";N;s:9:"logged_in";s:1:"0";s:10:"last_login";N;s:10:"session_id";s:0:"";s:6:"status";s:1:"0";s:9:"join_date";s:19:"2015-07-01 19:17:39";}}'),
('478a85e305c2ff018428599d0c211175', '::1', 'Mozilla/5.0 (Macintosh; Intel Mac OS X 10.7; rv:44.0) Gecko/20100101 Firefox/44.0', 1455535440, 'a:2:{s:9:"user_data";s:0:"";s:11:"participant";O:8:"stdClass":28:{s:2:"id";s:1:"5";s:13:"identifier_id";N;s:8:"identity";N;s:11:"profile_url";N;s:9:"photo_url";N;s:5:"email";s:29:"defrian.yarfi@d3.dentsu.co.id";s:7:"website";N;s:8:"password";N;s:8:"username";N;s:4:"name";s:13:"Defrian Yarfi";s:6:"gender";N;s:3:"age";N;s:14:"nationality_id";N;s:13:"research_area";N;s:10:"occupation";N;s:5:"about";N;s:7:"address";N;s:6:"region";N;s:12:"phone_number";N;s:9:"id_number";N;s:9:"file_name";N;s:6:"verify";N;s:9:"completed";s:1:"1";s:9:"logged_in";s:1:"0";s:10:"last_login";N;s:10:"session_id";s:0:"";s:6:"status";s:1:"1";s:9:"join_date";s:19:"2016-02-11 12:00:00";}}'),
('5e0d2261dd83a06f91142b2cb9590bd1', '::1', 'Mozilla/5.0 (Macintosh; Intel Mac OS X 10_7_5) AppleWebKit/537.36 (KHTML, like Gecko) Chrome/48.0.2564.109 Safari/537.36', 1455886196, 'a:2:{s:9:"user_data";s:0:"";s:11:"participant";O:8:"stdClass":28:{s:2:"id";s:1:"5";s:13:"identifier_id";N;s:8:"identity";N;s:11:"profile_url";N;s:9:"photo_url";N;s:5:"email";s:29:"defrian.yarfi@d3.dentsu.co.id";s:7:"website";N;s:8:"password";N;s:8:"username";N;s:4:"name";s:13:"Defrian Yarfi";s:6:"gender";N;s:3:"age";N;s:14:"nationality_id";N;s:13:"research_area";N;s:10:"occupation";N;s:5:"about";N;s:7:"address";N;s:6:"region";N;s:12:"phone_number";N;s:9:"id_number";N;s:9:"file_name";N;s:6:"verify";N;s:9:"completed";s:1:"1";s:9:"logged_in";s:1:"0";s:10:"last_login";N;s:10:"session_id";s:0:"";s:6:"status";s:1:"1";s:9:"join_date";s:19:"2016-02-11 12:00:00";}}'),
('904e2e57a249af29b941cdbf25194adc', '::1', 'Mozilla/5.0 (Macintosh; Intel Mac OS X 10.7; rv:43.0) Gecko/20100101 Firefox/43.0', 1455264239, ''),
('a4de5db962210b1577e0385a67481bde', '::1', 'Mozilla/5.0 (Macintosh; Intel Mac OS X 10.7; rv:43.0) Gecko/20100101 Firefox/43.0', 1455264173, ''),
('aea7e90ab8001f5997fd27d65a6f8f83', '::1', 'Mozilla/5.0 (Macintosh; Intel Mac OS X 10.7; rv:44.0) Gecko/20100101 Firefox/44.0', 1456308100, 'a:7:{s:9:"user_data";s:0:"";s:11:"participant";O:8:"stdClass":28:{s:2:"id";s:2:"10";s:13:"identifier_id";N;s:8:"identity";N;s:11:"profile_url";N;s:9:"photo_url";N;s:5:"email";s:21:"jessy@d3.dentsu.co.id";s:7:"website";N;s:8:"password";N;s:8:"username";N;s:4:"name";s:20:"Jessy Christina Tono";s:6:"gender";N;s:3:"age";N;s:14:"nationality_id";N;s:13:"research_area";N;s:10:"occupation";N;s:5:"about";N;s:7:"address";N;s:6:"region";N;s:12:"phone_number";N;s:9:"id_number";N;s:9:"file_name";N;s:6:"verify";N;s:9:"completed";s:1:"1";s:9:"logged_in";s:1:"0";s:10:"last_login";N;s:10:"session_id";s:0:"";s:6:"status";s:1:"1";s:9:"join_date";s:19:"2016-02-19 12:00:00";}s:11:"module_list";s:1066:"{"Admin":{"dashboard{{slash}}/index":"Dashboard Panel","user{{slash}}/index":"Users","usergroup{{slash}}/index":"User Groups","language{{slash}}/index":"Languages","setting{{slash}}/index":"Settings","serverlog{{slash}}/index":"Server Logs"},"Module":{"modulelist{{slash}}/index":"Module Lists"},"Career":{"career{{slash}}/index":"Careers","division{{slash}}/index":"Divisions","applicant{{slash}}/index":"Applicants","employee{{slash}}/index":"Employees"},"Color":{"color{{slash}}/index":"Color Data","colorcontent{{slash}}/index":"Color Content","colorpersonal{{slash}}/index":"Color Personal","colorscanner{{slash}}/index":"Color Scanner"},"Page":{"page{{slash}}/index":"Pages","pagemenu{{slash}}/index":"Page Menus"},"Participant":{"participant{{slash}}/index":"Participant","attachment{{slash}}/index":"Attachment"},"Qrcode":{"qrcode{{slash}}/index":"QR Codes","qrcodescanner{{slash}}/index":"QR Code Scanner"},"Questionnaire":{"questionnaire{{slash}}/index":"Questionnaires","question{{slash}}/index":"Questions","questionrule{{slash}}/index":"Question Rule"}}";s:20:"module_function_list";s:8940:"{"Admin":{"dashboard{{slash}}/index":"Dashboard Panel","user{{slash}}/index":"Users","usergroup{{slash}}/index":"User Groups","language{{slash}}/index":"Languages","setting{{slash}}/index":"Settings","serverlog{{slash}}/index":"Server Logs","dashboard{{slash}}/add":"Add New Dashboard","dashboard{{slash}}/view":"View Dashboard","dashboard{{slash}}/edit":"Edit Dashboard","dashboard{{slash}}/delete":"Delete Dashboard","dashboard{{slash}}/change":"Change Dashboard Status","user{{slash}}/add":"Add User","user{{slash}}/view":"View User","user{{slash}}/edit":"Edit User","user{{slash}}/delete":"Delete User","user{{slash}}/change":"Change User Status","user{{slash}}/image":"Change User Image","user{{slash}}/upload":"Upload User Image","usergroup{{slash}}/add":"Add User Group","usergroup{{slash}}/view":"View User Group","usergroup{{slash}}/edit":"Edit User Group","usergroup{{slash}}/delete":"Delete User Group","usergroup{{slash}}/change":"Change User Group Status","language{{slash}}/add":"Add Language","language{{slash}}/view":"View Language","language{{slash}}/edit":"Edit Language","language{{slash}}/delete":"Delete Language","language{{slash}}/change":"Change Language Status","setting{{slash}}/add":"Add Setting","setting{{slash}}/view":"View Setting","setting{{slash}}/edit":"Edit Setting","setting{{slash}}/delete":"Delete Setting","setting{{slash}}/change":"Change Setting Status","serverlog{{slash}}/view":"View Server Log","serverlog{{slash}}/edit":"Edit Server Log","serverlog{{slash}}/delete":"Delete Server Log","serverlog{{slash}}/trash":"Trash Server Log"},"Module":{"modulelist{{slash}}/edit":"Edit Module","modulelist{{slash}}/trash":"Delete User Permission"},"Career":{"career{{slash}}/index":"Careers","division{{slash}}/index":"Divisions","applicant{{slash}}/index":"Applicants","employee{{slash}}/index":"Employees","career{{slash}}/index{{slash}}/add":"Add Career","career{{slash}}/index{{slash}}/view":"View Career","career{{slash}}/index{{slash}}/edit":"Edit Career","career{{slash}}/index{{slash}}/delete":"Delete Career","career{{slash}}/index{{slash}}/change":"Change Career Status","career{{slash}}/index{{slash}}/export":"Export Career","career{{slash}}/index{{slash}}/print":"Print Career","division{{slash}}/index{{slash}}/add":"Add Division","division{{slash}}/index{{slash}}/view":"View Division","division{{slash}}/index{{slash}}/edit":"Edit Division","division{{slash}}/index{{slash}}/delete":"Delete Division","division{{slash}}/index{{slash}}/change":"Change Division Status","division{{slash}}/index{{slash}}/export":"Export Division","division{{slash}}/index{{slash}}/print":"Print Division","applicant{{slash}}/index{{slash}}/add":"Add Applicant","applicant{{slash}}/index{{slash}}/view":"View Applicant","applicant{{slash}}/index{{slash}}/edit":"Edit Applicant","applicant{{slash}}/index{{slash}}/delete":"Delete Applicant","applicant{{slash}}/index{{slash}}/change":"Change Applicant","applicant{{slash}}/index{{slash}}/export":"Export Applicant","applicant{{slash}}/index{{slash}}/print":"Print Applicant","employee{{slash}}/index{{slash}}/add":"Add Employee","employee{{slash}}/index{{slash}}/view":"View Employee","employee{{slash}}/index{{slash}}/edit":"Edit Employee","employee{{slash}}/index{{slash}}/delete":"Delete Employee","employee{{slash}}/set":"Set to Employee","employee{{slash}}/index{{slash}}/change":"Change Employee","employee{{slash}}/index{{slash}}/export":"Export Employee","employee{{slash}}/index{{slash}}/print":"Print Employee"},"Color":{"color{{slash}}/index":"Color Data","colorcontent{{slash}}/index":"Color Content","colorpersonal{{slash}}/index":"Color Personal","colorscanner{{slash}}/index":"Color Scanner","color{{slash}}/index{{slash}}/add":"Add Color Recognizer","color{{slash}}/index{{slash}}/view":"View Color Recognizer","color{{slash}}/index{{slash}}/edit":"Edit Color Recognizer","color{{slash}}/index{{slash}}/delete":"Delete Color Recognizer","color{{slash}}/index{{slash}}/change":"Change Color Recognizer Status","color{{slash}}/index{{slash}}/export":"Export Color Recognizer","color{{slash}}/index{{slash}}/print":"Print Color Recognizer","colorcontent{{slash}}/index{{slash}}/add":"Add Color Content","colorcontent{{slash}}/index{{slash}}/view":"View Color Content","colorcontent{{slash}}/index{{slash}}/edit":"Edit Color Content","colorcontent{{slash}}/index{{slash}}/delete":"Delete Color Content","colorcontent{{slash}}/index{{slash}}/change":"Change Color Content Status","colorcontent{{slash}}/index{{slash}}/export":"Export Color Content","colorcontent{{slash}}/index{{slash}}/print":"Print Color Content","colorpersonal{{slash}}/index{{slash}}/add":"Add Color Personal","colorpersonal{{slash}}/index{{slash}}/view":"View Color Personal","colorpersonal{{slash}}/index{{slash}}/edit":"Edit Color Personal","colorpersonal{{slash}}/index{{slash}}/delete":"Delete Color Personal","colorpersonal{{slash}}/index{{slash}}/change":"Change Color Personal Status","colorpersonal{{slash}}/index{{slash}}/export":"Export Color Personal","colorpersonal{{slash}}/index{{slash}}/print":"Print Color Personal"},"Page":{"page{{slash}}/index":"Pages","pagemenu{{slash}}/index":"Page Menus","page{{slash}}/index{{slash}}/add":"Add Page","page{{slash}}/index{{slash}}/view":"View Page","page{{slash}}/index{{slash}}/edit":"Edit Page","page{{slash}}/index{{slash}}/delete":"Delete Page","page{{slash}}/index{{slash}}/change":"Change Page Status","page{{slash}}/index{{slash}}/export":"Export Page","page{{slash}}/index{{slash}}/print":"Print Page","pagemenu{{slash}}/index{{slash}}/add":"Add Page Menu","pagemenu{{slash}}/index{{slash}}/view":"View Page Menu","pagemenu{{slash}}/index{{slash}}/edit":"Edit Page Menu","pagemenu{{slash}}/index{{slash}}/delete":"Delete Page Menu","pagemenu{{slash}}/index{{slash}}/change":"Change Page Menu Status","pagemenu{{slash}}/index{{slash}}/export":"Export Page Menu","pagemenu{{slash}}/index{{slash}}/print":"Print Page Menu"},"Participant":{"participant{{slash}}/index":"Participant","attachment{{slash}}/index":"Attachment","participant{{slash}}/index{{slash}}/add":"Add Participant","participant{{slash}}/index{{slash}}/view":"View Participant","participant{{slash}}/index{{slash}}/edit":"Edit Participant","participant{{slash}}/index{{slash}}/delete":"Delete Participant","participant{{slash}}/index{{slash}}/change":"Change Participant Status","participant{{slash}}/index{{slash}}/export":"Export Participant","participant{{slash}}/index{{slash}}/print":"Print Participant","attachment{{slash}}/index{{slash}}/add":"Add Attachment","attachment{{slash}}/index{{slash}}/view":"View Attachment","attachment{{slash}}/index{{slash}}/edit":"Edit Attachment","attachment{{slash}}/index{{slash}}/delete":"Delete Attachment","attachment{{slash}}/index{{slash}}/change":"Change Attachment Status","attachment{{slash}}/index{{slash}}/export":"Export Attachment","attachment{{slash}}/index{{slash}}/print":"Print Attachment"},"Qrcode":{"qrcode{{slash}}/index":"QR Codes","qrcodescanner{{slash}}/index":"QR Code Scanner","qrcode{{slash}}/index{{slash}}/add":"Add QR Code","qrcode{{slash}}/index{{slash}}/view":"View QR Code","qrcode{{slash}}/index{{slash}}/edit":"Edit QR Code","qrcode{{slash}}/index{{slash}}/delete":"Delete QR Code","qrcode{{slash}}/index{{slash}}/change":"Change QR Code Status","qrcode{{slash}}/index{{slash}}/export":"Export QR Code","qrcode{{slash}}/index{{slash}}/print":"Print QR Code"},"Questionnaire":{"questionnaire{{slash}}/index":"Questionnaires","question{{slash}}/index":"Questions","questionrule{{slash}}/index":"Question Rule","questionnaire{{slash}}/index{{slash}}/add":"Add Questionnaire","questionnaire{{slash}}/index{{slash}}/view":"View Questionnaire","questionnaire{{slash}}/index{{slash}}/edit":"Edit Questionnaire","questionnaire{{slash}}/index{{slash}}/delete":"Delete Questionnaire","questionnaire{{slash}}/index{{slash}}/change":"Change Questionnaire Status","questionnaire{{slash}}/index{{slash}}/export":"Export Questionnaire","questionnaire{{slash}}/index{{slash}}/print":"Print Questionnaire","question{{slash}}/index{{slash}}/add":"Add Question","question{{slash}}/index{{slash}}/view":"View Question","question{{slash}}/index{{slash}}/edit":"Edit Question","question{{slash}}/index{{slash}}/delete":"Delete Question","question{{slash}}/index{{slash}}/change":"Change Question Status","question{{slash}}/index{{slash}}/export":"Export Question","question{{slash}}/index{{slash}}/print":"Print Question","questionrule{{slash}}/index{{slash}}/add":"Add Question Rule","questionrule{{slash}}/index{{slash}}/view":"View Question Rule","questionrule{{slash}}/index{{slash}}/edit":"Edit Question Rule","questionrule{{slash}}/index{{slash}}/delete":"Delete Question Rule","questionrule{{slash}}/index{{slash}}/change":"Change Question Rule Status","questionrule{{slash}}/index{{slash}}/export":"Export Question Rule","questionrule{{slash}}/index{{slash}}/print":"Print Question Rule"}}";s:12:"user_session";O:8:"stdClass":8:{s:2:"id";s:1:"1";s:8:"username";s:5:"admin";s:5:"email";s:15:"admin@admin.com";s:8:"group_id";s:1:"1";s:6:"status";s:1:"1";s:10:"last_login";s:10:"1456230357";s:9:"logged_in";b:1;s:4:"name";s:21:"Administrator Website";}s:8:"curr_url";s:31:"admin-panel/questionnaire/index";s:8:"prev_url";s:26:"admin-panel/question/index";}'),
('c035c8d8e7579bbf6942be1c3acddb3a', '::1', 'Mozilla/5.0 (Macintosh; Intel Mac OS X 10_7_5) AppleWebKit/537.36 (KHTML, like Gecko) Chrome/48.0.2564.109 Safari/537.36', 1456115094, 'a:1:{s:19:"flash:old:flashdata";s:25:"No user with that account";}'),
('d1de9c2ca50cc883e3022571c2e6b87a', '::1', 'Mozilla/5.0 (Macintosh; Intel Mac OS X 10.7; rv:43.0) Gecko/20100101 Firefox/43.0', 1455264173, ''),
('f324c86758d02c45a7ab6516d1e7d681', '::1', 'Mozilla/5.0 (Macintosh; Intel Mac OS X 10.7; rv:43.0) Gecko/20100101 Firefox/43.0', 1455278140, 'a:7:{s:9:"user_data";s:0:"";s:11:"module_list";s:1066:"{"Admin":{"dashboard{{slash}}/index":"Dashboard Panel","user{{slash}}/index":"Users","usergroup{{slash}}/index":"User Groups","language{{slash}}/index":"Languages","setting{{slash}}/index":"Settings","serverlog{{slash}}/index":"Server Logs"},"Module":{"modulelist{{slash}}/index":"Module Lists"},"Career":{"career{{slash}}/index":"Careers","division{{slash}}/index":"Divisions","applicant{{slash}}/index":"Applicants","employee{{slash}}/index":"Employees"},"Color":{"color{{slash}}/index":"Color Data","colorcontent{{slash}}/index":"Color Content","colorpersonal{{slash}}/index":"Color Personal","colorscanner{{slash}}/index":"Color Scanner"},"Page":{"page{{slash}}/index":"Pages","pagemenu{{slash}}/index":"Page Menus"},"Participant":{"participant{{slash}}/index":"Participant","attachment{{slash}}/index":"Attachment"},"Qrcode":{"qrcode{{slash}}/index":"QR Codes","qrcodescanner{{slash}}/index":"QR Code Scanner"},"Questionnaire":{"questionnaire{{slash}}/index":"Questionnaires","question{{slash}}/index":"Questions","questionrule{{slash}}/index":"Question Rule"}}";s:20:"module_function_list";s:8940:"{"Admin":{"dashboard{{slash}}/index":"Dashboard Panel","user{{slash}}/index":"Users","usergroup{{slash}}/index":"User Groups","language{{slash}}/index":"Languages","setting{{slash}}/index":"Settings","serverlog{{slash}}/index":"Server Logs","dashboard{{slash}}/add":"Add New Dashboard","dashboard{{slash}}/view":"View Dashboard","dashboard{{slash}}/edit":"Edit Dashboard","dashboard{{slash}}/delete":"Delete Dashboard","dashboard{{slash}}/change":"Change Dashboard Status","user{{slash}}/add":"Add User","user{{slash}}/view":"View User","user{{slash}}/edit":"Edit User","user{{slash}}/delete":"Delete User","user{{slash}}/change":"Change User Status","user{{slash}}/image":"Change User Image","user{{slash}}/upload":"Upload User Image","usergroup{{slash}}/add":"Add User Group","usergroup{{slash}}/view":"View User Group","usergroup{{slash}}/edit":"Edit User Group","usergroup{{slash}}/delete":"Delete User Group","usergroup{{slash}}/change":"Change User Group Status","language{{slash}}/add":"Add Language","language{{slash}}/view":"View Language","language{{slash}}/edit":"Edit Language","language{{slash}}/delete":"Delete Language","language{{slash}}/change":"Change Language Status","setting{{slash}}/add":"Add Setting","setting{{slash}}/view":"View Setting","setting{{slash}}/edit":"Edit Setting","setting{{slash}}/delete":"Delete Setting","setting{{slash}}/change":"Change Setting Status","serverlog{{slash}}/view":"View Server Log","serverlog{{slash}}/edit":"Edit Server Log","serverlog{{slash}}/delete":"Delete Server Log","serverlog{{slash}}/trash":"Trash Server Log"},"Module":{"modulelist{{slash}}/edit":"Edit Module","modulelist{{slash}}/trash":"Delete User Permission"},"Career":{"career{{slash}}/index":"Careers","division{{slash}}/index":"Divisions","applicant{{slash}}/index":"Applicants","employee{{slash}}/index":"Employees","career{{slash}}/index{{slash}}/add":"Add Career","career{{slash}}/index{{slash}}/view":"View Career","career{{slash}}/index{{slash}}/edit":"Edit Career","career{{slash}}/index{{slash}}/delete":"Delete Career","career{{slash}}/index{{slash}}/change":"Change Career Status","career{{slash}}/index{{slash}}/export":"Export Career","career{{slash}}/index{{slash}}/print":"Print Career","division{{slash}}/index{{slash}}/add":"Add Division","division{{slash}}/index{{slash}}/view":"View Division","division{{slash}}/index{{slash}}/edit":"Edit Division","division{{slash}}/index{{slash}}/delete":"Delete Division","division{{slash}}/index{{slash}}/change":"Change Division Status","division{{slash}}/index{{slash}}/export":"Export Division","division{{slash}}/index{{slash}}/print":"Print Division","applicant{{slash}}/index{{slash}}/add":"Add Applicant","applicant{{slash}}/index{{slash}}/view":"View Applicant","applicant{{slash}}/index{{slash}}/edit":"Edit Applicant","applicant{{slash}}/index{{slash}}/delete":"Delete Applicant","applicant{{slash}}/index{{slash}}/change":"Change Applicant","applicant{{slash}}/index{{slash}}/export":"Export Applicant","applicant{{slash}}/index{{slash}}/print":"Print Applicant","employee{{slash}}/index{{slash}}/add":"Add Employee","employee{{slash}}/index{{slash}}/view":"View Employee","employee{{slash}}/index{{slash}}/edit":"Edit Employee","employee{{slash}}/index{{slash}}/delete":"Delete Employee","employee{{slash}}/set":"Set to Employee","employee{{slash}}/index{{slash}}/change":"Change Employee","employee{{slash}}/index{{slash}}/export":"Export Employee","employee{{slash}}/index{{slash}}/print":"Print Employee"},"Color":{"color{{slash}}/index":"Color Data","colorcontent{{slash}}/index":"Color Content","colorpersonal{{slash}}/index":"Color Personal","colorscanner{{slash}}/index":"Color Scanner","color{{slash}}/index{{slash}}/add":"Add Color Recognizer","color{{slash}}/index{{slash}}/view":"View Color Recognizer","color{{slash}}/index{{slash}}/edit":"Edit Color Recognizer","color{{slash}}/index{{slash}}/delete":"Delete Color Recognizer","color{{slash}}/index{{slash}}/change":"Change Color Recognizer Status","color{{slash}}/index{{slash}}/export":"Export Color Recognizer","color{{slash}}/index{{slash}}/print":"Print Color Recognizer","colorcontent{{slash}}/index{{slash}}/add":"Add Color Content","colorcontent{{slash}}/index{{slash}}/view":"View Color Content","colorcontent{{slash}}/index{{slash}}/edit":"Edit Color Content","colorcontent{{slash}}/index{{slash}}/delete":"Delete Color Content","colorcontent{{slash}}/index{{slash}}/change":"Change Color Content Status","colorcontent{{slash}}/index{{slash}}/export":"Export Color Content","colorcontent{{slash}}/index{{slash}}/print":"Print Color Content","colorpersonal{{slash}}/index{{slash}}/add":"Add Color Personal","colorpersonal{{slash}}/index{{slash}}/view":"View Color Personal","colorpersonal{{slash}}/index{{slash}}/edit":"Edit Color Personal","colorpersonal{{slash}}/index{{slash}}/delete":"Delete Color Personal","colorpersonal{{slash}}/index{{slash}}/change":"Change Color Personal Status","colorpersonal{{slash}}/index{{slash}}/export":"Export Color Personal","colorpersonal{{slash}}/index{{slash}}/print":"Print Color Personal"},"Page":{"page{{slash}}/index":"Pages","pagemenu{{slash}}/index":"Page Menus","page{{slash}}/index{{slash}}/add":"Add Page","page{{slash}}/index{{slash}}/view":"View Page","page{{slash}}/index{{slash}}/edit":"Edit Page","page{{slash}}/index{{slash}}/delete":"Delete Page","page{{slash}}/index{{slash}}/change":"Change Page Status","page{{slash}}/index{{slash}}/export":"Export Page","page{{slash}}/index{{slash}}/print":"Print Page","pagemenu{{slash}}/index{{slash}}/add":"Add Page Menu","pagemenu{{slash}}/index{{slash}}/view":"View Page Menu","pagemenu{{slash}}/index{{slash}}/edit":"Edit Page Menu","pagemenu{{slash}}/index{{slash}}/delete":"Delete Page Menu","pagemenu{{slash}}/index{{slash}}/change":"Change Page Menu Status","pagemenu{{slash}}/index{{slash}}/export":"Export Page Menu","pagemenu{{slash}}/index{{slash}}/print":"Print Page Menu"},"Participant":{"participant{{slash}}/index":"Participant","attachment{{slash}}/index":"Attachment","participant{{slash}}/index{{slash}}/add":"Add Participant","participant{{slash}}/index{{slash}}/view":"View Participant","participant{{slash}}/index{{slash}}/edit":"Edit Participant","participant{{slash}}/index{{slash}}/delete":"Delete Participant","participant{{slash}}/index{{slash}}/change":"Change Participant Status","participant{{slash}}/index{{slash}}/export":"Export Participant","participant{{slash}}/index{{slash}}/print":"Print Participant","attachment{{slash}}/index{{slash}}/add":"Add Attachment","attachment{{slash}}/index{{slash}}/view":"View Attachment","attachment{{slash}}/index{{slash}}/edit":"Edit Attachment","attachment{{slash}}/index{{slash}}/delete":"Delete Attachment","attachment{{slash}}/index{{slash}}/change":"Change Attachment Status","attachment{{slash}}/index{{slash}}/export":"Export Attachment","attachment{{slash}}/index{{slash}}/print":"Print Attachment"},"Qrcode":{"qrcode{{slash}}/index":"QR Codes","qrcodescanner{{slash}}/index":"QR Code Scanner","qrcode{{slash}}/index{{slash}}/add":"Add QR Code","qrcode{{slash}}/index{{slash}}/view":"View QR Code","qrcode{{slash}}/index{{slash}}/edit":"Edit QR Code","qrcode{{slash}}/index{{slash}}/delete":"Delete QR Code","qrcode{{slash}}/index{{slash}}/change":"Change QR Code Status","qrcode{{slash}}/index{{slash}}/export":"Export QR Code","qrcode{{slash}}/index{{slash}}/print":"Print QR Code"},"Questionnaire":{"questionnaire{{slash}}/index":"Questionnaires","question{{slash}}/index":"Questions","questionrule{{slash}}/index":"Question Rule","questionnaire{{slash}}/index{{slash}}/add":"Add Questionnaire","questionnaire{{slash}}/index{{slash}}/view":"View Questionnaire","questionnaire{{slash}}/index{{slash}}/edit":"Edit Questionnaire","questionnaire{{slash}}/index{{slash}}/delete":"Delete Questionnaire","questionnaire{{slash}}/index{{slash}}/change":"Change Questionnaire Status","questionnaire{{slash}}/index{{slash}}/export":"Export Questionnaire","questionnaire{{slash}}/index{{slash}}/print":"Print Questionnaire","question{{slash}}/index{{slash}}/add":"Add Question","question{{slash}}/index{{slash}}/view":"View Question","question{{slash}}/index{{slash}}/edit":"Edit Question","question{{slash}}/index{{slash}}/delete":"Delete Question","question{{slash}}/index{{slash}}/change":"Change Question Status","question{{slash}}/index{{slash}}/export":"Export Question","question{{slash}}/index{{slash}}/print":"Print Question","questionrule{{slash}}/index{{slash}}/add":"Add Question Rule","questionrule{{slash}}/index{{slash}}/view":"View Question Rule","questionrule{{slash}}/index{{slash}}/edit":"Edit Question Rule","questionrule{{slash}}/index{{slash}}/delete":"Delete Question Rule","questionrule{{slash}}/index{{slash}}/change":"Change Question Rule Status","questionrule{{slash}}/index{{slash}}/export":"Export Question Rule","questionrule{{slash}}/index{{slash}}/print":"Print Question Rule"}}";s:12:"user_session";O:8:"stdClass":8:{s:2:"id";s:1:"1";s:8:"username";s:5:"admin";s:5:"email";s:15:"admin@admin.com";s:8:"group_id";s:1:"1";s:6:"status";s:1:"1";s:10:"last_login";s:10:"1455264383";s:9:"logged_in";b:1;s:4:"name";s:21:"Administrator Website";}s:8:"curr_url";s:30:"admin-panel/questionrule/index";s:8:"prev_url";s:30:"admin-panel/questionrule/index";s:11:"participant";O:8:"stdClass":28:{s:2:"id";s:1:"5";s:13:"identifier_id";N;s:8:"identity";N;s:11:"profile_url";N;s:9:"photo_url";N;s:5:"email";s:29:"defrian.yarfi@d3.dentsu.co.id";s:7:"website";N;s:8:"password";N;s:8:"username";N;s:4:"name";s:13:"Defrian Yarfi";s:6:"gender";N;s:3:"age";N;s:14:"nationality_id";N;s:13:"research_area";N;s:10:"occupation";N;s:5:"about";N;s:7:"address";N;s:6:"region";N;s:12:"phone_number";N;s:9:"id_number";N;s:9:"file_name";N;s:6:"verify";N;s:9:"completed";s:1:"1";s:9:"logged_in";s:1:"0";s:10:"last_login";N;s:10:"session_id";s:0:"";s:6:"status";s:1:"1";s:9:"join_date";s:19:"2016-02-11 12:00:00";}}');

-- --------------------------------------------------------

--
-- Table structure for table `tbl_colorcontents`
--

CREATE TABLE IF NOT EXISTS `tbl_colorcontents` (
  `id` int(11) unsigned NOT NULL AUTO_INCREMENT,
  `color_id` int(11) DEFAULT NULL,
  `name` varchar(255) DEFAULT NULL,
  `text` text,
  `serial` text,
  `file_name` varchar(512) DEFAULT NULL,
  `colorcontent_url` varchar(512) DEFAULT NULL,
  `order` tinyint(3) DEFAULT NULL,
  `user_id` int(11) DEFAULT NULL,
  `count` int(11) DEFAULT NULL,
  `status` tinyint(1) DEFAULT '1',
  `added` int(11) DEFAULT NULL,
  `modified` int(11) DEFAULT NULL,
  PRIMARY KEY (`id`),
  KEY `name` (`name`)
) ENGINE=MyISAM  DEFAULT CHARSET=utf8 AUTO_INCREMENT=17 ;

--
-- Dumping data for table `tbl_colorcontents`
--

INSERT INTO `tbl_colorcontents` (`id`, `color_id`, `name`, `text`, `serial`, `file_name`, `colorcontent_url`, `order`, `user_id`, `count`, `status`, `added`, `modified`) VALUES
(1, 4, 'Atasan Merah', 'Lorem Ipsum is simply dummy text of the printing and typesetting industry. Lorem Ipsum has been the industry''s standard dummy text ever since the 1500s, when an unknown printer took a galley of type and scrambled it to make a type specimen book. It has survived not only five centuries, but also the leap into electronic typesetting, remaining essentially unchanged. It was popularised in the 1960s with the release of Letraset sheets containing Lorem Ipsum passages, and more recently with desktop publishing software like Aldus PageMaker including versions of Lorem Ipsum.', NULL, NULL, NULL, NULL, NULL, NULL, 1, 1427961416, 1427961961),
(2, 10, 'Atasan Kuning', 'Contrary to popular belief, Lorem Ipsum is not simply random text. It has roots in a piece of classical Latin literature from 45 BC, making it over 2000 years old. Richard McClintock, a Latin professor at Hampden-Sydney College in Virginia, looked up one of the more obscure Latin words, consectetur, from a Lorem Ipsum passage, and going through the cites of the word in classical literature, discovered the undoubtable source. Lorem Ipsum comes from sections 1.10.32 and 1.10.33 of "de Finibus Bonorum et Malorum" (The Extremes of Good and Evil) by Cicero, written in 45 BC. This book is a treatise on the theory of ethics, very popular during the Renaissance. The first line of Lorem Ipsum, "Lorem ipsum dolor sit amet..", comes from a line in section 1.10.32.', NULL, NULL, NULL, NULL, NULL, NULL, 1, 1427961812, 1427961968),
(3, 4, 'Bawahan Merah', 'The standard chunk of Lorem Ipsum used since the 1500s is reproduced below for those interested. Sections 1.10.32 and 1.10.33 from "de Finibus Bonorum et Malorum" by Cicero are also reproduced in their exact original form, accompanied by English versions from the 1914 translation by H. Rackham.', NULL, NULL, NULL, NULL, NULL, NULL, 1, 1427961852, NULL),
(4, 10, 'Bawahan Kuning', 'There are many variations of passages of Lorem Ipsum available, but the majority have suffered alteration in some form, by injected humour, or randomised words which don''t look even slightly believable. If you are going to use a passage of Lorem Ipsum, you need to be sure there isn''t anything embarrassing hidden in the middle of text. All the Lorem Ipsum generators on the Internet tend to repeat predefined chunks as necessary, making this the first true generator on the Internet. It uses a dictionary of over 200 Latin words, combined with a handful of model sentence structures, to generate Lorem Ipsum which looks reasonable. The generated Lorem Ipsum is therefore always free from repetition, injected humour, or non-characteristic words etc.', NULL, NULL, NULL, NULL, NULL, NULL, 1, 1427961873, 1427961904),
(5, 8, 'Atasan Hijau', 'Lorem ipsum dolor sit amet, consectetur adipiscing elit, sed do eiusmod tempor incididunt ut labore et dolore magna aliqua. Ut enim ad minim veniam, quis nostrud exercitation ullamco laboris nisi ut aliquip ex ea commodo consequat. Duis aute irure dolor in reprehenderit in voluptate velit esse cillum dolore eu fugiat nulla pariatur. Excepteur sint occaecat cupidatat non proident, sunt in culpa qui officia deserunt mollit anim id est laborum.', NULL, NULL, NULL, NULL, NULL, NULL, 1, 1427961918, NULL),
(6, 8, 'Bawahan Hijau', 'Sed ut perspiciatis unde omnis iste natus error sit voluptatem accusantium doloremque laudantium, totam rem aperiam, eaque ipsa quae ab illo inventore veritatis et quasi architecto beatae vitae dicta sunt explicabo. Nemo enim ipsam voluptatem quia voluptas sit aspernatur aut odit aut fugit, sed quia consequuntur magni dolores eos qui ratione voluptatem sequi nesciunt. Neque porro quisquam est, qui dolorem ipsum quia dolor sit amet, consectetur, adipisci velit, sed quia non numquam eius modi tempora incidunt ut labore et dolore magnam aliquam quaerat voluptatem. Ut enim ad minima veniam, quis nostrum exercitationem ullam corporis suscipit laboriosam, nisi ut aliquid ex ea commodi consequatur? Quis autem vel eum iure reprehenderit qui in ea voluptate velit esse quam nihil molestiae consequatur, vel illum qui dolorem eum fugiat quo voluptas nulla pariatur?', NULL, NULL, NULL, NULL, NULL, NULL, 1, 1427961935, NULL),
(7, 24, 'Atasan Abu Abu', 'But I must explain to you how all this mistaken idea of denouncing pleasure and praising pain was born and I will give you a complete account of the system, and expound the actual teachings of the great explorer of the truth, the master-builder of human happiness. No one rejects, dislikes, or avoids pleasure itself, because it is pleasure, but because those who do not know how to pursue pleasure rationally encounter consequences that are extremely painful. Nor again is there anyone who loves or pursues or desires to obtain pain of itself, because it is pain, but because occasionally circumstances occur in which toil and pain can procure him some great pleasure. To take a trivial example, which of us ever undertakes laborious physical exercise, except to obtain some advantage from it? But who has any right to find fault with a man who chooses to enjoy a pleasure that has no annoying consequences, or one who avoids a pain that produces no resultant pleasure?', NULL, NULL, NULL, NULL, NULL, NULL, 1, 1427961987, NULL),
(8, 24, 'Bawahan Abu Abu', 'At vero eos et accusamus et iusto odio dignissimos ducimus qui blanditiis praesentium voluptatum deleniti atque corrupti quos dolores et quas molestias excepturi sint occaecati cupiditate non provident, similique sunt in culpa qui officia deserunt mollitia animi, id est laborum et dolorum fuga. Et harum quidem rerum facilis est et expedita distinctio. Nam libero tempore, cum soluta nobis est eligendi optio cumque nihil impedit quo minus id quod maxime placeat facere possimus, omnis voluptas assumenda est, omnis dolor repellendus. Temporibus autem quibusdam et aut officiis debitis aut rerum necessitatibus saepe eveniet ut et voluptates repudiandae sint et molestiae non recusandae. Itaque earum rerum hic tenetur a sapiente delectus, ut aut reiciendis voluptatibus maiores alias consequatur aut perferendis doloribus asperiores repellat.', NULL, NULL, NULL, NULL, NULL, NULL, 1, 1427962020, NULL),
(9, 12, 'Atasan Ungu', 'On the other hand, we denounce with righteous indignation and dislike men who are so beguiled and demoralized by the charms of pleasure of the moment, so blinded by desire, that they cannot foresee the pain and trouble that are bound to ensue; and equal blame belongs to those who fail in their duty through weakness of will, which is the same as saying through shrinking from toil and pain. These cases are perfectly simple and easy to distinguish. In a free hour, when our power of choice is untrammelled and when nothing prevents our being able to do what we like best, every pleasure is to be welcomed and every pain avoided. But in certain circumstances and owing to the claims of duty or the obligations of business it will frequently occur that pleasures have to be repudiated and annoyances accepted. The wise man therefore always holds in these matters to this principle of selection: he rejects pleasures to secure other greater pleasures, or else he endures pains to avoid worse pains.', NULL, NULL, NULL, NULL, NULL, NULL, 1, 1427962049, NULL),
(10, 12, 'Bawahan Ungu', 'On the other hand, we denounce with righteous indignation and dislike men who are so beguiled and demoralized by the charms of pleasure of the moment, so blinded by desire, that they cannot foresee the pain and trouble that are bound to ensue; and equal blame belongs to those who fail in their duty through weakness of will, which is the same as saying through shrinking from toil and pain. These cases are perfectly simple and easy to distinguish. In a free hour, when our power of choice is untrammelled and when nothing prevents our being able to do what we like best, every pleasure is to be welcomed and every pain avoided. But in certain circumstances and owing to the claims of duty or the obligations of business it will frequently occur that pleasures have to be repudiated and annoyances accepted. The wise man therefore always holds in these matters to this principle of selection: he rejects pleasures to secure other greater pleasures, or else he endures pains to avoid worse pains.', NULL, NULL, NULL, NULL, NULL, NULL, 1, 1427962076, NULL),
(11, 25, 'Atasan Hitam', 'On the other hand, we denounce with righteous indignation and dislike men who are so beguiled and demoralized by the charms of pleasure of the moment, so blinded by desire, that they cannot foresee the pain and trouble that are bound to ensue; and equal blame belongs to those who fail in their duty through weakness of will, which is the same as saying through shrinking from toil and pain. These cases are perfectly simple and easy to distinguish. In a free hour, when our power of choice is untrammelled and when nothing prevents our being able to do what we like best, every pleasure is to be welcomed and every pain avoided. But in certain circumstances and owing to the claims of duty or the obligations of business it will frequently occur that pleasures have to be repudiated and annoyances accepted. The wise man therefore always holds in these matters to this principle of selection: he rejects pleasures to secure other greater pleasures, or else he endures pains to avoid worse pains.', NULL, NULL, NULL, NULL, NULL, NULL, 1, 1427962122, NULL),
(12, 25, 'Bawahan Hitam', 'On the other hand, we denounce with righteous indignation and dislike men who are so beguiled and demoralized by the charms of pleasure of the moment, so blinded by desire, that they cannot foresee the pain and trouble that are bound to ensue; and equal blame belongs to those who fail in their duty through weakness of will, which is the same as saying through shrinking from toil and pain. These cases are perfectly simple and easy to distinguish. In a free hour, when our power of choice is untrammelled and when nothing prevents our being able to do what we like best, every pleasure is to be welcomed and every pain avoided. But in certain circumstances and owing to the claims of duty or the obligations of business it will frequently occur that pleasures have to be repudiated and annoyances accepted. The wise man therefore always holds in these matters to this principle of selection: he rejects pleasures to secure other greater pleasures, or else he endures pains to avoid worse pains.', NULL, NULL, NULL, NULL, NULL, NULL, 1, 1427962136, NULL),
(13, 15, 'Atasan Putih', 'On the other hand, we denounce with righteous indignation and dislike men who are so beguiled and demoralized by the charms of pleasure of the moment, so blinded by desire, that they cannot foresee the pain and trouble that are bound to ensue; and equal blame belongs to those who fail in their duty through weakness of will, which is the same as saying through shrinking from toil and pain. These cases are perfectly simple and easy to distinguish. In a free hour, when our power of choice is untrammelled and when nothing prevents our being able to do what we like best, every pleasure is to be welcomed and every pain avoided. But in certain circumstances and owing to the claims of duty or the obligations of business it will frequently occur that pleasures have to be repudiated and annoyances accepted. The wise man therefore always holds in these matters to this principle of selection: he rejects pleasures to secure other greater pleasures, or else he endures pains to avoid worse pains.', NULL, NULL, NULL, NULL, NULL, NULL, 1, 1427962156, NULL),
(14, 15, 'Bawahan Putih', 'On the other hand, we denounce with righteous indignation and dislike men who are so beguiled and demoralized by the charms of pleasure of the moment, so blinded by desire, that they cannot foresee the pain and trouble that are bound to ensue; and equal blame belongs to those who fail in their duty through weakness of will, which is the same as saying through shrinking from toil and pain. These cases are perfectly simple and easy to distinguish. In a free hour, when our power of choice is untrammelled and when nothing prevents our being able to do what we like best, every pleasure is to be welcomed and every pain avoided. But in certain circumstances and owing to the claims of duty or the obligations of business it will frequently occur that pleasures have to be repudiated and annoyances accepted. The wise man therefore always holds in these matters to this principle of selection: he rejects pleasures to secure other greater pleasures, or else he endures pains to avoid worse pains.', NULL, NULL, NULL, NULL, NULL, NULL, 1, 1427962170, NULL),
(15, 2, 'Atasan Biru', 'On the other hand, we denounce with righteous indignation and dislike men who are so beguiled and demoralized by the charms of pleasure of the moment, so blinded by desire, that they cannot foresee the pain and trouble that are bound to ensue; and equal blame belongs to those who fail in their duty through weakness of will, which is the same as saying through shrinking from toil and pain. These cases are perfectly simple and easy to distinguish. In a free hour, when our power of choice is untrammelled and when nothing prevents our being able to do what we like best, every pleasure is to be welcomed and every pain avoided. But in certain circumstances and owing to the claims of duty or the obligations of business it will frequently occur that pleasures have to be repudiated and annoyances accepted. The wise man therefore always holds in these matters to this principle of selection: he rejects pleasures to secure other greater pleasures, or else he endures pains to avoid worse pains.', NULL, NULL, NULL, NULL, NULL, NULL, 1, 1427962188, NULL),
(16, 2, 'Bawahan Biru', 'On the other hand, we denounce with righteous indignation and dislike men who are so beguiled and demoralized by the charms of pleasure of the moment, so blinded by desire, that they cannot foresee the pain and trouble that are bound to ensue; and equal blame belongs to those who fail in their duty through weakness of will, which is the same as saying through shrinking from toil and pain. These cases are perfectly simple and easy to distinguish. In a free hour, when our power of choice is untrammelled and when nothing prevents our being able to do what we like best, every pleasure is to be welcomed and every pain avoided. But in certain circumstances and owing to the claims of duty or the obligations of business it will frequently occur that pleasures have to be repudiated and annoyances accepted. The wise man therefore always holds in these matters to this principle of selection: he rejects pleasures to secure other greater pleasures, or else he endures pains to avoid worse pains.', NULL, NULL, NULL, NULL, NULL, NULL, 1, 1427962200, 1427962210);

-- --------------------------------------------------------

--
-- Table structure for table `tbl_colorpersonals`
--

CREATE TABLE IF NOT EXISTS `tbl_colorpersonals` (
  `id` int(11) unsigned NOT NULL AUTO_INCREMENT,
  `session_id` varchar(255) DEFAULT NULL,
  `colorcontent_id` int(11) DEFAULT NULL,
  `added` int(11) DEFAULT NULL,
  `modified` int(11) DEFAULT NULL,
  PRIMARY KEY (`id`),
  KEY `session_id` (`session_id`)
) ENGINE=MyISAM DEFAULT CHARSET=utf8 AUTO_INCREMENT=1 ;

-- --------------------------------------------------------

--
-- Table structure for table `tbl_colors`
--

CREATE TABLE IF NOT EXISTS `tbl_colors` (
  `id` int(11) unsigned NOT NULL AUTO_INCREMENT,
  `name` varchar(255) DEFAULT NULL,
  `text` text,
  `serial` text,
  `file_name` varchar(512) DEFAULT NULL,
  `color_url` varchar(512) DEFAULT NULL,
  `order` tinyint(3) DEFAULT NULL,
  `user_id` int(11) DEFAULT NULL,
  `count` int(11) DEFAULT NULL,
  `status` tinyint(1) DEFAULT '1',
  `added` int(11) DEFAULT NULL,
  `modified` int(11) DEFAULT NULL,
  PRIMARY KEY (`id`),
  KEY `name` (`name`)
) ENGINE=MyISAM  DEFAULT CHARSET=utf8 AUTO_INCREMENT=26 ;

--
-- Dumping data for table `tbl_colors`
--

INSERT INTO `tbl_colors` (`id`, `name`, `text`, `serial`, `file_name`, `color_url`, `order`, `user_id`, `count`, `status`, `added`, `modified`) VALUES
(1, NULL, NULL, 'FF5938', NULL, NULL, NULL, NULL, NULL, 1, 1427959090, NULL),
(2, NULL, NULL, '3068FF', NULL, NULL, NULL, NULL, NULL, 1, 1427959236, NULL),
(3, NULL, NULL, 'EEFFA8', NULL, NULL, NULL, NULL, NULL, 1, 1427959243, NULL),
(4, NULL, NULL, 'FF0D15', NULL, NULL, NULL, NULL, NULL, 1, 1427959251, NULL),
(5, NULL, NULL, 'FFD95C', NULL, NULL, NULL, NULL, NULL, 1, 1427959257, NULL),
(6, NULL, NULL, '17FFE0', NULL, NULL, NULL, NULL, NULL, 1, 1427959262, NULL),
(7, NULL, NULL, 'E2FF9E', NULL, NULL, NULL, NULL, NULL, 1, 1427959268, NULL),
(8, NULL, NULL, '1AFF12', NULL, NULL, NULL, NULL, NULL, 1, 1427959273, NULL),
(9, NULL, NULL, 'E9E6FF', NULL, NULL, NULL, NULL, NULL, 1, 1427959279, NULL),
(10, NULL, NULL, 'F8FF36', NULL, NULL, NULL, NULL, NULL, 1, 1427959287, NULL),
(11, NULL, NULL, 'FFF2E8', NULL, NULL, NULL, NULL, NULL, 1, 1427959293, NULL),
(12, NULL, NULL, '9C08FF', NULL, NULL, NULL, NULL, NULL, 1, 1427959299, NULL),
(13, NULL, NULL, 'FFD8B5', NULL, NULL, NULL, NULL, NULL, 1, 1427959303, NULL),
(14, NULL, NULL, '8EFF78', NULL, NULL, NULL, NULL, NULL, 1, 1427959308, NULL),
(15, NULL, NULL, 'FFFFFF', NULL, NULL, NULL, NULL, NULL, 1, 1427959317, NULL),
(16, NULL, NULL, '570101', NULL, NULL, NULL, NULL, NULL, 1, 1427959323, NULL),
(17, NULL, NULL, 'FFBF29', NULL, NULL, NULL, NULL, NULL, 1, 1427959330, NULL),
(18, NULL, NULL, '26FF26', NULL, NULL, NULL, NULL, NULL, 1, 1427959336, NULL),
(19, NULL, NULL, 'FFF017', NULL, NULL, NULL, NULL, NULL, 1, 1427959341, NULL),
(20, NULL, NULL, '08F7FF', NULL, NULL, NULL, NULL, NULL, 1, 1427959348, NULL),
(21, NULL, NULL, 'EFFFBA', NULL, NULL, NULL, NULL, NULL, 1, 1427959353, NULL),
(22, NULL, NULL, 'A5D6C4', NULL, NULL, NULL, NULL, NULL, 1, 1427959358, NULL),
(23, NULL, NULL, 'C7BF4E', NULL, NULL, NULL, NULL, NULL, 1, 1427959369, NULL),
(24, NULL, NULL, 'DDD6FF', NULL, NULL, NULL, NULL, NULL, 1, 1427959387, NULL),
(25, NULL, NULL, '000000', NULL, NULL, NULL, NULL, NULL, 1, 1427962111, NULL);

-- --------------------------------------------------------

--
-- Table structure for table `tbl_color_contents`
--

CREATE TABLE IF NOT EXISTS `tbl_color_contents` (
  `id` int(11) unsigned NOT NULL AUTO_INCREMENT,
  `color_id` int(11) DEFAULT NULL,
  `name` varchar(255) DEFAULT NULL,
  `text` text,
  `serial` text,
  `file_name` varchar(512) DEFAULT NULL,
  `colorcontent_url` varchar(512) DEFAULT NULL,
  `order` tinyint(3) DEFAULT NULL,
  `user_id` int(11) DEFAULT NULL,
  `count` int(11) DEFAULT NULL,
  `status` tinyint(1) DEFAULT '1',
  `added` int(11) DEFAULT NULL,
  `modified` int(11) DEFAULT NULL,
  PRIMARY KEY (`id`),
  KEY `name` (`name`)
) ENGINE=MyISAM DEFAULT CHARSET=utf8 AUTO_INCREMENT=1 ;

-- --------------------------------------------------------

--
-- Table structure for table `tbl_color_personals`
--

CREATE TABLE IF NOT EXISTS `tbl_color_personals` (
  `id` int(11) unsigned NOT NULL AUTO_INCREMENT,
  `session_id` varchar(255) DEFAULT NULL,
  `colorcontent_id` int(11) DEFAULT NULL,
  `added` int(11) DEFAULT NULL,
  `modified` int(11) DEFAULT NULL,
  PRIMARY KEY (`id`),
  KEY `session_id` (`session_id`)
) ENGINE=MyISAM DEFAULT CHARSET=utf8 AUTO_INCREMENT=1 ;

-- --------------------------------------------------------

--
-- Table structure for table `tbl_configurations`
--

CREATE TABLE IF NOT EXISTS `tbl_configurations` (
  `parameter` varchar(150) NOT NULL DEFAULT '',
  `value` varchar(150) NOT NULL DEFAULT '',
  PRIMARY KEY (`parameter`,`value`)
) ENGINE=MyISAM DEFAULT CHARSET=utf8;

--
-- Dumping data for table `tbl_configurations`
--

INSERT INTO `tbl_configurations` (`parameter`, `value`) VALUES
('environment', '0'),
('install', '0'),
('maintenance', '0'),
('theme', '0');

-- --------------------------------------------------------

--
-- Table structure for table `tbl_divisions`
--

CREATE TABLE IF NOT EXISTS `tbl_divisions` (
  `id` int(11) NOT NULL AUTO_INCREMENT,
  `name` varchar(255) DEFAULT NULL,
  `subject` varchar(255) DEFAULT NULL,
  `description` text NOT NULL,
  `is_system` tinyint(1) NOT NULL DEFAULT '1',
  `status` tinyint(1) DEFAULT '1',
  `added` int(11) NOT NULL,
  `modified` int(11) NOT NULL,
  PRIMARY KEY (`id`),
  KEY `name` (`name`,`status`)
) ENGINE=MyISAM  DEFAULT CHARSET=utf8 AUTO_INCREMENT=22 ;

--
-- Dumping data for table `tbl_divisions`
--

INSERT INTO `tbl_divisions` (`id`, `name`, `subject`, `description`, `is_system`, `status`, `added`, `modified`) VALUES
(12, 'developer', 'Developer', '<p>\r\n	Web Developer Division</p>\r\n', 1, 1, 1364610224, 1364610224),
(13, 'director', 'Director', '<p>\r\n	Director</p>\r\n', 1, 1, 1364610224, 1368369595),
(14, 'account', 'Account', '<p>\r\n	Account</p>\r\n', 1, 1, 0, 0),
(15, 'manager', 'Manager', '<p>\r\n	Manager</p>\r\n', 1, 1, 0, 0),
(16, 'strategist', 'Strategist', '<p>\r\n	Strategist</p>\r\n', 1, 1, 0, 0),
(17, 'creative', 'Creative', '<p>\r\n	Creative</p>\r\n', 1, 1, 0, 0),
(18, 'finance', 'Finance', '<p>\r\n	Finance</p>\r\n', 1, 1, 0, 0);

-- --------------------------------------------------------

--
-- Table structure for table `tbl_division_files`
--

CREATE TABLE IF NOT EXISTS `tbl_division_files` (
  `id` int(11) unsigned NOT NULL AUTO_INCREMENT,
  `division_id` int(11) unsigned DEFAULT NULL,
  `field_name` varchar(96) DEFAULT NULL,
  `file_name` varchar(64) DEFAULT NULL,
  `file_type` varchar(16) DEFAULT NULL,
  `caption` varchar(255) DEFAULT NULL,
  PRIMARY KEY (`id`),
  KEY `article_id` (`division_id`)
) ENGINE=MyISAM  DEFAULT CHARSET=utf8 AUTO_INCREMENT=2 ;

--
-- Dumping data for table `tbl_division_files`
--

INSERT INTO `tbl_division_files` (`id`, `division_id`, `field_name`, `file_name`, `file_type`, `caption`) VALUES
(1, 13, 'image_1', 'd0020c5505cc68f55446c109c352930d.jpg', 'image/jpeg', '');

-- --------------------------------------------------------

--
-- Table structure for table `tbl_group_permissions`
--

CREATE TABLE IF NOT EXISTS `tbl_group_permissions` (
  `id` int(11) unsigned NOT NULL AUTO_INCREMENT,
  `permission_id` int(11) NOT NULL,
  `group_id` int(11) NOT NULL,
  `value` smallint(1) NOT NULL,
  `added` int(11) NOT NULL,
  `modified` int(11) NOT NULL,
  PRIMARY KEY (`id`),
  KEY `id` (`id`)
) ENGINE=MyISAM  DEFAULT CHARSET=utf8 AUTO_INCREMENT=1441 ;

--
-- Dumping data for table `tbl_group_permissions`
--

INSERT INTO `tbl_group_permissions` (`id`, `permission_id`, `group_id`, `value`, `added`, `modified`) VALUES
(1, 1, 1, 1, 1452179319, 0),
(2, 2, 1, 1, 1452179319, 0),
(3, 3, 1, 1, 1452179319, 0),
(4, 4, 1, 1, 1452179319, 0),
(5, 5, 1, 1, 1452179319, 0),
(6, 6, 1, 1, 1452179319, 0),
(7, 38, 1, 1, 1452179319, 0),
(8, 39, 1, 1, 1452179319, 0),
(9, 40, 1, 1, 1452179319, 0),
(10, 41, 1, 1, 1452179319, 0),
(11, 71, 1, 1, 1452179319, 0),
(12, 72, 1, 1, 1452179319, 0),
(13, 73, 1, 1, 1452179319, 0),
(14, 74, 1, 1, 1452179319, 0),
(15, 96, 1, 1, 1452179319, 0),
(16, 97, 1, 1, 1452179319, 0),
(17, 112, 1, 1, 1452179319, 0),
(18, 113, 1, 1, 1452179319, 0),
(19, 128, 1, 1, 1452179319, 0),
(20, 129, 1, 1, 1452179319, 0),
(21, 137, 1, 1, 1452179319, 0),
(22, 138, 1, 1, 1452179319, 0),
(23, 139, 1, 1, 1452179319, 0),
(24, 7, 1, 1, 1452179319, 0),
(25, 8, 1, 1, 1452179319, 0),
(26, 9, 1, 1, 1452179319, 0),
(27, 10, 1, 1, 1452179319, 0),
(28, 11, 1, 1, 1452179319, 0),
(29, 12, 1, 1, 1452179319, 0),
(30, 13, 1, 1, 1452179319, 0),
(31, 14, 1, 1, 1452179319, 0),
(32, 15, 1, 1, 1452179319, 0),
(33, 16, 1, 1, 1452179319, 0),
(34, 17, 1, 1, 1452179319, 0),
(35, 18, 1, 1, 1452179319, 0),
(36, 19, 1, 1, 1452179319, 0),
(37, 20, 1, 1, 1452179319, 0),
(38, 21, 1, 1, 1452179319, 0),
(39, 22, 1, 1, 1452179319, 0),
(40, 23, 1, 1, 1452179319, 0),
(41, 24, 1, 1, 1452179319, 0),
(42, 25, 1, 1, 1452179319, 0),
(43, 26, 1, 1, 1452179319, 0),
(44, 27, 1, 1, 1452179319, 0),
(45, 28, 1, 1, 1452179319, 0),
(46, 29, 1, 1, 1452179319, 0),
(47, 30, 1, 1, 1452179319, 0),
(48, 31, 1, 1, 1452179319, 0),
(49, 32, 1, 1, 1452179319, 0),
(50, 33, 1, 1, 1452179319, 0),
(51, 34, 1, 1, 1452179319, 0),
(52, 35, 1, 1, 1452179319, 0),
(53, 36, 1, 1, 1452179319, 0),
(54, 37, 1, 1, 1452179319, 0),
(55, 42, 1, 1, 1452179319, 0),
(56, 43, 1, 1, 1452179319, 0),
(57, 44, 1, 1, 1452179319, 0),
(58, 45, 1, 1, 1452179319, 0),
(59, 46, 1, 1, 1452179319, 0),
(60, 47, 1, 1, 1452179319, 0),
(61, 48, 1, 1, 1452179319, 0),
(62, 49, 1, 1, 1452179319, 0),
(63, 50, 1, 1, 1452179319, 0),
(64, 51, 1, 1, 1452179319, 0),
(65, 52, 1, 1, 1452179319, 0),
(66, 53, 1, 1, 1452179319, 0),
(67, 54, 1, 1, 1452179319, 0),
(68, 55, 1, 1, 1452179319, 0),
(69, 56, 1, 1, 1452179319, 0),
(70, 57, 1, 1, 1452179319, 0),
(71, 58, 1, 1, 1452179319, 0),
(72, 59, 1, 1, 1452179319, 0),
(73, 60, 1, 1, 1452179319, 0),
(74, 61, 1, 1, 1452179319, 0),
(75, 62, 1, 1, 1452179319, 0),
(76, 63, 1, 1, 1452179319, 0),
(77, 64, 1, 1, 1452179319, 0),
(78, 65, 1, 1, 1452179319, 0),
(79, 66, 1, 1, 1452179319, 0),
(80, 67, 1, 1, 1452179319, 0),
(81, 68, 1, 1, 1452179319, 0),
(82, 69, 1, 1, 1452179319, 0),
(83, 70, 1, 1, 1452179319, 0),
(84, 75, 1, 1, 1452179319, 0),
(85, 76, 1, 1, 1452179319, 0),
(86, 77, 1, 1, 1452179319, 0),
(87, 78, 1, 1, 1452179319, 0),
(88, 79, 1, 1, 1452179319, 0),
(89, 80, 1, 1, 1452179319, 0),
(90, 81, 1, 1, 1452179319, 0),
(91, 82, 1, 1, 1452179319, 0),
(92, 83, 1, 1, 1452179319, 0),
(93, 84, 1, 1, 1452179319, 0),
(94, 85, 1, 1, 1452179319, 0),
(95, 86, 1, 1, 1452179319, 0),
(96, 87, 1, 1, 1452179319, 0),
(97, 88, 1, 1, 1452179319, 0),
(98, 89, 1, 1, 1452179319, 0),
(99, 90, 1, 1, 1452179319, 0),
(100, 91, 1, 1, 1452179319, 0),
(101, 92, 1, 1, 1452179319, 0),
(102, 93, 1, 1, 1452179319, 0),
(103, 94, 1, 1, 1452179319, 0),
(104, 95, 1, 1, 1452179319, 0),
(105, 98, 1, 1, 1452179319, 0),
(106, 99, 1, 1, 1452179319, 0),
(107, 100, 1, 1, 1452179319, 0),
(108, 101, 1, 1, 1452179319, 0),
(109, 102, 1, 1, 1452179319, 0),
(110, 103, 1, 1, 1452179319, 0),
(111, 104, 1, 1, 1452179319, 0),
(112, 105, 1, 1, 1452179319, 0),
(113, 106, 1, 1, 1452179319, 0),
(114, 107, 1, 1, 1452179319, 0),
(115, 108, 1, 1, 1452179319, 0),
(116, 109, 1, 1, 1452179319, 0),
(117, 110, 1, 1, 1452179319, 0),
(118, 111, 1, 1, 1452179319, 0),
(119, 114, 1, 1, 1452179319, 0),
(120, 115, 1, 1, 1452179319, 0),
(121, 116, 1, 1, 1452179319, 0),
(122, 117, 1, 1, 1452179319, 0),
(123, 118, 1, 1, 1452179319, 0),
(124, 119, 1, 1, 1452179319, 0),
(125, 120, 1, 1, 1452179319, 0),
(126, 121, 1, 1, 1452179319, 0),
(127, 122, 1, 1, 1452179319, 0),
(128, 123, 1, 1, 1452179319, 0),
(129, 124, 1, 1, 1452179319, 0),
(130, 125, 1, 1, 1452179319, 0),
(131, 126, 1, 1, 1452179319, 0),
(132, 127, 1, 1, 1452179319, 0),
(133, 130, 1, 1, 1452179319, 0),
(134, 131, 1, 1, 1452179319, 0),
(135, 132, 1, 1, 1452179319, 0),
(136, 133, 1, 1, 1452179319, 0),
(137, 134, 1, 1, 1452179319, 0),
(138, 135, 1, 1, 1452179319, 0),
(139, 136, 1, 1, 1452179319, 0),
(140, 140, 1, 1, 1452179319, 0),
(141, 141, 1, 1, 1452179319, 0),
(142, 142, 1, 1, 1452179319, 0),
(143, 143, 1, 1, 1452179319, 0),
(144, 144, 1, 1, 1452179319, 0),
(145, 145, 1, 1, 1452179319, 0),
(146, 146, 1, 1, 1452179319, 0),
(147, 147, 1, 1, 1452179319, 0),
(148, 148, 1, 1, 1452179319, 0),
(149, 149, 1, 1, 1452179319, 0),
(150, 150, 1, 1, 1452179319, 0),
(151, 151, 1, 1, 1452179319, 0),
(152, 152, 1, 1, 1452179319, 0),
(153, 153, 1, 1, 1452179319, 0),
(154, 154, 1, 1, 1452179319, 0),
(155, 155, 1, 1, 1452179319, 0),
(156, 156, 1, 1, 1452179319, 0),
(157, 157, 1, 1, 1452179319, 0),
(158, 158, 1, 1, 1452179319, 0),
(159, 159, 1, 1, 1452179319, 0),
(160, 160, 1, 1, 1452179319, 0),
(161, 1, 2, 1, 1452179319, 0),
(162, 2, 2, 1, 1452179319, 0),
(163, 3, 2, 1, 1452179319, 0),
(164, 4, 2, 1, 1452179319, 0),
(165, 5, 2, 1, 1452179319, 0),
(166, 6, 2, 1, 1452179319, 0),
(167, 38, 2, 1, 1452179319, 0),
(168, 39, 2, 1, 1452179319, 0),
(169, 40, 2, 1, 1452179319, 0),
(170, 41, 2, 1, 1452179319, 0),
(171, 71, 2, 1, 1452179319, 0),
(172, 72, 2, 1, 1452179319, 0),
(173, 73, 2, 1, 1452179319, 0),
(174, 74, 2, 1, 1452179319, 0),
(175, 96, 2, 1, 1452179319, 0),
(176, 97, 2, 1, 1452179319, 0),
(177, 112, 2, 1, 1452179319, 0),
(178, 113, 2, 1, 1452179319, 0),
(179, 128, 2, 1, 1452179319, 0),
(180, 129, 2, 1, 1452179319, 0),
(181, 137, 2, 1, 1452179319, 0),
(182, 138, 2, 1, 1452179319, 0),
(183, 139, 2, 1, 1452179319, 0),
(184, 7, 2, 1, 1452179319, 0),
(185, 8, 2, 1, 1452179319, 0),
(186, 9, 2, 1, 1452179319, 0),
(187, 10, 2, 1, 1452179319, 0),
(188, 11, 2, 1, 1452179319, 0),
(189, 12, 2, 1, 1452179319, 0),
(190, 13, 2, 1, 1452179319, 0),
(191, 14, 2, 1, 1452179319, 0),
(192, 15, 2, 1, 1452179319, 0),
(193, 16, 2, 1, 1452179319, 0),
(194, 17, 2, 1, 1452179319, 0),
(195, 18, 2, 1, 1452179319, 0),
(196, 19, 2, 1, 1452179319, 0),
(197, 20, 2, 1, 1452179319, 0),
(198, 21, 2, 1, 1452179319, 0),
(199, 22, 2, 1, 1452179319, 0),
(200, 23, 2, 1, 1452179319, 0),
(201, 24, 2, 1, 1452179319, 0),
(202, 25, 2, 1, 1452179319, 0),
(203, 26, 2, 1, 1452179319, 0),
(204, 27, 2, 1, 1452179319, 0),
(205, 28, 2, 1, 1452179319, 0),
(206, 29, 2, 1, 1452179319, 0),
(207, 30, 2, 1, 1452179319, 0),
(208, 31, 2, 1, 1452179319, 0),
(209, 32, 2, 1, 1452179319, 0),
(210, 33, 2, 1, 1452179319, 0),
(211, 34, 2, 1, 1452179319, 0),
(212, 35, 2, 1, 1452179319, 0),
(213, 36, 2, 1, 1452179319, 0),
(214, 37, 2, 1, 1452179319, 0),
(215, 42, 2, 1, 1452179319, 0),
(216, 43, 2, 1, 1452179319, 0),
(217, 44, 2, 1, 1452179319, 0),
(218, 45, 2, 1, 1452179319, 0),
(219, 46, 2, 1, 1452179319, 0),
(220, 47, 2, 1, 1452179319, 0),
(221, 48, 2, 1, 1452179319, 0),
(222, 49, 2, 1, 1452179319, 0),
(223, 50, 2, 1, 1452179319, 0),
(224, 51, 2, 1, 1452179319, 0),
(225, 52, 2, 1, 1452179319, 0),
(226, 53, 2, 1, 1452179319, 0),
(227, 54, 2, 1, 1452179319, 0),
(228, 55, 2, 1, 1452179319, 0),
(229, 56, 2, 1, 1452179319, 0),
(230, 57, 2, 1, 1452179319, 0),
(231, 58, 2, 1, 1452179319, 0),
(232, 59, 2, 1, 1452179319, 0),
(233, 60, 2, 1, 1452179319, 0),
(234, 61, 2, 1, 1452179319, 0),
(235, 62, 2, 1, 1452179319, 0),
(236, 63, 2, 1, 1452179319, 0),
(237, 64, 2, 1, 1452179319, 0),
(238, 65, 2, 1, 1452179319, 0),
(239, 66, 2, 1, 1452179319, 0),
(240, 67, 2, 1, 1452179319, 0),
(241, 68, 2, 1, 1452179319, 0),
(242, 69, 2, 1, 1452179319, 0),
(243, 70, 2, 1, 1452179319, 0),
(244, 75, 2, 1, 1452179319, 0),
(245, 76, 2, 1, 1452179319, 0),
(246, 77, 2, 1, 1452179319, 0),
(247, 78, 2, 1, 1452179319, 0),
(248, 79, 2, 1, 1452179319, 0),
(249, 80, 2, 1, 1452179319, 0),
(250, 81, 2, 1, 1452179319, 0),
(251, 82, 2, 1, 1452179319, 0),
(252, 83, 2, 1, 1452179319, 0),
(253, 84, 2, 1, 1452179319, 0),
(254, 85, 2, 1, 1452179319, 0),
(255, 86, 2, 1, 1452179319, 0),
(256, 87, 2, 1, 1452179319, 0),
(257, 88, 2, 1, 1452179319, 0),
(258, 89, 2, 1, 1452179319, 0),
(259, 90, 2, 1, 1452179319, 0),
(260, 91, 2, 1, 1452179319, 0),
(261, 92, 2, 1, 1452179319, 0),
(262, 93, 2, 1, 1452179319, 0),
(263, 94, 2, 1, 1452179319, 0),
(264, 95, 2, 1, 1452179319, 0),
(265, 98, 2, 1, 1452179319, 0),
(266, 99, 2, 1, 1452179319, 0),
(267, 100, 2, 1, 1452179319, 0),
(268, 101, 2, 1, 1452179319, 0),
(269, 102, 2, 1, 1452179319, 0),
(270, 103, 2, 1, 1452179319, 0),
(271, 104, 2, 1, 1452179319, 0),
(272, 105, 2, 1, 1452179319, 0),
(273, 106, 2, 1, 1452179319, 0),
(274, 107, 2, 1, 1452179319, 0),
(275, 108, 2, 1, 1452179319, 0),
(276, 109, 2, 1, 1452179319, 0),
(277, 110, 2, 1, 1452179319, 0),
(278, 111, 2, 1, 1452179319, 0),
(279, 114, 2, 1, 1452179319, 0),
(280, 115, 2, 1, 1452179319, 0),
(281, 116, 2, 1, 1452179319, 0),
(282, 117, 2, 1, 1452179319, 0),
(283, 118, 2, 1, 1452179319, 0),
(284, 119, 2, 1, 1452179319, 0),
(285, 120, 2, 1, 1452179319, 0),
(286, 121, 2, 1, 1452179319, 0),
(287, 122, 2, 1, 1452179319, 0),
(288, 123, 2, 1, 1452179319, 0),
(289, 124, 2, 1, 1452179319, 0),
(290, 125, 2, 1, 1452179319, 0),
(291, 126, 2, 1, 1452179319, 0),
(292, 127, 2, 1, 1452179319, 0),
(293, 130, 2, 1, 1452179319, 0),
(294, 131, 2, 1, 1452179319, 0),
(295, 132, 2, 1, 1452179319, 0),
(296, 133, 2, 1, 1452179319, 0),
(297, 134, 2, 1, 1452179319, 0),
(298, 135, 2, 1, 1452179319, 0),
(299, 136, 2, 1, 1452179319, 0),
(300, 140, 2, 1, 1452179319, 0),
(301, 141, 2, 1, 1452179319, 0),
(302, 142, 2, 1, 1452179319, 0),
(303, 143, 2, 1, 1452179319, 0),
(304, 144, 2, 1, 1452179319, 0),
(305, 145, 2, 1, 1452179319, 0),
(306, 146, 2, 1, 1452179319, 0),
(307, 147, 2, 1, 1452179319, 0),
(308, 148, 2, 1, 1452179319, 0),
(309, 149, 2, 1, 1452179319, 0),
(310, 150, 2, 1, 1452179319, 0),
(311, 151, 2, 1, 1452179319, 0),
(312, 152, 2, 1, 1452179319, 0),
(313, 153, 2, 1, 1452179319, 0),
(314, 154, 2, 1, 1452179319, 0),
(315, 155, 2, 1, 1452179319, 0),
(316, 156, 2, 1, 1452179319, 0),
(317, 157, 2, 1, 1452179319, 0),
(318, 158, 2, 1, 1452179319, 0),
(319, 159, 2, 1, 1452179319, 0),
(320, 160, 2, 1, 1452179319, 0),
(321, 1, 99, 0, 1452179319, 0),
(322, 2, 99, 0, 1452179319, 0),
(323, 3, 99, 0, 1452179319, 0),
(324, 4, 99, 0, 1452179319, 0),
(325, 5, 99, 0, 1452179319, 0),
(326, 6, 99, 0, 1452179319, 0),
(327, 38, 99, 0, 1452179319, 0),
(328, 39, 99, 0, 1452179319, 0),
(329, 40, 99, 0, 1452179319, 0),
(330, 41, 99, 0, 1452179319, 0),
(331, 71, 99, 0, 1452179319, 0),
(332, 72, 99, 0, 1452179319, 0),
(333, 73, 99, 0, 1452179319, 0),
(334, 74, 99, 0, 1452179319, 0),
(335, 96, 99, 0, 1452179319, 0),
(336, 97, 99, 0, 1452179319, 0),
(337, 112, 99, 0, 1452179319, 0),
(338, 113, 99, 0, 1452179319, 0),
(339, 128, 99, 0, 1452179319, 0),
(340, 129, 99, 0, 1452179319, 0),
(341, 137, 99, 0, 1452179319, 0),
(342, 138, 99, 0, 1452179319, 0),
(343, 139, 99, 0, 1452179319, 0),
(344, 7, 99, 0, 1452179319, 0),
(345, 8, 99, 0, 1452179319, 0),
(346, 9, 99, 0, 1452179319, 0),
(347, 10, 99, 0, 1452179319, 0),
(348, 11, 99, 0, 1452179319, 0),
(349, 12, 99, 0, 1452179319, 0),
(350, 13, 99, 0, 1452179319, 0),
(351, 14, 99, 0, 1452179319, 0),
(352, 15, 99, 0, 1452179319, 0),
(353, 16, 99, 0, 1452179319, 0),
(354, 17, 99, 0, 1452179319, 0),
(355, 18, 99, 0, 1452179319, 0),
(356, 19, 99, 0, 1452179319, 0),
(357, 20, 99, 0, 1452179319, 0),
(358, 21, 99, 0, 1452179319, 0),
(359, 22, 99, 0, 1452179319, 0),
(360, 23, 99, 0, 1452179319, 0),
(361, 24, 99, 0, 1452179319, 0),
(362, 25, 99, 0, 1452179319, 0),
(363, 26, 99, 0, 1452179319, 0),
(364, 27, 99, 0, 1452179319, 0),
(365, 28, 99, 0, 1452179319, 0),
(366, 29, 99, 0, 1452179319, 0),
(367, 30, 99, 0, 1452179319, 0),
(368, 31, 99, 0, 1452179319, 0),
(369, 32, 99, 0, 1452179319, 0),
(370, 33, 99, 0, 1452179319, 0),
(371, 34, 99, 0, 1452179319, 0),
(372, 35, 99, 0, 1452179319, 0),
(373, 36, 99, 0, 1452179319, 0),
(374, 37, 99, 0, 1452179319, 0),
(375, 42, 99, 0, 1452179319, 0),
(376, 43, 99, 0, 1452179319, 0),
(377, 44, 99, 0, 1452179319, 0),
(378, 45, 99, 0, 1452179319, 0),
(379, 46, 99, 0, 1452179319, 0),
(380, 47, 99, 0, 1452179319, 0),
(381, 48, 99, 0, 1452179319, 0),
(382, 49, 99, 0, 1452179319, 0),
(383, 50, 99, 0, 1452179319, 0),
(384, 51, 99, 0, 1452179319, 0),
(385, 52, 99, 0, 1452179319, 0),
(386, 53, 99, 0, 1452179319, 0),
(387, 54, 99, 0, 1452179319, 0),
(388, 55, 99, 0, 1452179319, 0),
(389, 56, 99, 0, 1452179319, 0),
(390, 57, 99, 0, 1452179319, 0),
(391, 58, 99, 0, 1452179319, 0),
(392, 59, 99, 0, 1452179319, 0),
(393, 60, 99, 0, 1452179319, 0),
(394, 61, 99, 0, 1452179319, 0),
(395, 62, 99, 0, 1452179319, 0),
(396, 63, 99, 0, 1452179319, 0),
(397, 64, 99, 0, 1452179319, 0),
(398, 65, 99, 0, 1452179319, 0),
(399, 66, 99, 0, 1452179319, 0),
(400, 67, 99, 0, 1452179319, 0),
(401, 68, 99, 0, 1452179319, 0),
(402, 69, 99, 0, 1452179319, 0),
(403, 70, 99, 0, 1452179319, 0),
(404, 75, 99, 0, 1452179319, 0),
(405, 76, 99, 0, 1452179319, 0),
(406, 77, 99, 0, 1452179319, 0),
(407, 78, 99, 0, 1452179319, 0),
(408, 79, 99, 0, 1452179319, 0),
(409, 80, 99, 0, 1452179319, 0),
(410, 81, 99, 0, 1452179319, 0),
(411, 82, 99, 0, 1452179319, 0),
(412, 83, 99, 0, 1452179319, 0),
(413, 84, 99, 0, 1452179319, 0),
(414, 85, 99, 0, 1452179319, 0),
(415, 86, 99, 0, 1452179319, 0),
(416, 87, 99, 0, 1452179319, 0),
(417, 88, 99, 0, 1452179319, 0),
(418, 89, 99, 0, 1452179319, 0),
(419, 90, 99, 0, 1452179319, 0),
(420, 91, 99, 0, 1452179319, 0),
(421, 92, 99, 0, 1452179319, 0),
(422, 93, 99, 0, 1452179319, 0),
(423, 94, 99, 0, 1452179319, 0),
(424, 95, 99, 0, 1452179319, 0),
(425, 98, 99, 0, 1452179319, 0),
(426, 99, 99, 0, 1452179319, 0),
(427, 100, 99, 0, 1452179319, 0),
(428, 101, 99, 0, 1452179319, 0),
(429, 102, 99, 0, 1452179319, 0),
(430, 103, 99, 0, 1452179319, 0),
(431, 104, 99, 0, 1452179319, 0),
(432, 105, 99, 0, 1452179319, 0),
(433, 106, 99, 0, 1452179319, 0),
(434, 107, 99, 0, 1452179319, 0),
(435, 108, 99, 0, 1452179319, 0),
(436, 109, 99, 0, 1452179319, 0),
(437, 110, 99, 0, 1452179319, 0),
(438, 111, 99, 0, 1452179319, 0),
(439, 114, 99, 0, 1452179319, 0),
(440, 115, 99, 0, 1452179319, 0),
(441, 116, 99, 0, 1452179319, 0),
(442, 117, 99, 0, 1452179319, 0),
(443, 118, 99, 0, 1452179319, 0),
(444, 119, 99, 0, 1452179319, 0),
(445, 120, 99, 0, 1452179319, 0),
(446, 121, 99, 0, 1452179319, 0),
(447, 122, 99, 0, 1452179319, 0),
(448, 123, 99, 0, 1452179319, 0),
(449, 124, 99, 0, 1452179319, 0),
(450, 125, 99, 0, 1452179319, 0),
(451, 126, 99, 0, 1452179319, 0),
(452, 127, 99, 0, 1452179319, 0),
(453, 130, 99, 0, 1452179319, 0),
(454, 131, 99, 0, 1452179319, 0),
(455, 132, 99, 0, 1452179319, 0),
(456, 133, 99, 0, 1452179319, 0),
(457, 134, 99, 0, 1452179319, 0),
(458, 135, 99, 0, 1452179319, 0),
(459, 136, 99, 0, 1452179319, 0),
(460, 140, 99, 0, 1452179319, 0),
(461, 141, 99, 0, 1452179319, 0),
(462, 142, 99, 0, 1452179319, 0),
(463, 143, 99, 0, 1452179319, 0),
(464, 144, 99, 0, 1452179319, 0),
(465, 145, 99, 0, 1452179319, 0),
(466, 146, 99, 0, 1452179319, 0),
(467, 147, 99, 0, 1452179319, 0),
(468, 148, 99, 0, 1452179319, 0),
(469, 149, 99, 0, 1452179319, 0),
(470, 150, 99, 0, 1452179319, 0),
(471, 151, 99, 0, 1452179319, 0),
(472, 152, 99, 0, 1452179319, 0),
(473, 153, 99, 0, 1452179319, 0),
(474, 154, 99, 0, 1452179319, 0),
(475, 155, 99, 0, 1452179319, 0),
(476, 156, 99, 0, 1452179319, 0),
(477, 157, 99, 0, 1452179319, 0),
(478, 158, 99, 0, 1452179319, 0),
(479, 159, 99, 0, 1452179319, 0),
(480, 160, 99, 0, 1452179319, 0),
(481, 1, 111, 0, 1452179319, 0),
(482, 2, 111, 0, 1452179319, 0),
(483, 3, 111, 0, 1452179319, 0),
(484, 4, 111, 0, 1452179319, 0),
(485, 5, 111, 0, 1452179319, 0),
(486, 6, 111, 0, 1452179319, 0),
(487, 38, 111, 0, 1452179319, 0),
(488, 39, 111, 0, 1452179319, 0),
(489, 40, 111, 0, 1452179319, 0),
(490, 41, 111, 0, 1452179319, 0),
(491, 71, 111, 0, 1452179319, 0),
(492, 72, 111, 0, 1452179319, 0),
(493, 73, 111, 0, 1452179319, 0),
(494, 74, 111, 0, 1452179319, 0),
(495, 96, 111, 0, 1452179319, 0),
(496, 97, 111, 0, 1452179319, 0),
(497, 112, 111, 0, 1452179319, 0),
(498, 113, 111, 0, 1452179319, 0),
(499, 128, 111, 0, 1452179319, 0),
(500, 129, 111, 0, 1452179319, 0),
(501, 137, 111, 0, 1452179319, 0),
(502, 138, 111, 0, 1452179319, 0),
(503, 139, 111, 0, 1452179319, 0),
(504, 7, 111, 0, 1452179319, 0),
(505, 8, 111, 0, 1452179319, 0),
(506, 9, 111, 0, 1452179319, 0),
(507, 10, 111, 0, 1452179319, 0),
(508, 11, 111, 0, 1452179319, 0),
(509, 12, 111, 0, 1452179319, 0),
(510, 13, 111, 0, 1452179319, 0),
(511, 14, 111, 0, 1452179319, 0),
(512, 15, 111, 0, 1452179319, 0),
(513, 16, 111, 0, 1452179319, 0),
(514, 17, 111, 0, 1452179319, 0),
(515, 18, 111, 0, 1452179319, 0),
(516, 19, 111, 0, 1452179319, 0),
(517, 20, 111, 0, 1452179319, 0),
(518, 21, 111, 0, 1452179319, 0),
(519, 22, 111, 0, 1452179319, 0),
(520, 23, 111, 0, 1452179319, 0),
(521, 24, 111, 0, 1452179319, 0),
(522, 25, 111, 0, 1452179319, 0),
(523, 26, 111, 0, 1452179319, 0),
(524, 27, 111, 0, 1452179319, 0),
(525, 28, 111, 0, 1452179319, 0),
(526, 29, 111, 0, 1452179319, 0),
(527, 30, 111, 0, 1452179319, 0),
(528, 31, 111, 0, 1452179319, 0),
(529, 32, 111, 0, 1452179319, 0),
(530, 33, 111, 0, 1452179319, 0),
(531, 34, 111, 0, 1452179319, 0),
(532, 35, 111, 0, 1452179319, 0),
(533, 36, 111, 0, 1452179319, 0),
(534, 37, 111, 0, 1452179319, 0),
(535, 42, 111, 0, 1452179319, 0),
(536, 43, 111, 0, 1452179319, 0),
(537, 44, 111, 0, 1452179319, 0),
(538, 45, 111, 0, 1452179319, 0),
(539, 46, 111, 0, 1452179319, 0),
(540, 47, 111, 0, 1452179319, 0),
(541, 48, 111, 0, 1452179319, 0),
(542, 49, 111, 0, 1452179319, 0),
(543, 50, 111, 0, 1452179319, 0),
(544, 51, 111, 0, 1452179319, 0),
(545, 52, 111, 0, 1452179319, 0),
(546, 53, 111, 0, 1452179319, 0),
(547, 54, 111, 0, 1452179319, 0),
(548, 55, 111, 0, 1452179319, 0),
(549, 56, 111, 0, 1452179319, 0),
(550, 57, 111, 0, 1452179319, 0),
(551, 58, 111, 0, 1452179319, 0),
(552, 59, 111, 0, 1452179319, 0),
(553, 60, 111, 0, 1452179319, 0),
(554, 61, 111, 0, 1452179319, 0),
(555, 62, 111, 0, 1452179319, 0),
(556, 63, 111, 0, 1452179319, 0),
(557, 64, 111, 0, 1452179319, 0),
(558, 65, 111, 0, 1452179319, 0),
(559, 66, 111, 0, 1452179319, 0),
(560, 67, 111, 0, 1452179319, 0),
(561, 68, 111, 0, 1452179319, 0),
(562, 69, 111, 0, 1452179319, 0),
(563, 70, 111, 0, 1452179319, 0),
(564, 75, 111, 0, 1452179319, 0),
(565, 76, 111, 0, 1452179319, 0),
(566, 77, 111, 0, 1452179319, 0),
(567, 78, 111, 0, 1452179319, 0),
(568, 79, 111, 0, 1452179319, 0),
(569, 80, 111, 0, 1452179319, 0),
(570, 81, 111, 0, 1452179319, 0),
(571, 82, 111, 0, 1452179319, 0),
(572, 83, 111, 0, 1452179319, 0),
(573, 84, 111, 0, 1452179319, 0),
(574, 85, 111, 0, 1452179319, 0),
(575, 86, 111, 0, 1452179319, 0),
(576, 87, 111, 0, 1452179319, 0),
(577, 88, 111, 0, 1452179319, 0),
(578, 89, 111, 0, 1452179319, 0),
(579, 90, 111, 0, 1452179319, 0),
(580, 91, 111, 0, 1452179319, 0),
(581, 92, 111, 0, 1452179319, 0),
(582, 93, 111, 0, 1452179319, 0),
(583, 94, 111, 0, 1452179319, 0),
(584, 95, 111, 0, 1452179319, 0),
(585, 98, 111, 0, 1452179319, 0),
(586, 99, 111, 0, 1452179319, 0),
(587, 100, 111, 0, 1452179319, 0),
(588, 101, 111, 0, 1452179319, 0),
(589, 102, 111, 0, 1452179319, 0),
(590, 103, 111, 0, 1452179319, 0),
(591, 104, 111, 0, 1452179319, 0),
(592, 105, 111, 0, 1452179319, 0),
(593, 106, 111, 0, 1452179319, 0),
(594, 107, 111, 0, 1452179319, 0),
(595, 108, 111, 0, 1452179319, 0),
(596, 109, 111, 0, 1452179319, 0),
(597, 110, 111, 0, 1452179319, 0),
(598, 111, 111, 0, 1452179319, 0),
(599, 114, 111, 0, 1452179319, 0),
(600, 115, 111, 0, 1452179319, 0),
(601, 116, 111, 0, 1452179319, 0),
(602, 117, 111, 0, 1452179319, 0),
(603, 118, 111, 0, 1452179319, 0),
(604, 119, 111, 0, 1452179319, 0),
(605, 120, 111, 0, 1452179319, 0),
(606, 121, 111, 0, 1452179319, 0),
(607, 122, 111, 0, 1452179319, 0),
(608, 123, 111, 0, 1452179319, 0),
(609, 124, 111, 0, 1452179319, 0),
(610, 125, 111, 0, 1452179319, 0),
(611, 126, 111, 0, 1452179319, 0),
(612, 127, 111, 0, 1452179319, 0),
(613, 130, 111, 0, 1452179319, 0),
(614, 131, 111, 0, 1452179319, 0),
(615, 132, 111, 0, 1452179319, 0),
(616, 133, 111, 0, 1452179319, 0),
(617, 134, 111, 0, 1452179319, 0),
(618, 135, 111, 0, 1452179319, 0),
(619, 136, 111, 0, 1452179319, 0),
(620, 140, 111, 0, 1452179319, 0),
(621, 141, 111, 0, 1452179319, 0),
(622, 142, 111, 0, 1452179319, 0),
(623, 143, 111, 0, 1452179319, 0),
(624, 144, 111, 0, 1452179319, 0),
(625, 145, 111, 0, 1452179319, 0),
(626, 146, 111, 0, 1452179319, 0),
(627, 147, 111, 0, 1452179319, 0),
(628, 148, 111, 0, 1452179319, 0),
(629, 149, 111, 0, 1452179319, 0),
(630, 150, 111, 0, 1452179319, 0),
(631, 151, 111, 0, 1452179319, 0),
(632, 152, 111, 0, 1452179319, 0),
(633, 153, 111, 0, 1452179319, 0),
(634, 154, 111, 0, 1452179319, 0),
(635, 155, 111, 0, 1452179319, 0),
(636, 156, 111, 0, 1452179319, 0),
(637, 157, 111, 0, 1452179319, 0),
(638, 158, 111, 0, 1452179319, 0),
(639, 159, 111, 0, 1452179319, 0),
(640, 160, 111, 0, 1452179319, 0),
(641, 1, 112, 0, 1452179319, 0),
(642, 2, 112, 0, 1452179319, 0),
(643, 3, 112, 0, 1452179319, 0),
(644, 4, 112, 0, 1452179319, 0),
(645, 5, 112, 0, 1452179319, 0),
(646, 6, 112, 0, 1452179319, 0),
(647, 38, 112, 0, 1452179319, 0),
(648, 39, 112, 0, 1452179319, 0),
(649, 40, 112, 0, 1452179319, 0),
(650, 41, 112, 0, 1452179319, 0),
(651, 71, 112, 0, 1452179319, 0),
(652, 72, 112, 0, 1452179319, 0),
(653, 73, 112, 0, 1452179319, 0),
(654, 74, 112, 0, 1452179319, 0),
(655, 96, 112, 0, 1452179319, 0),
(656, 97, 112, 0, 1452179319, 0),
(657, 112, 112, 0, 1452179319, 0),
(658, 113, 112, 0, 1452179319, 0),
(659, 128, 112, 0, 1452179319, 0),
(660, 129, 112, 0, 1452179319, 0),
(661, 137, 112, 0, 1452179319, 0),
(662, 138, 112, 0, 1452179319, 0),
(663, 139, 112, 0, 1452179319, 0),
(664, 7, 112, 0, 1452179319, 0),
(665, 8, 112, 0, 1452179319, 0),
(666, 9, 112, 0, 1452179319, 0),
(667, 10, 112, 0, 1452179319, 0),
(668, 11, 112, 0, 1452179319, 0),
(669, 12, 112, 0, 1452179319, 0),
(670, 13, 112, 0, 1452179319, 0),
(671, 14, 112, 0, 1452179319, 0),
(672, 15, 112, 0, 1452179319, 0),
(673, 16, 112, 0, 1452179319, 0),
(674, 17, 112, 0, 1452179319, 0),
(675, 18, 112, 0, 1452179319, 0),
(676, 19, 112, 0, 1452179319, 0),
(677, 20, 112, 0, 1452179319, 0),
(678, 21, 112, 0, 1452179319, 0),
(679, 22, 112, 0, 1452179319, 0),
(680, 23, 112, 0, 1452179319, 0),
(681, 24, 112, 0, 1452179319, 0),
(682, 25, 112, 0, 1452179319, 0),
(683, 26, 112, 0, 1452179319, 0),
(684, 27, 112, 0, 1452179319, 0),
(685, 28, 112, 0, 1452179319, 0),
(686, 29, 112, 0, 1452179319, 0),
(687, 30, 112, 0, 1452179319, 0),
(688, 31, 112, 0, 1452179319, 0),
(689, 32, 112, 0, 1452179319, 0),
(690, 33, 112, 0, 1452179319, 0),
(691, 34, 112, 0, 1452179319, 0),
(692, 35, 112, 0, 1452179319, 0),
(693, 36, 112, 0, 1452179319, 0),
(694, 37, 112, 0, 1452179319, 0),
(695, 42, 112, 0, 1452179319, 0),
(696, 43, 112, 0, 1452179319, 0),
(697, 44, 112, 0, 1452179319, 0),
(698, 45, 112, 0, 1452179319, 0),
(699, 46, 112, 0, 1452179319, 0),
(700, 47, 112, 0, 1452179319, 0),
(701, 48, 112, 0, 1452179319, 0),
(702, 49, 112, 0, 1452179319, 0),
(703, 50, 112, 0, 1452179319, 0),
(704, 51, 112, 0, 1452179319, 0),
(705, 52, 112, 0, 1452179319, 0),
(706, 53, 112, 0, 1452179319, 0),
(707, 54, 112, 0, 1452179319, 0),
(708, 55, 112, 0, 1452179319, 0),
(709, 56, 112, 0, 1452179319, 0),
(710, 57, 112, 0, 1452179319, 0),
(711, 58, 112, 0, 1452179319, 0),
(712, 59, 112, 0, 1452179319, 0),
(713, 60, 112, 0, 1452179319, 0),
(714, 61, 112, 0, 1452179319, 0),
(715, 62, 112, 0, 1452179319, 0),
(716, 63, 112, 0, 1452179319, 0),
(717, 64, 112, 0, 1452179319, 0),
(718, 65, 112, 0, 1452179319, 0),
(719, 66, 112, 0, 1452179319, 0),
(720, 67, 112, 0, 1452179319, 0),
(721, 68, 112, 0, 1452179319, 0),
(722, 69, 112, 0, 1452179319, 0),
(723, 70, 112, 0, 1452179319, 0),
(724, 75, 112, 0, 1452179319, 0),
(725, 76, 112, 0, 1452179319, 0),
(726, 77, 112, 0, 1452179319, 0),
(727, 78, 112, 0, 1452179319, 0),
(728, 79, 112, 0, 1452179319, 0),
(729, 80, 112, 0, 1452179319, 0),
(730, 81, 112, 0, 1452179319, 0),
(731, 82, 112, 0, 1452179319, 0),
(732, 83, 112, 0, 1452179319, 0),
(733, 84, 112, 0, 1452179319, 0),
(734, 85, 112, 0, 1452179319, 0),
(735, 86, 112, 0, 1452179319, 0),
(736, 87, 112, 0, 1452179319, 0),
(737, 88, 112, 0, 1452179319, 0),
(738, 89, 112, 0, 1452179319, 0),
(739, 90, 112, 0, 1452179319, 0),
(740, 91, 112, 0, 1452179319, 0),
(741, 92, 112, 0, 1452179319, 0),
(742, 93, 112, 0, 1452179319, 0),
(743, 94, 112, 0, 1452179319, 0),
(744, 95, 112, 0, 1452179319, 0),
(745, 98, 112, 0, 1452179319, 0),
(746, 99, 112, 0, 1452179319, 0),
(747, 100, 112, 0, 1452179319, 0),
(748, 101, 112, 0, 1452179319, 0),
(749, 102, 112, 0, 1452179319, 0),
(750, 103, 112, 0, 1452179319, 0),
(751, 104, 112, 0, 1452179319, 0),
(752, 105, 112, 0, 1452179319, 0),
(753, 106, 112, 0, 1452179319, 0),
(754, 107, 112, 0, 1452179319, 0),
(755, 108, 112, 0, 1452179319, 0),
(756, 109, 112, 0, 1452179319, 0),
(757, 110, 112, 0, 1452179319, 0),
(758, 111, 112, 0, 1452179319, 0),
(759, 114, 112, 0, 1452179319, 0),
(760, 115, 112, 0, 1452179319, 0),
(761, 116, 112, 0, 1452179319, 0),
(762, 117, 112, 0, 1452179319, 0),
(763, 118, 112, 0, 1452179319, 0),
(764, 119, 112, 0, 1452179319, 0),
(765, 120, 112, 0, 1452179319, 0),
(766, 121, 112, 0, 1452179319, 0),
(767, 122, 112, 0, 1452179319, 0),
(768, 123, 112, 0, 1452179319, 0),
(769, 124, 112, 0, 1452179319, 0),
(770, 125, 112, 0, 1452179319, 0),
(771, 126, 112, 0, 1452179319, 0),
(772, 127, 112, 0, 1452179319, 0),
(773, 130, 112, 0, 1452179319, 0),
(774, 131, 112, 0, 1452179319, 0),
(775, 132, 112, 0, 1452179319, 0),
(776, 133, 112, 0, 1452179319, 0),
(777, 134, 112, 0, 1452179319, 0),
(778, 135, 112, 0, 1452179319, 0),
(779, 136, 112, 0, 1452179319, 0),
(780, 140, 112, 0, 1452179319, 0),
(781, 141, 112, 0, 1452179319, 0),
(782, 142, 112, 0, 1452179319, 0),
(783, 143, 112, 0, 1452179319, 0),
(784, 144, 112, 0, 1452179319, 0),
(785, 145, 112, 0, 1452179319, 0),
(786, 146, 112, 0, 1452179319, 0),
(787, 147, 112, 0, 1452179319, 0),
(788, 148, 112, 0, 1452179319, 0),
(789, 149, 112, 0, 1452179319, 0),
(790, 150, 112, 0, 1452179319, 0),
(791, 151, 112, 0, 1452179319, 0),
(792, 152, 112, 0, 1452179319, 0),
(793, 153, 112, 0, 1452179319, 0),
(794, 154, 112, 0, 1452179319, 0),
(795, 155, 112, 0, 1452179319, 0),
(796, 156, 112, 0, 1452179319, 0),
(797, 157, 112, 0, 1452179319, 0),
(798, 158, 112, 0, 1452179319, 0),
(799, 159, 112, 0, 1452179319, 0),
(800, 160, 112, 0, 1452179319, 0),
(801, 1, 113, 0, 1452179319, 0),
(802, 2, 113, 0, 1452179319, 0),
(803, 3, 113, 0, 1452179319, 0),
(804, 4, 113, 0, 1452179319, 0),
(805, 5, 113, 0, 1452179319, 0),
(806, 6, 113, 0, 1452179319, 0),
(807, 38, 113, 0, 1452179319, 0),
(808, 39, 113, 0, 1452179319, 0),
(809, 40, 113, 0, 1452179319, 0),
(810, 41, 113, 0, 1452179319, 0),
(811, 71, 113, 0, 1452179319, 0),
(812, 72, 113, 0, 1452179319, 0),
(813, 73, 113, 0, 1452179319, 0),
(814, 74, 113, 0, 1452179319, 0),
(815, 96, 113, 0, 1452179319, 0),
(816, 97, 113, 0, 1452179319, 0),
(817, 112, 113, 0, 1452179319, 0),
(818, 113, 113, 0, 1452179319, 0),
(819, 128, 113, 0, 1452179319, 0),
(820, 129, 113, 0, 1452179319, 0),
(821, 137, 113, 0, 1452179319, 0),
(822, 138, 113, 0, 1452179319, 0),
(823, 139, 113, 0, 1452179319, 0),
(824, 7, 113, 0, 1452179319, 0),
(825, 8, 113, 0, 1452179319, 0),
(826, 9, 113, 0, 1452179319, 0),
(827, 10, 113, 0, 1452179319, 0),
(828, 11, 113, 0, 1452179319, 0),
(829, 12, 113, 0, 1452179319, 0),
(830, 13, 113, 0, 1452179319, 0),
(831, 14, 113, 0, 1452179319, 0),
(832, 15, 113, 0, 1452179319, 0),
(833, 16, 113, 0, 1452179319, 0),
(834, 17, 113, 0, 1452179319, 0),
(835, 18, 113, 0, 1452179319, 0),
(836, 19, 113, 0, 1452179319, 0),
(837, 20, 113, 0, 1452179319, 0),
(838, 21, 113, 0, 1452179319, 0),
(839, 22, 113, 0, 1452179319, 0),
(840, 23, 113, 0, 1452179319, 0),
(841, 24, 113, 0, 1452179319, 0),
(842, 25, 113, 0, 1452179319, 0),
(843, 26, 113, 0, 1452179319, 0),
(844, 27, 113, 0, 1452179319, 0),
(845, 28, 113, 0, 1452179319, 0),
(846, 29, 113, 0, 1452179319, 0),
(847, 30, 113, 0, 1452179319, 0),
(848, 31, 113, 0, 1452179319, 0),
(849, 32, 113, 0, 1452179319, 0),
(850, 33, 113, 0, 1452179319, 0),
(851, 34, 113, 0, 1452179319, 0),
(852, 35, 113, 0, 1452179319, 0),
(853, 36, 113, 0, 1452179319, 0),
(854, 37, 113, 0, 1452179319, 0),
(855, 42, 113, 0, 1452179319, 0),
(856, 43, 113, 0, 1452179319, 0),
(857, 44, 113, 0, 1452179319, 0),
(858, 45, 113, 0, 1452179319, 0),
(859, 46, 113, 0, 1452179319, 0),
(860, 47, 113, 0, 1452179319, 0),
(861, 48, 113, 0, 1452179319, 0),
(862, 49, 113, 0, 1452179319, 0),
(863, 50, 113, 0, 1452179319, 0),
(864, 51, 113, 0, 1452179319, 0),
(865, 52, 113, 0, 1452179319, 0),
(866, 53, 113, 0, 1452179319, 0),
(867, 54, 113, 0, 1452179319, 0),
(868, 55, 113, 0, 1452179319, 0),
(869, 56, 113, 0, 1452179319, 0),
(870, 57, 113, 0, 1452179319, 0),
(871, 58, 113, 0, 1452179319, 0),
(872, 59, 113, 0, 1452179319, 0),
(873, 60, 113, 0, 1452179319, 0),
(874, 61, 113, 0, 1452179319, 0),
(875, 62, 113, 0, 1452179319, 0),
(876, 63, 113, 0, 1452179319, 0),
(877, 64, 113, 0, 1452179319, 0),
(878, 65, 113, 0, 1452179319, 0),
(879, 66, 113, 0, 1452179319, 0),
(880, 67, 113, 0, 1452179319, 0),
(881, 68, 113, 0, 1452179319, 0),
(882, 69, 113, 0, 1452179319, 0),
(883, 70, 113, 0, 1452179319, 0),
(884, 75, 113, 0, 1452179319, 0),
(885, 76, 113, 0, 1452179319, 0),
(886, 77, 113, 0, 1452179319, 0),
(887, 78, 113, 0, 1452179319, 0),
(888, 79, 113, 0, 1452179319, 0),
(889, 80, 113, 0, 1452179319, 0),
(890, 81, 113, 0, 1452179319, 0),
(891, 82, 113, 0, 1452179319, 0),
(892, 83, 113, 0, 1452179319, 0),
(893, 84, 113, 0, 1452179319, 0),
(894, 85, 113, 0, 1452179319, 0),
(895, 86, 113, 0, 1452179319, 0),
(896, 87, 113, 0, 1452179319, 0),
(897, 88, 113, 0, 1452179319, 0),
(898, 89, 113, 0, 1452179319, 0),
(899, 90, 113, 0, 1452179319, 0),
(900, 91, 113, 0, 1452179319, 0),
(901, 92, 113, 0, 1452179319, 0),
(902, 93, 113, 0, 1452179319, 0),
(903, 94, 113, 0, 1452179319, 0),
(904, 95, 113, 0, 1452179319, 0),
(905, 98, 113, 0, 1452179319, 0),
(906, 99, 113, 0, 1452179319, 0),
(907, 100, 113, 0, 1452179319, 0),
(908, 101, 113, 0, 1452179319, 0),
(909, 102, 113, 0, 1452179319, 0),
(910, 103, 113, 0, 1452179319, 0),
(911, 104, 113, 0, 1452179319, 0),
(912, 105, 113, 0, 1452179319, 0),
(913, 106, 113, 0, 1452179319, 0),
(914, 107, 113, 0, 1452179319, 0),
(915, 108, 113, 0, 1452179319, 0),
(916, 109, 113, 0, 1452179319, 0),
(917, 110, 113, 0, 1452179319, 0),
(918, 111, 113, 0, 1452179319, 0),
(919, 114, 113, 0, 1452179319, 0),
(920, 115, 113, 0, 1452179319, 0),
(921, 116, 113, 0, 1452179319, 0),
(922, 117, 113, 0, 1452179319, 0),
(923, 118, 113, 0, 1452179319, 0),
(924, 119, 113, 0, 1452179319, 0),
(925, 120, 113, 0, 1452179319, 0),
(926, 121, 113, 0, 1452179319, 0),
(927, 122, 113, 0, 1452179319, 0),
(928, 123, 113, 0, 1452179319, 0),
(929, 124, 113, 0, 1452179319, 0),
(930, 125, 113, 0, 1452179319, 0),
(931, 126, 113, 0, 1452179319, 0),
(932, 127, 113, 0, 1452179319, 0),
(933, 130, 113, 0, 1452179319, 0),
(934, 131, 113, 0, 1452179319, 0),
(935, 132, 113, 0, 1452179319, 0),
(936, 133, 113, 0, 1452179319, 0),
(937, 134, 113, 0, 1452179319, 0),
(938, 135, 113, 0, 1452179319, 0),
(939, 136, 113, 0, 1452179319, 0),
(940, 140, 113, 0, 1452179319, 0),
(941, 141, 113, 0, 1452179319, 0),
(942, 142, 113, 0, 1452179319, 0),
(943, 143, 113, 0, 1452179319, 0),
(944, 144, 113, 0, 1452179319, 0),
(945, 145, 113, 0, 1452179319, 0),
(946, 146, 113, 0, 1452179319, 0),
(947, 147, 113, 0, 1452179319, 0),
(948, 148, 113, 0, 1452179319, 0),
(949, 149, 113, 0, 1452179319, 0),
(950, 150, 113, 0, 1452179319, 0),
(951, 151, 113, 0, 1452179319, 0),
(952, 152, 113, 0, 1452179319, 0),
(953, 153, 113, 0, 1452179319, 0),
(954, 154, 113, 0, 1452179319, 0),
(955, 155, 113, 0, 1452179319, 0),
(956, 156, 113, 0, 1452179319, 0),
(957, 157, 113, 0, 1452179319, 0),
(958, 158, 113, 0, 1452179319, 0),
(959, 159, 113, 0, 1452179319, 0),
(960, 160, 113, 0, 1452179319, 0),
(961, 1, 114, 0, 1452179319, 0),
(962, 2, 114, 0, 1452179319, 0),
(963, 3, 114, 0, 1452179319, 0),
(964, 4, 114, 0, 1452179319, 0),
(965, 5, 114, 0, 1452179319, 0),
(966, 6, 114, 0, 1452179319, 0),
(967, 38, 114, 0, 1452179319, 0),
(968, 39, 114, 0, 1452179319, 0),
(969, 40, 114, 0, 1452179319, 0),
(970, 41, 114, 0, 1452179319, 0),
(971, 71, 114, 0, 1452179319, 0),
(972, 72, 114, 0, 1452179319, 0),
(973, 73, 114, 0, 1452179319, 0),
(974, 74, 114, 0, 1452179319, 0),
(975, 96, 114, 0, 1452179319, 0),
(976, 97, 114, 0, 1452179319, 0),
(977, 112, 114, 0, 1452179319, 0),
(978, 113, 114, 0, 1452179319, 0),
(979, 128, 114, 0, 1452179319, 0),
(980, 129, 114, 0, 1452179319, 0),
(981, 137, 114, 0, 1452179319, 0),
(982, 138, 114, 0, 1452179319, 0),
(983, 139, 114, 0, 1452179319, 0),
(984, 7, 114, 0, 1452179319, 0),
(985, 8, 114, 0, 1452179319, 0),
(986, 9, 114, 0, 1452179319, 0),
(987, 10, 114, 0, 1452179319, 0),
(988, 11, 114, 0, 1452179319, 0),
(989, 12, 114, 0, 1452179319, 0),
(990, 13, 114, 0, 1452179319, 0),
(991, 14, 114, 0, 1452179319, 0),
(992, 15, 114, 0, 1452179319, 0),
(993, 16, 114, 0, 1452179319, 0),
(994, 17, 114, 0, 1452179319, 0),
(995, 18, 114, 0, 1452179319, 0),
(996, 19, 114, 0, 1452179319, 0),
(997, 20, 114, 0, 1452179319, 0),
(998, 21, 114, 0, 1452179319, 0),
(999, 22, 114, 0, 1452179319, 0),
(1000, 23, 114, 0, 1452179319, 0),
(1001, 24, 114, 0, 1452179319, 0),
(1002, 25, 114, 0, 1452179319, 0),
(1003, 26, 114, 0, 1452179319, 0),
(1004, 27, 114, 0, 1452179319, 0),
(1005, 28, 114, 0, 1452179319, 0),
(1006, 29, 114, 0, 1452179319, 0),
(1007, 30, 114, 0, 1452179319, 0),
(1008, 31, 114, 0, 1452179319, 0),
(1009, 32, 114, 0, 1452179319, 0),
(1010, 33, 114, 0, 1452179319, 0),
(1011, 34, 114, 0, 1452179319, 0),
(1012, 35, 114, 0, 1452179319, 0),
(1013, 36, 114, 0, 1452179319, 0),
(1014, 37, 114, 0, 1452179319, 0),
(1015, 42, 114, 0, 1452179319, 0),
(1016, 43, 114, 0, 1452179319, 0),
(1017, 44, 114, 0, 1452179319, 0),
(1018, 45, 114, 0, 1452179320, 0),
(1019, 46, 114, 0, 1452179320, 0),
(1020, 47, 114, 0, 1452179320, 0),
(1021, 48, 114, 0, 1452179320, 0),
(1022, 49, 114, 0, 1452179320, 0),
(1023, 50, 114, 0, 1452179320, 0),
(1024, 51, 114, 0, 1452179320, 0),
(1025, 52, 114, 0, 1452179320, 0),
(1026, 53, 114, 0, 1452179320, 0),
(1027, 54, 114, 0, 1452179320, 0),
(1028, 55, 114, 0, 1452179320, 0),
(1029, 56, 114, 0, 1452179320, 0),
(1030, 57, 114, 0, 1452179320, 0),
(1031, 58, 114, 0, 1452179320, 0),
(1032, 59, 114, 0, 1452179320, 0),
(1033, 60, 114, 0, 1452179320, 0),
(1034, 61, 114, 0, 1452179320, 0),
(1035, 62, 114, 0, 1452179320, 0),
(1036, 63, 114, 0, 1452179320, 0),
(1037, 64, 114, 0, 1452179320, 0),
(1038, 65, 114, 0, 1452179320, 0),
(1039, 66, 114, 0, 1452179320, 0),
(1040, 67, 114, 0, 1452179320, 0),
(1041, 68, 114, 0, 1452179320, 0),
(1042, 69, 114, 0, 1452179320, 0),
(1043, 70, 114, 0, 1452179320, 0),
(1044, 75, 114, 0, 1452179320, 0),
(1045, 76, 114, 0, 1452179320, 0),
(1046, 77, 114, 0, 1452179320, 0),
(1047, 78, 114, 0, 1452179320, 0),
(1048, 79, 114, 0, 1452179320, 0),
(1049, 80, 114, 0, 1452179320, 0),
(1050, 81, 114, 0, 1452179320, 0),
(1051, 82, 114, 0, 1452179320, 0),
(1052, 83, 114, 0, 1452179320, 0),
(1053, 84, 114, 0, 1452179320, 0),
(1054, 85, 114, 0, 1452179320, 0),
(1055, 86, 114, 0, 1452179320, 0),
(1056, 87, 114, 0, 1452179320, 0),
(1057, 88, 114, 0, 1452179320, 0),
(1058, 89, 114, 0, 1452179320, 0),
(1059, 90, 114, 0, 1452179320, 0),
(1060, 91, 114, 0, 1452179320, 0),
(1061, 92, 114, 0, 1452179320, 0),
(1062, 93, 114, 0, 1452179320, 0),
(1063, 94, 114, 0, 1452179320, 0),
(1064, 95, 114, 0, 1452179320, 0),
(1065, 98, 114, 0, 1452179320, 0),
(1066, 99, 114, 0, 1452179320, 0),
(1067, 100, 114, 0, 1452179320, 0),
(1068, 101, 114, 0, 1452179320, 0),
(1069, 102, 114, 0, 1452179320, 0),
(1070, 103, 114, 0, 1452179320, 0),
(1071, 104, 114, 0, 1452179320, 0),
(1072, 105, 114, 0, 1452179320, 0),
(1073, 106, 114, 0, 1452179320, 0),
(1074, 107, 114, 0, 1452179320, 0),
(1075, 108, 114, 0, 1452179320, 0),
(1076, 109, 114, 0, 1452179320, 0),
(1077, 110, 114, 0, 1452179320, 0),
(1078, 111, 114, 0, 1452179320, 0),
(1079, 114, 114, 0, 1452179320, 0),
(1080, 115, 114, 0, 1452179320, 0),
(1081, 116, 114, 0, 1452179320, 0),
(1082, 117, 114, 0, 1452179320, 0),
(1083, 118, 114, 0, 1452179320, 0),
(1084, 119, 114, 0, 1452179320, 0),
(1085, 120, 114, 0, 1452179320, 0),
(1086, 121, 114, 0, 1452179320, 0),
(1087, 122, 114, 0, 1452179320, 0),
(1088, 123, 114, 0, 1452179320, 0),
(1089, 124, 114, 0, 1452179320, 0),
(1090, 125, 114, 0, 1452179320, 0),
(1091, 126, 114, 0, 1452179320, 0),
(1092, 127, 114, 0, 1452179320, 0),
(1093, 130, 114, 0, 1452179320, 0),
(1094, 131, 114, 0, 1452179320, 0),
(1095, 132, 114, 0, 1452179320, 0),
(1096, 133, 114, 0, 1452179320, 0),
(1097, 134, 114, 0, 1452179320, 0),
(1098, 135, 114, 0, 1452179320, 0),
(1099, 136, 114, 0, 1452179320, 0),
(1100, 140, 114, 0, 1452179320, 0),
(1101, 141, 114, 0, 1452179320, 0),
(1102, 142, 114, 0, 1452179320, 0),
(1103, 143, 114, 0, 1452179320, 0),
(1104, 144, 114, 0, 1452179320, 0),
(1105, 145, 114, 0, 1452179320, 0),
(1106, 146, 114, 0, 1452179320, 0),
(1107, 147, 114, 0, 1452179320, 0),
(1108, 148, 114, 0, 1452179320, 0),
(1109, 149, 114, 0, 1452179320, 0),
(1110, 150, 114, 0, 1452179320, 0),
(1111, 151, 114, 0, 1452179320, 0),
(1112, 152, 114, 0, 1452179320, 0),
(1113, 153, 114, 0, 1452179320, 0),
(1114, 154, 114, 0, 1452179320, 0),
(1115, 155, 114, 0, 1452179320, 0),
(1116, 156, 114, 0, 1452179320, 0),
(1117, 157, 114, 0, 1452179320, 0),
(1118, 158, 114, 0, 1452179320, 0),
(1119, 159, 114, 0, 1452179320, 0),
(1120, 160, 114, 0, 1452179320, 0),
(1121, 1, 116, 0, 1452179320, 0),
(1122, 2, 116, 0, 1452179320, 0),
(1123, 3, 116, 0, 1452179320, 0),
(1124, 4, 116, 0, 1452179320, 0),
(1125, 5, 116, 0, 1452179320, 0),
(1126, 6, 116, 0, 1452179320, 0),
(1127, 38, 116, 0, 1452179320, 0),
(1128, 39, 116, 0, 1452179320, 0),
(1129, 40, 116, 0, 1452179320, 0),
(1130, 41, 116, 0, 1452179320, 0),
(1131, 71, 116, 0, 1452179320, 0),
(1132, 72, 116, 0, 1452179320, 0),
(1133, 73, 116, 0, 1452179320, 0),
(1134, 74, 116, 0, 1452179320, 0),
(1135, 96, 116, 0, 1452179320, 0),
(1136, 97, 116, 0, 1452179320, 0),
(1137, 112, 116, 0, 1452179320, 0),
(1138, 113, 116, 0, 1452179320, 0),
(1139, 128, 116, 0, 1452179320, 0),
(1140, 129, 116, 0, 1452179320, 0),
(1141, 137, 116, 0, 1452179320, 0),
(1142, 138, 116, 0, 1452179320, 0),
(1143, 139, 116, 0, 1452179320, 0),
(1144, 7, 116, 0, 1452179320, 0),
(1145, 8, 116, 0, 1452179320, 0),
(1146, 9, 116, 0, 1452179320, 0),
(1147, 10, 116, 0, 1452179320, 0),
(1148, 11, 116, 0, 1452179320, 0),
(1149, 12, 116, 0, 1452179320, 0),
(1150, 13, 116, 0, 1452179320, 0),
(1151, 14, 116, 0, 1452179320, 0),
(1152, 15, 116, 0, 1452179320, 0),
(1153, 16, 116, 0, 1452179320, 0),
(1154, 17, 116, 0, 1452179320, 0),
(1155, 18, 116, 0, 1452179320, 0),
(1156, 19, 116, 0, 1452179320, 0),
(1157, 20, 116, 0, 1452179320, 0),
(1158, 21, 116, 0, 1452179320, 0),
(1159, 22, 116, 0, 1452179320, 0),
(1160, 23, 116, 0, 1452179320, 0),
(1161, 24, 116, 0, 1452179320, 0),
(1162, 25, 116, 0, 1452179320, 0),
(1163, 26, 116, 0, 1452179320, 0),
(1164, 27, 116, 0, 1452179320, 0),
(1165, 28, 116, 0, 1452179320, 0),
(1166, 29, 116, 0, 1452179320, 0),
(1167, 30, 116, 0, 1452179320, 0),
(1168, 31, 116, 0, 1452179320, 0),
(1169, 32, 116, 0, 1452179320, 0),
(1170, 33, 116, 0, 1452179320, 0),
(1171, 34, 116, 0, 1452179320, 0),
(1172, 35, 116, 0, 1452179320, 0),
(1173, 36, 116, 0, 1452179320, 0),
(1174, 37, 116, 0, 1452179320, 0),
(1175, 42, 116, 0, 1452179320, 0),
(1176, 43, 116, 0, 1452179320, 0),
(1177, 44, 116, 0, 1452179320, 0),
(1178, 45, 116, 0, 1452179320, 0),
(1179, 46, 116, 0, 1452179320, 0),
(1180, 47, 116, 0, 1452179320, 0),
(1181, 48, 116, 0, 1452179320, 0),
(1182, 49, 116, 0, 1452179320, 0),
(1183, 50, 116, 0, 1452179320, 0),
(1184, 51, 116, 0, 1452179320, 0),
(1185, 52, 116, 0, 1452179320, 0),
(1186, 53, 116, 0, 1452179320, 0),
(1187, 54, 116, 0, 1452179320, 0),
(1188, 55, 116, 0, 1452179320, 0),
(1189, 56, 116, 0, 1452179320, 0),
(1190, 57, 116, 0, 1452179320, 0),
(1191, 58, 116, 0, 1452179320, 0),
(1192, 59, 116, 0, 1452179320, 0),
(1193, 60, 116, 0, 1452179320, 0),
(1194, 61, 116, 0, 1452179320, 0),
(1195, 62, 116, 0, 1452179320, 0),
(1196, 63, 116, 0, 1452179320, 0),
(1197, 64, 116, 0, 1452179320, 0),
(1198, 65, 116, 0, 1452179320, 0),
(1199, 66, 116, 0, 1452179320, 0),
(1200, 67, 116, 0, 1452179320, 0),
(1201, 68, 116, 0, 1452179320, 0),
(1202, 69, 116, 0, 1452179320, 0),
(1203, 70, 116, 0, 1452179320, 0),
(1204, 75, 116, 0, 1452179320, 0),
(1205, 76, 116, 0, 1452179320, 0),
(1206, 77, 116, 0, 1452179320, 0),
(1207, 78, 116, 0, 1452179320, 0),
(1208, 79, 116, 0, 1452179320, 0),
(1209, 80, 116, 0, 1452179320, 0),
(1210, 81, 116, 0, 1452179320, 0),
(1211, 82, 116, 0, 1452179320, 0),
(1212, 83, 116, 0, 1452179320, 0),
(1213, 84, 116, 0, 1452179320, 0),
(1214, 85, 116, 0, 1452179320, 0),
(1215, 86, 116, 0, 1452179320, 0),
(1216, 87, 116, 0, 1452179320, 0),
(1217, 88, 116, 0, 1452179320, 0),
(1218, 89, 116, 0, 1452179320, 0),
(1219, 90, 116, 0, 1452179320, 0),
(1220, 91, 116, 0, 1452179320, 0),
(1221, 92, 116, 0, 1452179320, 0),
(1222, 93, 116, 0, 1452179320, 0),
(1223, 94, 116, 0, 1452179320, 0),
(1224, 95, 116, 0, 1452179320, 0),
(1225, 98, 116, 0, 1452179320, 0),
(1226, 99, 116, 0, 1452179320, 0),
(1227, 100, 116, 0, 1452179320, 0),
(1228, 101, 116, 0, 1452179320, 0),
(1229, 102, 116, 0, 1452179320, 0),
(1230, 103, 116, 0, 1452179320, 0),
(1231, 104, 116, 0, 1452179320, 0),
(1232, 105, 116, 0, 1452179320, 0),
(1233, 106, 116, 0, 1452179320, 0),
(1234, 107, 116, 0, 1452179320, 0),
(1235, 108, 116, 0, 1452179320, 0),
(1236, 109, 116, 0, 1452179320, 0),
(1237, 110, 116, 0, 1452179320, 0),
(1238, 111, 116, 0, 1452179320, 0),
(1239, 114, 116, 0, 1452179320, 0),
(1240, 115, 116, 0, 1452179320, 0),
(1241, 116, 116, 0, 1452179320, 0),
(1242, 117, 116, 0, 1452179320, 0),
(1243, 118, 116, 0, 1452179320, 0),
(1244, 119, 116, 0, 1452179320, 0),
(1245, 120, 116, 0, 1452179320, 0),
(1246, 121, 116, 0, 1452179320, 0),
(1247, 122, 116, 0, 1452179320, 0),
(1248, 123, 116, 0, 1452179320, 0),
(1249, 124, 116, 0, 1452179320, 0),
(1250, 125, 116, 0, 1452179320, 0),
(1251, 126, 116, 0, 1452179320, 0),
(1252, 127, 116, 0, 1452179320, 0),
(1253, 130, 116, 0, 1452179320, 0),
(1254, 131, 116, 0, 1452179320, 0),
(1255, 132, 116, 0, 1452179320, 0),
(1256, 133, 116, 0, 1452179320, 0),
(1257, 134, 116, 0, 1452179320, 0),
(1258, 135, 116, 0, 1452179320, 0),
(1259, 136, 116, 0, 1452179320, 0),
(1260, 140, 116, 0, 1452179320, 0),
(1261, 141, 116, 0, 1452179320, 0),
(1262, 142, 116, 0, 1452179320, 0),
(1263, 143, 116, 0, 1452179320, 0),
(1264, 144, 116, 0, 1452179320, 0),
(1265, 145, 116, 0, 1452179320, 0),
(1266, 146, 116, 0, 1452179320, 0),
(1267, 147, 116, 0, 1452179320, 0),
(1268, 148, 116, 0, 1452179320, 0),
(1269, 149, 116, 0, 1452179320, 0),
(1270, 150, 116, 0, 1452179320, 0),
(1271, 151, 116, 0, 1452179320, 0),
(1272, 152, 116, 0, 1452179320, 0),
(1273, 153, 116, 0, 1452179320, 0),
(1274, 154, 116, 0, 1452179320, 0),
(1275, 155, 116, 0, 1452179320, 0),
(1276, 156, 116, 0, 1452179320, 0),
(1277, 157, 116, 0, 1452179320, 0),
(1278, 158, 116, 0, 1452179320, 0),
(1279, 159, 116, 0, 1452179320, 0),
(1280, 160, 116, 0, 1452179320, 0),
(1281, 1, 100, 0, 1452179320, 0),
(1282, 2, 100, 0, 1452179320, 0),
(1283, 3, 100, 0, 1452179320, 0),
(1284, 4, 100, 0, 1452179320, 0),
(1285, 5, 100, 0, 1452179320, 0),
(1286, 6, 100, 0, 1452179320, 0),
(1287, 38, 100, 0, 1452179320, 0),
(1288, 39, 100, 0, 1452179320, 0),
(1289, 40, 100, 0, 1452179320, 0),
(1290, 41, 100, 0, 1452179320, 0),
(1291, 71, 100, 0, 1452179320, 0),
(1292, 72, 100, 0, 1452179320, 0),
(1293, 73, 100, 0, 1452179320, 0),
(1294, 74, 100, 0, 1452179320, 0),
(1295, 96, 100, 0, 1452179320, 0),
(1296, 97, 100, 0, 1452179320, 0),
(1297, 112, 100, 0, 1452179320, 0),
(1298, 113, 100, 0, 1452179320, 0),
(1299, 128, 100, 0, 1452179320, 0),
(1300, 129, 100, 0, 1452179320, 0),
(1301, 137, 100, 0, 1452179320, 0),
(1302, 138, 100, 0, 1452179320, 0),
(1303, 139, 100, 0, 1452179320, 0),
(1304, 7, 100, 0, 1452179320, 0),
(1305, 8, 100, 0, 1452179320, 0),
(1306, 9, 100, 0, 1452179320, 0),
(1307, 10, 100, 0, 1452179320, 0),
(1308, 11, 100, 0, 1452179320, 0),
(1309, 12, 100, 0, 1452179320, 0),
(1310, 13, 100, 0, 1452179320, 0),
(1311, 14, 100, 0, 1452179320, 0),
(1312, 15, 100, 0, 1452179320, 0),
(1313, 16, 100, 0, 1452179320, 0),
(1314, 17, 100, 0, 1452179320, 0),
(1315, 18, 100, 0, 1452179320, 0),
(1316, 19, 100, 0, 1452179320, 0),
(1317, 20, 100, 0, 1452179320, 0),
(1318, 21, 100, 0, 1452179320, 0),
(1319, 22, 100, 0, 1452179320, 0),
(1320, 23, 100, 0, 1452179320, 0),
(1321, 24, 100, 0, 1452179320, 0),
(1322, 25, 100, 0, 1452179320, 0),
(1323, 26, 100, 0, 1452179320, 0),
(1324, 27, 100, 0, 1452179320, 0),
(1325, 28, 100, 0, 1452179320, 0),
(1326, 29, 100, 0, 1452179320, 0),
(1327, 30, 100, 0, 1452179320, 0),
(1328, 31, 100, 0, 1452179320, 0),
(1329, 32, 100, 0, 1452179320, 0),
(1330, 33, 100, 0, 1452179320, 0),
(1331, 34, 100, 0, 1452179320, 0),
(1332, 35, 100, 0, 1452179320, 0),
(1333, 36, 100, 0, 1452179320, 0),
(1334, 37, 100, 0, 1452179320, 0),
(1335, 42, 100, 0, 1452179320, 0),
(1336, 43, 100, 0, 1452179320, 0),
(1337, 44, 100, 0, 1452179320, 0),
(1338, 45, 100, 0, 1452179320, 0),
(1339, 46, 100, 0, 1452179320, 0),
(1340, 47, 100, 0, 1452179320, 0),
(1341, 48, 100, 0, 1452179320, 0),
(1342, 49, 100, 0, 1452179320, 0),
(1343, 50, 100, 0, 1452179320, 0),
(1344, 51, 100, 0, 1452179320, 0),
(1345, 52, 100, 0, 1452179320, 0),
(1346, 53, 100, 0, 1452179320, 0),
(1347, 54, 100, 0, 1452179320, 0),
(1348, 55, 100, 0, 1452179320, 0),
(1349, 56, 100, 0, 1452179320, 0),
(1350, 57, 100, 0, 1452179320, 0),
(1351, 58, 100, 0, 1452179320, 0),
(1352, 59, 100, 0, 1452179320, 0),
(1353, 60, 100, 0, 1452179320, 0),
(1354, 61, 100, 0, 1452179320, 0),
(1355, 62, 100, 0, 1452179320, 0),
(1356, 63, 100, 0, 1452179320, 0),
(1357, 64, 100, 0, 1452179320, 0),
(1358, 65, 100, 0, 1452179320, 0),
(1359, 66, 100, 0, 1452179320, 0),
(1360, 67, 100, 0, 1452179320, 0),
(1361, 68, 100, 0, 1452179320, 0),
(1362, 69, 100, 0, 1452179320, 0),
(1363, 70, 100, 0, 1452179320, 0),
(1364, 75, 100, 0, 1452179320, 0),
(1365, 76, 100, 0, 1452179320, 0),
(1366, 77, 100, 0, 1452179320, 0),
(1367, 78, 100, 0, 1452179320, 0),
(1368, 79, 100, 0, 1452179320, 0),
(1369, 80, 100, 0, 1452179320, 0),
(1370, 81, 100, 0, 1452179320, 0),
(1371, 82, 100, 0, 1452179320, 0),
(1372, 83, 100, 0, 1452179320, 0),
(1373, 84, 100, 0, 1452179320, 0),
(1374, 85, 100, 0, 1452179320, 0),
(1375, 86, 100, 0, 1452179320, 0),
(1376, 87, 100, 0, 1452179320, 0),
(1377, 88, 100, 0, 1452179320, 0),
(1378, 89, 100, 0, 1452179320, 0),
(1379, 90, 100, 0, 1452179320, 0),
(1380, 91, 100, 0, 1452179320, 0),
(1381, 92, 100, 0, 1452179320, 0),
(1382, 93, 100, 0, 1452179320, 0),
(1383, 94, 100, 0, 1452179320, 0),
(1384, 95, 100, 0, 1452179320, 0),
(1385, 98, 100, 0, 1452179320, 0),
(1386, 99, 100, 0, 1452179320, 0),
(1387, 100, 100, 0, 1452179320, 0),
(1388, 101, 100, 0, 1452179320, 0),
(1389, 102, 100, 0, 1452179320, 0),
(1390, 103, 100, 0, 1452179320, 0),
(1391, 104, 100, 0, 1452179320, 0),
(1392, 105, 100, 0, 1452179320, 0),
(1393, 106, 100, 0, 1452179320, 0),
(1394, 107, 100, 0, 1452179320, 0),
(1395, 108, 100, 0, 1452179320, 0),
(1396, 109, 100, 0, 1452179320, 0),
(1397, 110, 100, 0, 1452179320, 0),
(1398, 111, 100, 0, 1452179320, 0),
(1399, 114, 100, 0, 1452179320, 0),
(1400, 115, 100, 0, 1452179320, 0),
(1401, 116, 100, 0, 1452179320, 0),
(1402, 117, 100, 0, 1452179320, 0),
(1403, 118, 100, 0, 1452179320, 0),
(1404, 119, 100, 0, 1452179320, 0),
(1405, 120, 100, 0, 1452179320, 0),
(1406, 121, 100, 0, 1452179320, 0),
(1407, 122, 100, 0, 1452179320, 0),
(1408, 123, 100, 0, 1452179320, 0),
(1409, 124, 100, 0, 1452179320, 0),
(1410, 125, 100, 0, 1452179320, 0),
(1411, 126, 100, 0, 1452179320, 0),
(1412, 127, 100, 0, 1452179320, 0),
(1413, 130, 100, 0, 1452179320, 0),
(1414, 131, 100, 0, 1452179320, 0),
(1415, 132, 100, 0, 1452179320, 0),
(1416, 133, 100, 0, 1452179320, 0),
(1417, 134, 100, 0, 1452179320, 0),
(1418, 135, 100, 0, 1452179320, 0),
(1419, 136, 100, 0, 1452179320, 0),
(1420, 140, 100, 0, 1452179320, 0),
(1421, 141, 100, 0, 1452179320, 0),
(1422, 142, 100, 0, 1452179320, 0),
(1423, 143, 100, 0, 1452179320, 0),
(1424, 144, 100, 0, 1452179320, 0),
(1425, 145, 100, 0, 1452179320, 0),
(1426, 146, 100, 0, 1452179320, 0),
(1427, 147, 100, 0, 1452179320, 0),
(1428, 148, 100, 0, 1452179320, 0),
(1429, 149, 100, 0, 1452179320, 0),
(1430, 150, 100, 0, 1452179320, 0),
(1431, 151, 100, 0, 1452179320, 0),
(1432, 152, 100, 0, 1452179320, 0),
(1433, 153, 100, 0, 1452179320, 0),
(1434, 154, 100, 0, 1452179320, 0),
(1435, 155, 100, 0, 1452179320, 0),
(1436, 156, 100, 0, 1452179320, 0),
(1437, 157, 100, 0, 1452179320, 0),
(1438, 158, 100, 0, 1452179320, 0),
(1439, 159, 100, 0, 1452179320, 0),
(1440, 160, 100, 0, 1452179320, 0);

-- --------------------------------------------------------

--
-- Table structure for table `tbl_languages`
--

CREATE TABLE IF NOT EXISTS `tbl_languages` (
  `id` int(11) unsigned NOT NULL AUTO_INCREMENT,
  `name` varchar(128) DEFAULT NULL,
  `url` varchar(82) NOT NULL,
  `prefix` varchar(10) DEFAULT NULL,
  `file_name` varchar(128) NOT NULL,
  `default` tinyint(1) NOT NULL,
  `is_system` int(1) NOT NULL DEFAULT '0',
  `status` tinyint(1) DEFAULT '0',
  `added` int(11) unsigned DEFAULT NULL,
  `modified` int(11) unsigned DEFAULT NULL,
  PRIMARY KEY (`id`),
  KEY `name` (`name`,`status`)
) ENGINE=MyISAM  DEFAULT CHARSET=utf8 AUTO_INCREMENT=5 ;

--
-- Dumping data for table `tbl_languages`
--

INSERT INTO `tbl_languages` (`id`, `name`, `url`, `prefix`, `file_name`, `default`, `is_system`, `status`, `added`, `modified`) VALUES
(1, 'Indonesia', 'indonesia', 'id', 'indonesia.jpg', 0, 0, 1, 1325742926, 1434966746),
(2, 'English', 'england', 'en', 'english.jpg', 1, 1, 1, 1325742950, 1434966299),
(3, 'Arab', 'arab', 'ar', 'arab.jpg', 0, 0, 1, 1325748808, 1434966683),
(4, 'French', 'french', 'fr', '', 0, 0, 1, 1429351625, 1434966692);

-- --------------------------------------------------------

--
-- Table structure for table `tbl_model_lists`
--

CREATE TABLE IF NOT EXISTS `tbl_model_lists` (
  `id` int(11) unsigned NOT NULL AUTO_INCREMENT,
  `module_id` int(11) NOT NULL,
  `model` varchar(255) NOT NULL,
  PRIMARY KEY (`id`),
  KEY `id` (`id`)
) ENGINE=MyISAM  DEFAULT CHARSET=utf8 AUTO_INCREMENT=26 ;

--
-- Dumping data for table `tbl_model_lists`
--

INSERT INTO `tbl_model_lists` (`id`, `module_id`, `model`) VALUES
(1, 1, 'admin/Users'),
(2, 1, 'admin/UserProfiles'),
(3, 1, 'admin/UserHistories'),
(4, 1, 'admin/ModulePermissions'),
(5, 1, 'admin/UserGroupPermissions'),
(6, 1, 'admin/Languages'),
(7, 1, 'admin/Settings'),
(8, 1, 'admin/ServerLogs'),
(9, 1, 'admin/Sessions'),
(10, 8, 'career/Careers'),
(11, 8, 'career/Divisions'),
(12, 8, 'career/Applicants'),
(13, 13, 'color/Colors'),
(14, 13, 'color/Colorcontents'),
(15, 13, 'color/Colorpersonals'),
(16, 18, 'page/Pages'),
(17, 18, 'page/PageMenus'),
(18, 21, 'participant/Participants'),
(19, 21, 'participant/Attachments'),
(20, 24, 'qrcode/Qrcodes'),
(21, 27, 'questionnaire/Questionnaires'),
(22, 27, 'questionnaire/Questions'),
(23, 27, 'questionnaire/QuestionRules'),
(24, 27, 'questionnaire/QuestionnaireUserAnswers'),
(25, 27, 'questionnaire/Questionnairecompleted');

-- --------------------------------------------------------

--
-- Table structure for table `tbl_module_lists`
--

CREATE TABLE IF NOT EXISTS `tbl_module_lists` (
  `id` int(11) unsigned NOT NULL AUTO_INCREMENT,
  `parent_id` int(11) NOT NULL,
  `module_name` varchar(255) NOT NULL,
  `module_link` varchar(255) DEFAULT NULL,
  `order` int(11) NOT NULL,
  PRIMARY KEY (`id`),
  KEY `id` (`id`)
) ENGINE=MyISAM  DEFAULT CHARSET=utf8 AUTO_INCREMENT=31 ;

--
-- Dumping data for table `tbl_module_lists`
--

INSERT INTO `tbl_module_lists` (`id`, `parent_id`, `module_name`, `module_link`, `order`) VALUES
(1, 0, 'admin', '#', 0),
(2, 1, 'Dashboard Panel', 'dashboard/index', 0),
(3, 1, 'Users', 'user/index', 1),
(4, 1, 'User Groups', 'usergroup/index', 2),
(5, 1, 'Languages', 'language/index', 3),
(6, 1, 'Settings', 'setting/index', 4),
(7, 1, 'Server Logs', 'serverlog/index', 5),
(8, 0, 'career', '#', 1),
(9, 8, 'Careers', 'career/index', 0),
(10, 8, 'Divisions', 'division/index', 1),
(11, 8, 'Applicants', 'applicant/index', 2),
(12, 8, 'Employees', 'employee/index', 3),
(13, 0, 'color', '#', 2),
(14, 13, 'Color Data', 'color/index', 0),
(15, 13, 'Color Content', 'colorcontent/index', 1),
(16, 13, 'Color Personal', 'colorpersonal/index', 2),
(17, 13, 'Color Scanner', 'colorscanner/index', 3),
(18, 0, 'page', '#', 3),
(19, 18, 'Pages', 'page/index', 0),
(20, 18, 'Page Menus', 'pagemenu/index', 1),
(21, 0, 'participant', '#', 4),
(22, 21, 'Participant', 'participant/index', 0),
(23, 21, 'Attachment', 'attachment/index', 1),
(24, 0, 'qrcode', '#', 5),
(25, 24, 'QR Codes', 'qrcode/index', 0),
(26, 24, 'QR Code Scanner', 'qrcodescanner/index', 1),
(27, 0, 'questionnaire', '#', 6),
(28, 27, 'Questionnaires', 'questionnaire/index', 0),
(29, 27, 'Questions', 'question/index', 1),
(30, 27, 'Question Rule', 'questionrule/index', 2);

-- --------------------------------------------------------

--
-- Table structure for table `tbl_module_permissions`
--

CREATE TABLE IF NOT EXISTS `tbl_module_permissions` (
  `id` int(11) unsigned NOT NULL AUTO_INCREMENT,
  `module_id` int(11) NOT NULL,
  `module_name` varchar(255) NOT NULL,
  `module_link` varchar(255) DEFAULT NULL,
  `order` int(11) NOT NULL,
  PRIMARY KEY (`id`),
  KEY `id` (`id`)
) ENGINE=MyISAM  DEFAULT CHARSET=utf8 AUTO_INCREMENT=161 ;

--
-- Dumping data for table `tbl_module_permissions`
--

INSERT INTO `tbl_module_permissions` (`id`, `module_id`, `module_name`, `module_link`, `order`) VALUES
(1, 1, 'Dashboard Panel', 'dashboard/index', 0),
(2, 1, 'Users', 'user/index', 1),
(3, 1, 'User Groups', 'usergroup/index', 2),
(4, 1, 'Languages', 'language/index', 3),
(5, 1, 'Settings', 'setting/index', 4),
(6, 1, 'Server Logs', 'serverlog/index', 5),
(7, 1, 'Add New Dashboard', 'dashboard/add', 6),
(8, 1, 'View Dashboard', 'dashboard/view', 7),
(9, 1, 'Edit Dashboard', 'dashboard/edit', 8),
(10, 1, 'Delete Dashboard', 'dashboard/delete', 9),
(11, 1, 'Change Dashboard Status', 'dashboard/change', 10),
(12, 1, 'Add User', 'user/add', 11),
(13, 1, 'View User', 'user/view', 12),
(14, 1, 'Edit User', 'user/edit', 13),
(15, 1, 'Delete User', 'user/delete', 14),
(16, 1, 'Change User Status', 'user/change', 15),
(17, 1, 'Change User Image', 'user/image', 16),
(18, 1, 'Upload User Image', 'user/upload', 17),
(19, 1, 'Add User Group', 'usergroup/add', 18),
(20, 1, 'View User Group', 'usergroup/view', 19),
(21, 1, 'Edit User Group', 'usergroup/edit', 20),
(22, 1, 'Delete User Group', 'usergroup/delete', 21),
(23, 1, 'Change User Group Status', 'usergroup/change', 22),
(24, 1, 'Add Language', 'language/add', 23),
(25, 1, 'View Language', 'language/view', 24),
(26, 1, 'Edit Language', 'language/edit', 25),
(27, 1, 'Delete Language', 'language/delete', 26),
(28, 1, 'Change Language Status', 'language/change', 27),
(29, 1, 'Add Setting', 'setting/add', 28),
(30, 1, 'View Setting', 'setting/view', 29),
(31, 1, 'Edit Setting', 'setting/edit', 30),
(32, 1, 'Delete Setting', 'setting/delete', 31),
(33, 1, 'Change Setting Status', 'setting/change', 32),
(34, 1, 'View Server Log', 'serverlog/view', 33),
(35, 1, 'Edit Server Log', 'serverlog/edit', 34),
(36, 1, 'Delete Server Log', 'serverlog/delete', 35),
(37, 1, 'Trash Server Log', 'serverlog/trash', 36),
(38, 8, 'Careers', 'career/index', 0),
(39, 8, 'Divisions', 'division/index', 1),
(40, 8, 'Applicants', 'applicant/index', 2),
(41, 8, 'Employees', 'employee/index', 3),
(42, 8, 'Add Career', 'career/index/add', 4),
(43, 8, 'View Career', 'career/index/view', 5),
(44, 8, 'Edit Career', 'career/index/edit', 6),
(45, 8, 'Delete Career', 'career/index/delete', 7),
(46, 8, 'Change Career Status', 'career/index/change', 8),
(47, 8, 'Export Career', 'career/index/export', 9),
(48, 8, 'Print Career', 'career/index/print', 10),
(49, 8, 'Add Division', 'division/index/add', 11),
(50, 8, 'View Division', 'division/index/view', 12),
(51, 8, 'Edit Division', 'division/index/edit', 13),
(52, 8, 'Delete Division', 'division/index/delete', 14),
(53, 8, 'Change Division Status', 'division/index/change', 15),
(54, 8, 'Export Division', 'division/index/export', 16),
(55, 8, 'Print Division', 'division/index/print', 17),
(56, 8, 'Add Applicant', 'applicant/index/add', 18),
(57, 8, 'View Applicant', 'applicant/index/view', 19),
(58, 8, 'Edit Applicant', 'applicant/index/edit', 20),
(59, 8, 'Delete Applicant', 'applicant/index/delete', 21),
(60, 8, 'Change Applicant', 'applicant/index/change', 22),
(61, 8, 'Export Applicant', 'applicant/index/export', 23),
(62, 8, 'Print Applicant', 'applicant/index/print', 24),
(63, 8, 'Add Employee', 'employee/index/add', 25),
(64, 8, 'View Employee', 'employee/index/view', 26),
(65, 8, 'Edit Employee', 'employee/index/edit', 27),
(66, 8, 'Delete Employee', 'employee/index/delete', 28),
(67, 8, 'Set to Employee', 'employee/set', 29),
(68, 8, 'Change Employee', 'employee/index/change', 30),
(69, 8, 'Export Employee', 'employee/index/export', 31),
(70, 8, 'Print Employee', 'employee/index/print', 32),
(71, 13, 'Color Data', 'color/index', 0),
(72, 13, 'Color Content', 'colorcontent/index', 1),
(73, 13, 'Color Personal', 'colorpersonal/index', 2),
(74, 13, 'Color Scanner', 'colorscanner/index', 3),
(75, 13, 'Add Color Recognizer', 'color/index/add', 4),
(76, 13, 'View Color Recognizer', 'color/index/view', 5),
(77, 13, 'Edit Color Recognizer', 'color/index/edit', 6),
(78, 13, 'Delete Color Recognizer', 'color/index/delete', 7),
(79, 13, 'Change Color Recognizer Status', 'color/index/change', 8),
(80, 13, 'Export Color Recognizer', 'color/index/export', 9),
(81, 13, 'Print Color Recognizer', 'color/index/print', 10),
(82, 13, 'Add Color Content', 'colorcontent/index/add', 11),
(83, 13, 'View Color Content', 'colorcontent/index/view', 12),
(84, 13, 'Edit Color Content', 'colorcontent/index/edit', 13),
(85, 13, 'Delete Color Content', 'colorcontent/index/delete', 14),
(86, 13, 'Change Color Content Status', 'colorcontent/index/change', 15),
(87, 13, 'Export Color Content', 'colorcontent/index/export', 16),
(88, 13, 'Print Color Content', 'colorcontent/index/print', 17),
(89, 13, 'Add Color Personal', 'colorpersonal/index/add', 18),
(90, 13, 'View Color Personal', 'colorpersonal/index/view', 19),
(91, 13, 'Edit Color Personal', 'colorpersonal/index/edit', 20),
(92, 13, 'Delete Color Personal', 'colorpersonal/index/delete', 21),
(93, 13, 'Change Color Personal Status', 'colorpersonal/index/change', 22),
(94, 13, 'Export Color Personal', 'colorpersonal/index/export', 23),
(95, 13, 'Print Color Personal', 'colorpersonal/index/print', 24),
(96, 18, 'Pages', 'page/index', 0),
(97, 18, 'Page Menus', 'pagemenu/index', 1),
(98, 18, 'Add Page', 'page/index/add', 2),
(99, 18, 'View Page', 'page/index/view', 3),
(100, 18, 'Edit Page', 'page/index/edit', 4),
(101, 18, 'Delete Page', 'page/index/delete', 5),
(102, 18, 'Change Page Status', 'page/index/change', 6),
(103, 18, 'Export Page', 'page/index/export', 7),
(104, 18, 'Print Page', 'page/index/print', 8),
(105, 18, 'Add Page Menu', 'pagemenu/index/add', 9),
(106, 18, 'View Page Menu', 'pagemenu/index/view', 10),
(107, 18, 'Edit Page Menu', 'pagemenu/index/edit', 11),
(108, 18, 'Delete Page Menu', 'pagemenu/index/delete', 12),
(109, 18, 'Change Page Menu Status', 'pagemenu/index/change', 13),
(110, 18, 'Export Page Menu', 'pagemenu/index/export', 14),
(111, 18, 'Print Page Menu', 'pagemenu/index/print', 15),
(112, 21, 'Participant', 'participant/index', 0),
(113, 21, 'Attachment', 'attachment/index', 1),
(114, 21, 'Add Participant', 'participant/index/add', 2),
(115, 21, 'View Participant', 'participant/index/view', 3),
(116, 21, 'Edit Participant', 'participant/index/edit', 4),
(117, 21, 'Delete Participant', 'participant/index/delete', 5),
(118, 21, 'Change Participant Status', 'participant/index/change', 6),
(119, 21, 'Export Participant', 'participant/index/export', 7),
(120, 21, 'Print Participant', 'participant/index/print', 8),
(121, 21, 'Add Attachment', 'attachment/index/add', 9),
(122, 21, 'View Attachment', 'attachment/index/view', 10),
(123, 21, 'Edit Attachment', 'attachment/index/edit', 11),
(124, 21, 'Delete Attachment', 'attachment/index/delete', 12),
(125, 21, 'Change Attachment Status', 'attachment/index/change', 13),
(126, 21, 'Export Attachment', 'attachment/index/export', 14),
(127, 21, 'Print Attachment', 'attachment/index/print', 15),
(128, 24, 'QR Codes', 'qrcode/index', 0),
(129, 24, 'QR Code Scanner', 'qrcodescanner/index', 1),
(130, 24, 'Add QR Code', 'qrcode/index/add', 2),
(131, 24, 'View QR Code', 'qrcode/index/view', 3),
(132, 24, 'Edit QR Code', 'qrcode/index/edit', 4),
(133, 24, 'Delete QR Code', 'qrcode/index/delete', 5),
(134, 24, 'Change QR Code Status', 'qrcode/index/change', 6),
(135, 24, 'Export QR Code', 'qrcode/index/export', 7),
(136, 24, 'Print QR Code', 'qrcode/index/print', 8),
(137, 27, 'Questionnaires', 'questionnaire/index', 0),
(138, 27, 'Questions', 'question/index', 1),
(139, 27, 'Question Rule', 'questionrule/index', 2),
(140, 27, 'Add Questionnaire', 'questionnaire/index/add', 3),
(141, 27, 'View Questionnaire', 'questionnaire/index/view', 4),
(142, 27, 'Edit Questionnaire', 'questionnaire/index/edit', 5),
(143, 27, 'Delete Questionnaire', 'questionnaire/index/delete', 6),
(144, 27, 'Change Questionnaire Status', 'questionnaire/index/change', 7),
(145, 27, 'Export Questionnaire', 'questionnaire/index/export', 8),
(146, 27, 'Print Questionnaire', 'questionnaire/index/print', 9),
(147, 27, 'Add Question', 'question/index/add', 10),
(148, 27, 'View Question', 'question/index/view', 11),
(149, 27, 'Edit Question', 'question/index/edit', 12),
(150, 27, 'Delete Question', 'question/index/delete', 13),
(151, 27, 'Change Question Status', 'question/index/change', 14),
(152, 27, 'Export Question', 'question/index/export', 15),
(153, 27, 'Print Question', 'question/index/print', 16),
(154, 27, 'Add Question Rule', 'questionrule/index/add', 17),
(155, 27, 'View Question Rule', 'questionrule/index/view', 18),
(156, 27, 'Edit Question Rule', 'questionrule/index/edit', 19),
(157, 27, 'Delete Question Rule', 'questionrule/index/delete', 20),
(158, 27, 'Change Question Rule Status', 'questionrule/index/change', 21),
(159, 27, 'Export Question Rule', 'questionrule/index/export', 22),
(160, 27, 'Print Question Rule', 'questionrule/index/print', 23);

-- --------------------------------------------------------

--
-- Table structure for table `tbl_pages`
--

CREATE TABLE IF NOT EXISTS `tbl_pages` (
  `id` int(11) unsigned NOT NULL AUTO_INCREMENT,
  `menu_id` int(11) unsigned DEFAULT NULL,
  `name` varchar(255) DEFAULT NULL,
  `subject` varchar(255) DEFAULT NULL,
  `synopsis` text,
  `text` text,
  `attribute` text,
  `publish_date` date DEFAULT NULL,
  `unpublish_date` date DEFAULT NULL,
  `allow_comment` tinyint(1) DEFAULT NULL,
  `tags` text,
  `order` tinyint(3) DEFAULT NULL,
  `user_id` tinyint(3) DEFAULT NULL,
  `count` int(11) DEFAULT NULL,
  `status` enum('publish','unpublish','deleted') DEFAULT 'publish',
  `added` int(11) DEFAULT NULL,
  `modified` int(11) DEFAULT NULL,
  PRIMARY KEY (`id`),
  KEY `menu_id` (`menu_id`,`name`,`publish_date`,`unpublish_date`,`allow_comment`,`order`)
) ENGINE=MyISAM DEFAULT CHARSET=utf8 AUTO_INCREMENT=1 ;

-- --------------------------------------------------------

--
-- Table structure for table `tbl_page_menus`
--

CREATE TABLE IF NOT EXISTS `tbl_page_menus` (
  `id` int(11) unsigned NOT NULL AUTO_INCREMENT,
  `parent_id` int(11) unsigned DEFAULT NULL,
  `name` varchar(128) DEFAULT NULL,
  `title` varchar(255) DEFAULT NULL,
  `description` text,
  `url` varchar(255) DEFAULT NULL,
  `media` varchar(255) DEFAULT NULL,
  `position` varchar(255) DEFAULT NULL,
  `sub_level` tinyint(3) DEFAULT NULL,
  `order` tinyint(3) DEFAULT NULL,
  `is_system` tinyint(3) DEFAULT NULL,
  `has_child` tinyint(3) DEFAULT NULL,
  `user_id` tinyint(3) DEFAULT NULL,
  `count` int(11) DEFAULT NULL,
  `status` enum('publish','unpublish','deleted') DEFAULT 'publish',
  `added` int(11) DEFAULT NULL,
  `modified` int(11) DEFAULT NULL,
  PRIMARY KEY (`id`),
  KEY `parent_id` (`parent_id`,`name`,`sub_level`,`order`,`status`)
) ENGINE=MyISAM  DEFAULT CHARSET=utf8 AUTO_INCREMENT=2 ;

--
-- Dumping data for table `tbl_page_menus`
--

INSERT INTO `tbl_page_menus` (`id`, `parent_id`, `name`, `title`, `description`, `url`, `media`, `position`, `sub_level`, `order`, `is_system`, `has_child`, `user_id`, `count`, `status`, `added`, `modified`) VALUES
(1, NULL, 'About Us', 'About Us', NULL, 'about-us', NULL, 'bottom', NULL, NULL, NULL, NULL, NULL, NULL, 'publish', NULL, NULL);

-- --------------------------------------------------------

--
-- Table structure for table `tbl_participants`
--

CREATE TABLE IF NOT EXISTS `tbl_participants` (
  `id` int(11) unsigned NOT NULL AUTO_INCREMENT,
  `identifier_id` varchar(64) DEFAULT NULL,
  `identity` varchar(32) DEFAULT NULL,
  `profile_url` varchar(255) DEFAULT NULL,
  `photo_url` varchar(512) DEFAULT NULL,
  `email` varchar(72) DEFAULT NULL,
  `website` varchar(72) DEFAULT NULL,
  `password` varchar(100) DEFAULT NULL,
  `username` varchar(255) DEFAULT NULL,
  `name` varchar(255) DEFAULT NULL,
  `gender` varchar(12) DEFAULT NULL,
  `age` tinyint(2) DEFAULT NULL,
  `nationality_id` int(11) DEFAULT NULL,
  `research_area` varchar(255) DEFAULT NULL,
  `occupation` varchar(64) DEFAULT NULL,
  `about` text,
  `address` varchar(512) DEFAULT NULL,
  `region` varchar(64) DEFAULT NULL,
  `phone_number` varchar(255) DEFAULT NULL,
  `id_number` varchar(32) DEFAULT NULL,
  `file_name` varchar(512) DEFAULT NULL,
  `verify` varchar(8) DEFAULT NULL,
  `completed` tinyint(1) DEFAULT NULL,
  `logged_in` tinyint(1) NOT NULL DEFAULT '0',
  `last_login` int(11) DEFAULT NULL,
  `session_id` varchar(40) NOT NULL,
  `status` tinyint(1) NOT NULL DEFAULT '0',
  `join_date` timestamp NOT NULL DEFAULT CURRENT_TIMESTAMP ON UPDATE CURRENT_TIMESTAMP,
  PRIMARY KEY (`id`),
  KEY `name` (`name`)
) ENGINE=MyISAM  DEFAULT CHARSET=utf8 AUTO_INCREMENT=13 ;

--
-- Dumping data for table `tbl_participants`
--

INSERT INTO `tbl_participants` (`id`, `identifier_id`, `identity`, `profile_url`, `photo_url`, `email`, `website`, `password`, `username`, `name`, `gender`, `age`, `nationality_id`, `research_area`, `occupation`, `about`, `address`, `region`, `phone_number`, `id_number`, `file_name`, `verify`, `completed`, `logged_in`, `last_login`, `session_id`, `status`, `join_date`) VALUES
(1, 'SoPgnCFn90', 'LinkedIn', 'https://www.linkedin.com/pub/defrian-yarfi/42/a38/26b', NULL, 'defrian.yarfi@gmail.com', NULL, NULL, NULL, 'Defrian Yarfi', NULL, NULL, NULL, NULL, NULL, 'Web Developer and Frontend Web Developer.\nCurrently used CodeIgniter, CakePHP, Kohana, Yii and OpenCart for web development.\nDatabase Design, API, RESTful web service and Cloud Computing.\nAndroid Mobile Hybrid Applications.\n\nSpecialties: HTML & CSS, Javascript, jQuery, Ajax, Actionscript, MVC Concept, PHP & MySQL.', NULL, NULL, NULL, NULL, NULL, NULL, NULL, 0, NULL, '', 0, '2015-07-01 12:17:39'),
(2, 'OUWMXH6WZQPX6YHXERMH7SCICQ', 'Yahoo', 'http://profile.yahoo.com/OUWMXH6WZQPX6YHXERMH7SCICQ', NULL, NULL, NULL, NULL, NULL, 'Defrian', 'male', 32, NULL, NULL, NULL, NULL, '', NULL, NULL, NULL, NULL, NULL, NULL, 0, NULL, '', 0, '2015-07-01 12:17:41'),
(3, 'VFNQPTS3ZUT4YVRNXT3GAEJCDY', 'Yahoo', 'http://profile.yahoo.com/VFNQPTS3ZUT4YVRNXT3GAEJCDY', NULL, NULL, NULL, NULL, NULL, 'Defrian', '', 0, NULL, NULL, NULL, NULL, '', NULL, NULL, NULL, NULL, NULL, NULL, 0, NULL, '', 0, '2015-07-01 13:29:04'),
(4, '101905163943989356331', 'Google', 'https://plus.google.com/+DefrianYarfi', NULL, 'defrian.yarfi@gmail.com', NULL, NULL, NULL, 'Defrian Yarfi', 'male', 0, NULL, NULL, NULL, '', 'Jakarta', '', NULL, NULL, NULL, NULL, NULL, 0, NULL, '', 0, '2015-07-01 13:38:49'),
(5, NULL, NULL, NULL, NULL, 'defrian.yarfi@d3.dentsu.co.id', NULL, NULL, NULL, 'Defrian Yarfi', NULL, NULL, NULL, NULL, NULL, NULL, NULL, NULL, NULL, NULL, NULL, NULL, 1, 0, NULL, '', 1, '2016-02-11 05:00:00'),
(6, NULL, NULL, NULL, NULL, 'eikzulfikar@d3.dentsu.co.id', NULL, NULL, NULL, 'Eik Zulfikar Fahmi', NULL, NULL, NULL, NULL, NULL, NULL, NULL, NULL, NULL, NULL, NULL, NULL, 1, 0, NULL, '', 1, '2016-02-11 05:00:00'),
(7, NULL, NULL, NULL, NULL, 'Muhammad.Hilman@d3.dentsu.co.id', NULL, NULL, NULL, 'Muhammad Hilman', NULL, NULL, NULL, NULL, NULL, NULL, NULL, NULL, NULL, NULL, NULL, NULL, 1, 0, NULL, '', 1, '2016-02-11 05:00:00'),
(8, NULL, NULL, NULL, NULL, 'rezza.fl@d3.dentsu.co.id', NULL, NULL, NULL, 'Rezza Alam Islami', NULL, NULL, NULL, NULL, NULL, NULL, NULL, NULL, NULL, NULL, NULL, NULL, 1, 0, NULL, '', 1, '2016-02-11 05:00:00'),
(9, NULL, NULL, NULL, NULL, 'bimar@d3.dentsu.co.id', NULL, NULL, NULL, 'Bimar Saksono', NULL, NULL, NULL, NULL, NULL, NULL, NULL, NULL, NULL, NULL, NULL, NULL, 1, 0, NULL, '', 1, '2016-02-19 05:00:00'),
(10, NULL, NULL, NULL, NULL, 'jessy@d3.dentsu.co.id', NULL, NULL, NULL, 'Jessy Christina Tono', NULL, NULL, NULL, NULL, NULL, NULL, NULL, NULL, NULL, NULL, NULL, NULL, 1, 0, NULL, '', 1, '2016-02-19 05:00:00'),
(11, NULL, NULL, NULL, NULL, 'rangga@d3.dentsu.co.id', NULL, NULL, NULL, 'Rangga Pandji', NULL, NULL, NULL, NULL, NULL, NULL, NULL, NULL, NULL, NULL, NULL, NULL, 1, 0, NULL, '', 1, '2016-02-19 05:00:00'),
(12, NULL, NULL, NULL, NULL, 'InditaSuwika.Sari@d3.dentsu.co.id', NULL, NULL, NULL, 'Indita Suwika Sari', NULL, NULL, NULL, NULL, NULL, NULL, NULL, NULL, NULL, NULL, NULL, NULL, 1, 0, NULL, '', 1, '2016-02-23 05:00:00');

-- --------------------------------------------------------

--
-- Table structure for table `tbl_participant_attachment_submissions`
--

CREATE TABLE IF NOT EXISTS `tbl_participant_attachment_submissions` (
  `id` int(11) unsigned NOT NULL AUTO_INCREMENT,
  `participant_id` int(11) unsigned DEFAULT NULL,
  `type` varchar(255) DEFAULT NULL,
  `url` varchar(255) DEFAULT NULL,
  `title` varchar(255) DEFAULT NULL,
  `file_name` text,
  `attribute` text,
  `count` int(11) DEFAULT NULL,
  `status` tinyint(1) DEFAULT '1',
  `added` int(11) DEFAULT NULL,
  `modified` int(11) DEFAULT NULL,
  PRIMARY KEY (`id`),
  KEY `part_id` (`participant_id`,`url`)
) ENGINE=MyISAM  DEFAULT CHARSET=utf8 AUTO_INCREMENT=25 ;

--
-- Dumping data for table `tbl_participant_attachment_submissions`
--

INSERT INTO `tbl_participant_attachment_submissions` (`id`, `participant_id`, `type`, `url`, `title`, `file_name`, `attribute`, `count`, `status`, `added`, `modified`) VALUES
(11, 6, 'fabric', NULL, NULL, '56c4509cf1abf.png', NULL, NULL, 1, 1455706268, 1455706268),
(9, 8, 'fabric', NULL, NULL, '56c44d86bfb09.png', NULL, NULL, 1, 1455705478, 1455705478),
(14, 7, 'fabric', NULL, NULL, '56c463ddeaac0.png', NULL, NULL, 1, 1455711197, 1455711197),
(19, 9, 'fabric', NULL, NULL, '56c71148ba57c.png', NULL, NULL, 1, 1455886664, 1455886664),
(20, 10, 'fabric', NULL, NULL, '56c715ab74a06.png', NULL, NULL, 1, 1455887787, 1455887787),
(23, 11, 'fabric', NULL, NULL, '56caf16865d13.png', NULL, NULL, 1, 1456140648, 1456140648),
(24, 5, 'fabric', NULL, NULL, '56cc38c231393.png', NULL, NULL, 1, 1456224450, 1456224450);

-- --------------------------------------------------------

--
-- Table structure for table `tbl_qrcodes`
--

CREATE TABLE IF NOT EXISTS `tbl_qrcodes` (
  `id` int(11) unsigned NOT NULL AUTO_INCREMENT,
  `name` varchar(255) DEFAULT NULL,
  `text` text,
  `serial` text,
  `file_name` varchar(512) DEFAULT NULL,
  `qrcode_url` varchar(512) DEFAULT NULL,
  `order` tinyint(3) DEFAULT NULL,
  `user_id` int(11) DEFAULT NULL,
  `count` int(11) DEFAULT NULL,
  `status` tinyint(1) DEFAULT '1',
  `added` int(11) DEFAULT NULL,
  `modified` int(11) DEFAULT NULL,
  PRIMARY KEY (`id`),
  KEY `name` (`name`)
) ENGINE=MyISAM  DEFAULT CHARSET=utf8 AUTO_INCREMENT=3 ;

--
-- Dumping data for table `tbl_qrcodes`
--

INSERT INTO `tbl_qrcodes` (`id`, `name`, `text`, `serial`, `file_name`, `qrcode_url`, `order`, `user_id`, `count`, `status`, `added`, `modified`) VALUES
(1, 'QR CODE 10C7OQ8fZl7OQe1J', '10C7OQ8fZl7OQe1J', 'qr-10C7OQ8fZl7OQe1J', 'https://chart.googleapis.com/chart?cht=qr&chs=300x300&chl=qr-10C7OQ8fZl7OQe1J&choe=UTF-8&chld=L|4', NULL, NULL, NULL, NULL, 1, 1441015354, NULL),
(2, 'test', 'Test', 'qr-n2xDPGtG7oeicPkr', 'https://chart.googleapis.com/chart?cht=qr&chs=300x300&chl=qr-n2xDPGtG7oeicPkr&choe=UTF-8&chld=L|4', NULL, NULL, NULL, NULL, 1, 1444192721, NULL);

-- --------------------------------------------------------

--
-- Table structure for table `tbl_questionnaires`
--

CREATE TABLE IF NOT EXISTS `tbl_questionnaires` (
  `id` int(11) unsigned NOT NULL AUTO_INCREMENT,
  `type` int(11) DEFAULT NULL,
  `name` varchar(255) DEFAULT NULL,
  `questionnaire_text` text,
  `value` varchar(12) DEFAULT NULL,
  `help_text` text,
  `file_name` varchar(512) DEFAULT NULL,
  `order` tinyint(3) DEFAULT NULL,
  `user_id` int(11) DEFAULT NULL,
  `count` int(11) DEFAULT NULL,
  `status` tinyint(1) DEFAULT '1',
  `added` int(11) DEFAULT NULL,
  `modified` int(11) DEFAULT NULL,
  PRIMARY KEY (`id`),
  KEY `name` (`name`)
) ENGINE=MyISAM  DEFAULT CHARSET=utf8 AUTO_INCREMENT=8 ;

--
-- Dumping data for table `tbl_questionnaires`
--

INSERT INTO `tbl_questionnaires` (`id`, `type`, `name`, `questionnaire_text`, `value`, `help_text`, `file_name`, `order`, `user_id`, `count`, `status`, `added`, `modified`) VALUES
(1, 0, 'Yang mana kencan ideal kamu', '<p>\n	Yang mana kencan ideal kamu?</p>\n', NULL, NULL, '3d5f0-who-am-i.jpg', NULL, NULL, NULL, 1, NULL, NULL),
(2, 0, 'Aktivitas outdoor favorit kamu', '<p>\n	Aktivitas outdoor favorit kamu?</p>\n', NULL, NULL, NULL, NULL, NULL, NULL, 1, NULL, NULL),
(3, 0, 'Aplikasi Hape Favorite Kamu', '<p>\n	Aplikasi Hape Favorite Kamu ?</p>\n', NULL, NULL, NULL, NULL, NULL, NULL, 1, NULL, NULL),
(4, 0, 'Sehari yang menyenangkan buat kamu seperti apa', '<p>\n	Sehari yang menyenangkan buat kamu seperti apa?</p>\n', NULL, NULL, NULL, NULL, NULL, NULL, 1, NULL, NULL),
(5, 0, 'Apa warna favoritmu', '<p>\n	Apa warna favoritmu?</p>\n', NULL, NULL, NULL, NULL, NULL, NULL, 1, NULL, NULL),
(6, 0, 'Menurut teman-teman, kamu itu', '<p>\n	Menurut teman-teman, kamu itu&hellip;</p>\n', NULL, NULL, NULL, NULL, NULL, NULL, 1, NULL, NULL),
(7, 0, 'Makanan Jepang favorit kamu', '<p>\n	Makanan Jepang favorit kamu?</p>\n', NULL, NULL, NULL, NULL, NULL, NULL, 1, NULL, NULL);

-- --------------------------------------------------------

--
-- Table structure for table `tbl_questionnaire_completed`
--

CREATE TABLE IF NOT EXISTS `tbl_questionnaire_completed` (
  `id` int(11) unsigned NOT NULL AUTO_INCREMENT,
  `participant_id` int(11) DEFAULT NULL,
  `questionnaire_id` int(11) DEFAULT NULL,
  `date_completed` int(11) DEFAULT NULL,
  `status` tinyint(1) DEFAULT '1',
  `added` int(11) DEFAULT NULL,
  `modified` int(11) DEFAULT NULL,
  PRIMARY KEY (`id`),
  KEY `part_id` (`participant_id`)
) ENGINE=MyISAM DEFAULT CHARSET=utf8 AUTO_INCREMENT=1 ;

-- --------------------------------------------------------

--
-- Table structure for table `tbl_questionnaire_user_answers`
--

CREATE TABLE IF NOT EXISTS `tbl_questionnaire_user_answers` (
  `id` int(11) unsigned NOT NULL AUTO_INCREMENT,
  `participant_id` int(11) DEFAULT NULL,
  `user_questionnaire_id` int(11) DEFAULT NULL,
  `question_id` int(11) DEFAULT NULL,
  `status` tinyint(1) DEFAULT '1',
  `added` int(11) DEFAULT NULL,
  `modified` int(11) DEFAULT NULL,
  PRIMARY KEY (`id`),
  KEY `participant_id` (`participant_id`)
) ENGINE=MyISAM DEFAULT CHARSET=utf8 AUTO_INCREMENT=1 ;

-- --------------------------------------------------------

--
-- Table structure for table `tbl_questions`
--

CREATE TABLE IF NOT EXISTS `tbl_questions` (
  `id` int(11) unsigned NOT NULL AUTO_INCREMENT,
  `questionnaire_id` int(11) DEFAULT NULL,
  `name` varchar(255) DEFAULT NULL,
  `question_text` text,
  `file_name` varchar(512) DEFAULT NULL,
  `order` tinyint(3) DEFAULT NULL,
  `user_id` int(11) DEFAULT NULL,
  `count` int(11) DEFAULT NULL,
  `status` tinyint(1) DEFAULT '1',
  `added` int(11) DEFAULT NULL,
  `modified` int(11) DEFAULT NULL,
  PRIMARY KEY (`id`),
  KEY `name` (`name`)
) ENGINE=MyISAM  DEFAULT CHARSET=utf8 AUTO_INCREMENT=22 ;

--
-- Dumping data for table `tbl_questions`
--

INSERT INTO `tbl_questions` (`id`, `questionnaire_id`, `name`, `question_text`, `file_name`, `order`, `user_id`, `count`, `status`, `added`, `modified`) VALUES
(1, 1, 'Fine Dining', '<p>\n	Fine Dining</p>\n', NULL, NULL, NULL, NULL, 1, NULL, NULL),
(2, 1, 'Party', '<p>\n	Party</p>\n', NULL, NULL, NULL, NULL, 1, NULL, NULL),
(14, 6, 'Mulai diet', '<p>\n	Mulai diet</p>\n', NULL, NULL, NULL, NULL, 1, NULL, NULL),
(15, 6, 'Cari pacar baru', '<p>\n	Cari pacar baru</p>\n', NULL, NULL, NULL, NULL, 1, NULL, NULL),
(3, 1, 'Camping di Alam Bebas', '<p>\n	Camping di Alam Bebas</p>\n', NULL, NULL, NULL, NULL, 1, NULL, NULL),
(13, 5, 'Ungu', '<p>\n	Ungu</p>\n', NULL, NULL, NULL, NULL, 1, NULL, NULL),
(4, 2, 'Nyantai di Pantai', '<p>\n	Nyantai di Pantai</p>\n', NULL, NULL, NULL, NULL, 1, NULL, NULL),
(5, 3, 'Instagram', '<p>\n	Instagram</p>\n', NULL, NULL, NULL, NULL, 1, NULL, NULL),
(6, 3, 'Pinterest', '<p>\n	Pinterest</p>\n', NULL, NULL, NULL, NULL, 1, NULL, NULL),
(12, 5, 'Biru', '<p>\n	Biru</p>\n', NULL, NULL, NULL, NULL, 1, NULL, NULL),
(7, 3, 'Music Player', '<p>\n	Music Player</p>\n', NULL, NULL, NULL, NULL, 1, NULL, NULL),
(8, 4, 'Makan seharian', '<p>\n	Makan seharian</p>\n', NULL, NULL, NULL, NULL, 1, NULL, NULL),
(9, 4, 'Yoga dan Spa', '<p>\n	Yoga dan Spa</p>\n', NULL, NULL, NULL, NULL, 1, NULL, NULL),
(10, 4, 'Cafe Hopping sama geng', '<p>\n	Cafe Hopping sama geng</p>\n', NULL, NULL, NULL, NULL, 1, NULL, NULL),
(11, 5, 'Merah', '<p>\n	Merah</p>\n', NULL, NULL, NULL, NULL, 1, NULL, NULL),
(16, 6, 'Olah raga tiap hari', '<p>\n	Olah raga tiap hari</p>\n', NULL, NULL, NULL, NULL, 1, NULL, NULL),
(17, 7, 'Sushi', '<p>\n	Sushi</p>\n', NULL, NULL, NULL, NULL, 1, NULL, NULL),
(18, 7, 'Sashimi', '<p>\n	Sashimi</p>\n', NULL, NULL, NULL, NULL, 1, NULL, NULL),
(19, 7, 'Sushi', '<p>\n	Sushi</p>\n', NULL, NULL, NULL, NULL, 1, NULL, NULL),
(20, 2, 'Jogging', '<p>\n	Jogging</p>\n', NULL, NULL, NULL, NULL, 1, NULL, NULL),
(21, 2, 'Window shopping', '<p>\n	Window shopping</p>\n', NULL, NULL, NULL, NULL, 1, NULL, NULL);

-- --------------------------------------------------------

--
-- Table structure for table `tbl_question_rules`
--

CREATE TABLE IF NOT EXISTS `tbl_question_rules` (
  `id` int(11) unsigned NOT NULL AUTO_INCREMENT,
  `question_id` int(11) DEFAULT NULL,
  `name` varchar(255) DEFAULT NULL,
  `text` text,
  `value` varchar(12) DEFAULT NULL,
  `file_name` varchar(512) DEFAULT NULL,
  `order` tinyint(3) DEFAULT NULL,
  `user_id` int(11) DEFAULT NULL,
  `count` int(11) DEFAULT NULL,
  `status` tinyint(1) DEFAULT '1',
  `added` int(11) DEFAULT NULL,
  `modified` int(11) DEFAULT NULL,
  PRIMARY KEY (`id`),
  KEY `name` (`name`)
) ENGINE=MyISAM DEFAULT CHARSET=utf8 AUTO_INCREMENT=1 ;

-- --------------------------------------------------------

--
-- Table structure for table `tbl_server_logs`
--

CREATE TABLE IF NOT EXISTS `tbl_server_logs` (
  `id` int(11) unsigned NOT NULL AUTO_INCREMENT,
  `session_id` varchar(64) DEFAULT NULL,
  `url` varchar(255) DEFAULT NULL,
  `user_id` int(11) unsigned DEFAULT NULL,
  `http_code` int(11) unsigned NOT NULL,
  `status_code` varchar(160) DEFAULT NULL,
  `bytes_served` int(11) DEFAULT NULL,
  `total_time` varchar(160) DEFAULT NULL,
  `ip_address` varchar(45) DEFAULT NULL,
  `referrer` varchar(512) DEFAULT NULL,
  `geolocation` varchar(512) NOT NULL,
  `user_agent` varchar(512) DEFAULT NULL,
  `is_mobile` int(1) DEFAULT NULL,
  `status` int(1) unsigned NOT NULL,
  `added` int(11) unsigned NOT NULL,
  `modified` int(11) unsigned NOT NULL,
  PRIMARY KEY (`id`),
  KEY `url` (`url`,`user_id`)
) ENGINE=MyISAM  DEFAULT CHARSET=utf8 AUTO_INCREMENT=312 ;

--
-- Dumping data for table `tbl_server_logs`
--

INSERT INTO `tbl_server_logs` (`id`, `session_id`, `url`, `user_id`, `http_code`, `status_code`, `bytes_served`, `total_time`, `ip_address`, `referrer`, `geolocation`, `user_agent`, `is_mobile`, `status`, `added`, `modified`) VALUES
(1, 'af89490a2ecf4b6e8caf52f81fac4473', 'http://localhost/dentsu.digital/quest', NULL, 200, NULL, NULL, '0.18234900 1452177895', '::1', '', '', '{"user_agent":"Mozilla\\/5.0 (Macintosh; Intel Mac OS X 10.7; rv:43.0) Gecko\\/20100101 Firefox\\/43.0","platform":"Mac OS X","browser":"Firefox"}', 0, 1, 1452177895, 0),
(2, 'e7598784fcf9c3350a4627aa60cb299d', 'http://localhost/dentsu.digital/quest', NULL, 200, NULL, NULL, '0.45564200 1452178975', '::1', 'http://localhost/dentsu.digital/quest', '', '{"user_agent":"Mozilla\\/5.0 (Macintosh; Intel Mac OS X 10.7; rv:43.0) Gecko\\/20100101 Firefox\\/43.0","platform":"Mac OS X","browser":"Firefox"}', 0, 1, 1452178975, 1452178975),
(3, 'c9b0977632284ef669ccffa99368c6f2', 'http://localhost/dentsu.digital/quest', NULL, 200, NULL, NULL, '0.54584900 1452179118', '::1', '', '', '{"user_agent":"Mozilla\\/5.0 (Macintosh; Intel Mac OS X 10.7; rv:43.0) Gecko\\/20100101 Firefox\\/43.0","platform":"Mac OS X","browser":"Firefox"}', 0, 1, 1452179118, 1452179118),
(4, '5fd510e5e655f47ec9b9f5544687c703', 'http://localhost/dentsu.digital/quest', NULL, 200, NULL, NULL, '0.60223900 1452179751', '::1', '', '', '{"user_agent":"Mozilla\\/5.0 (Macintosh; Intel Mac OS X 10.7; rv:43.0) Gecko\\/20100101 Firefox\\/43.0","platform":"Mac OS X","browser":"Firefox"}', 0, 1, 1452179751, 1452179751),
(5, '1eb9ec39c3ea836d01f51e26408e055e', 'http://localhost/dentsu.digital/quest', NULL, 200, NULL, NULL, '0.29091500 1452180049', '::1', 'http://localhost/dentsu.digital/quest', '', '{"user_agent":"Mozilla\\/5.0 (Macintosh; Intel Mac OS X 10.7; rv:43.0) Gecko\\/20100101 Firefox\\/43.0","platform":"Mac OS X","browser":"Firefox"}', 0, 1, 1452180049, 1452180049),
(6, '33f4fc50dbe70fed7cb45ddbc79f2c9d', 'http://localhost/dentsu.digital/quest', NULL, 200, NULL, NULL, '0.18785900 1452180288', '::1', '', '', '{"user_agent":"Mozilla\\/5.0 (Macintosh; Intel Mac OS X 10.7; rv:43.0) Gecko\\/20100101 Firefox\\/43.0","platform":"Mac OS X","browser":"Firefox"}', 0, 1, 1452180288, 1452180288),
(7, 'ab389fdb4bfde4625901576d11b02d48', 'http://localhost/dentsu.digital/quest', NULL, 200, NULL, NULL, '0.50205800 1452180723', '::1', '', '', '{"user_agent":"Mozilla\\/5.0 (Macintosh; Intel Mac OS X 10.7; rv:43.0) Gecko\\/20100101 Firefox\\/43.0","platform":"Mac OS X","browser":"Firefox"}', 0, 1, 1452180723, 1452180723),
(8, 'edac553fbfbcd82c068db8e0817a9551', 'http://localhost/dentsu.digital/quest', NULL, 200, NULL, NULL, '0.50527000 1452181410', '::1', 'http://localhost/dentsu.digital/quest', '', '{"user_agent":"Mozilla\\/5.0 (Macintosh; Intel Mac OS X 10.7; rv:43.0) Gecko\\/20100101 Firefox\\/43.0","platform":"Mac OS X","browser":"Firefox"}', 0, 1, 1452181410, 1452181410),
(9, '7536baf338a66851bb074bf60aefcc7e', 'http://localhost/dentsu.digital/quest', NULL, 200, NULL, NULL, '0.08165900 1452229475', '::1', 'http://localhost/dentsu.digital/quest', '', '{"user_agent":"Mozilla\\/5.0 (Macintosh; Intel Mac OS X 10.7; rv:43.0) Gecko\\/20100101 Firefox\\/43.0","platform":"Mac OS X","browser":"Firefox"}', 0, 1, 1452229483, 0),
(10, 'e44f925dcfdc713d025b488a65172000', 'http://localhost/dentsu.digital/quest', NULL, 200, NULL, NULL, '0.76047000 1452233022', '::1', 'http://localhost/dentsu.digital/quest', '', '{"user_agent":"Mozilla\\/5.0 (Macintosh; Intel Mac OS X 10.7; rv:43.0) Gecko\\/20100101 Firefox\\/43.0","platform":"Mac OS X","browser":"Firefox"}', 0, 1, 1452233022, 1452233022),
(11, '95af25808566f9732d6cf05a2c10568e', 'http://localhost/dentsu.digital/quest', NULL, 200, NULL, NULL, '0.38970400 1452233044', '::1', 'http://localhost/dentsu.digital/quest', '', '{"user_agent":"Mozilla\\/5.0 (Macintosh; Intel Mac OS X 10.7; rv:43.0) Gecko\\/20100101 Firefox\\/43.0","platform":"Mac OS X","browser":"Firefox"}', 0, 1, 1452233044, 1452233044),
(12, 'c74dbce5bf0d255c7f84a7acae7cb994', 'http://localhost/dentsu.digital/quest', NULL, 200, NULL, NULL, '0.33838200 1452235857', '::1', 'http://localhost/dentsu.digital/quest', '', '{"user_agent":"Mozilla\\/5.0 (Macintosh; Intel Mac OS X 10.7; rv:43.0) Gecko\\/20100101 Firefox\\/43.0","platform":"Mac OS X","browser":"Firefox"}', 0, 1, 1452235857, 1452235857),
(13, '7896967d86cd45eefdf081ea9e2753a6', 'http://localhost/dentsu.digital/', NULL, 200, NULL, NULL, '0.29946500 1452418710', '::1', 'http://localhost/dentsu.digital/admin-panel/questionrule/index?active=current', '', '{"user_agent":"Mozilla\\/5.0 (Macintosh; Intel Mac OS X 10.7; rv:43.0) Gecko\\/20100101 Firefox\\/43.0","platform":"Mac OS X","browser":"Firefox"}', 0, 1, 1452418711, 0),
(14, '901f9a165748dcebb4b6c6dd785b68a0', 'http://localhost/dentsu.digital/quest', NULL, 200, NULL, NULL, '0.29335300 1454303844', '::1', 'http://localhost/dentsu.digital/quest', '', '{"user_agent":"Mozilla\\/5.0 (Macintosh; Intel Mac OS X 10.7; rv:43.0) Gecko\\/20100101 Firefox\\/43.0","platform":"Mac OS X","browser":"Firefox"}', 0, 1, 1454303844, 1454303844),
(15, '8e8940dea074544a2b7913790326fcf0', 'http://localhost/dentsu.digital/quest', NULL, 200, NULL, NULL, '0.81371900 1454304242', '::1', 'http://localhost/dentsu.digital/quest', '', '{"user_agent":"Mozilla\\/5.0 (Macintosh; Intel Mac OS X 10_7_5) AppleWebKit\\/537.36 (KHTML, like Gecko) Chrome\\/48.0.2564.97 Safari\\/537.36","platform":"Mac OS X","browser":"Chrome"}', 0, 1, 1454304242, 1454304242),
(16, 'c31e01d194f4758f6bbf040a33e37c50', 'http://localhost/dentsu.digital/quest', NULL, 200, NULL, NULL, '0.32290500 1454309639', '::1', '', '', '{"user_agent":"Mozilla\\/5.0 (Macintosh; Intel Mac OS X 10.7; rv:43.0) Gecko\\/20100101 Firefox\\/43.0","platform":"Mac OS X","browser":"Firefox"}', 0, 1, 1454309639, 0),
(17, '4c41d1b0295bc4626f6b45062a3ac818', 'http://localhost/dentsu.digital/', NULL, 200, NULL, NULL, '0.17487100 1454556023', '::1', 'http://localhost/dentsu.digital/admin-panel/authenticate', '', '{"user_agent":"Mozilla\\/5.0 (Macintosh; Intel Mac OS X 10.7; rv:43.0) Gecko\\/20100101 Firefox\\/43.0","platform":"Mac OS X","browser":"Firefox"}', 0, 1, 1454556023, 0),
(18, '582fa82d90d84e64427efacfe1acc24b', 'http://localhost/dentsu.digital/qrcoder', NULL, 200, NULL, NULL, '0.04340800 1454556107', '::1', '', '', '{"user_agent":"Mozilla\\/5.0 (Macintosh; Intel Mac OS X 10.7; rv:43.0) Gecko\\/20100101 Firefox\\/43.0","platform":"Mac OS X","browser":"Firefox"}', 0, 1, 1454556107, 1454556107),
(19, 'de619ca2172fbbf58d3f820734a7bc30', 'http://localhost/dentsu.digital/qrcoder', NULL, 200, NULL, NULL, '0.35008500 1454556593', '::1', '', '', '{"user_agent":"Mozilla\\/5.0 (Macintosh; Intel Mac OS X 10.7; rv:43.0) Gecko\\/20100101 Firefox\\/43.0","platform":"Mac OS X","browser":"Firefox"}', 0, 1, 1454556593, 1454556593),
(20, 'afeca2afb598d86a8cac731afe05f590', 'http://localhost/dentsu.digital/qrcoder', NULL, 200, NULL, NULL, '0.36152300 1454558220', '::1', '', '', '{"user_agent":"Mozilla\\/5.0 (Macintosh; Intel Mac OS X 10.7; rv:43.0) Gecko\\/20100101 Firefox\\/43.0","platform":"Mac OS X","browser":"Firefox"}', 0, 1, 1454558220, 0),
(21, 'a3b5cd6db690396702975968f444e32c', 'http://localhost/dentsu.digital/qrcoder', NULL, 200, NULL, NULL, '0.95962500 1454564951', '::1', '', '', '{"user_agent":"Mozilla\\/5.0 (Macintosh; Intel Mac OS X 10.7; rv:43.0) Gecko\\/20100101 Firefox\\/43.0","platform":"Mac OS X","browser":"Firefox"}', 0, 1, 1454564952, 1454564952),
(22, '8bb5d91edf96070917f545aab3a20478', 'http://localhost/dentsu.digital/qrcoder', NULL, 200, NULL, NULL, '0.46549600 1454565721', '::1', '', '', '{"user_agent":"Mozilla\\/5.0 (Macintosh; Intel Mac OS X 10.7; rv:43.0) Gecko\\/20100101 Firefox\\/43.0","platform":"Mac OS X","browser":"Firefox"}', 0, 1, 1454565721, 1454565721),
(23, 'cc96ca9cb761b85d64028a36705fdc9b', 'http://localhost/dentsu.digital/fabric', NULL, 200, NULL, NULL, '0.67387700 1454572141', '::1', '', '', '{"user_agent":"Mozilla\\/5.0 (Macintosh; Intel Mac OS X 10.7; rv:43.0) Gecko\\/20100101 Firefox\\/43.0","platform":"Mac OS X","browser":"Firefox"}', 0, 1, 1454572141, 1454572141),
(24, '1ea1e3c611183815519ae441f600e5d2', 'http://localhost/dentsu.digital/fabric', NULL, 200, NULL, NULL, '0.21902300 1454572471', '::1', '', '', '{"user_agent":"Mozilla\\/5.0 (Macintosh; Intel Mac OS X 10.7; rv:43.0) Gecko\\/20100101 Firefox\\/43.0","platform":"Mac OS X","browser":"Firefox"}', 0, 1, 1454572471, 1454572471),
(25, '9b80bc41ee0ab2881b679c09a645e59d', 'http://localhost/dentsu.digital/fabric', NULL, 200, NULL, NULL, '0.92946600 1454572714', '::1', '', '', '{"user_agent":"Mozilla\\/5.0 (Macintosh; Intel Mac OS X 10.7; rv:43.0) Gecko\\/20100101 Firefox\\/43.0","platform":"Mac OS X","browser":"Firefox"}', 0, 1, 1454572714, 1454572714),
(26, '1975bbd0a69f69144c13414d90c81efa', 'http://localhost/dentsu.digital/fabric', NULL, 200, NULL, NULL, '0.10942800 1454573079', '::1', 'http://localhost/dentsu.digital/fabric', '', '{"user_agent":"Mozilla\\/5.0 (Macintosh; Intel Mac OS X 10.7; rv:43.0) Gecko\\/20100101 Firefox\\/43.0","platform":"Mac OS X","browser":"Firefox"}', 0, 1, 1454573079, 1454573079),
(27, '513436b75ed2696ff774f596394187b3', 'http://localhost/dentsu.digital/qrcoder', NULL, 200, NULL, NULL, '0.15627600 1454573251', '::1', '', '', '{"user_agent":"Mozilla\\/5.0 (Macintosh; Intel Mac OS X 10.7; rv:43.0) Gecko\\/20100101 Firefox\\/43.0","platform":"Mac OS X","browser":"Firefox"}', 0, 1, 1454573251, 1454573251),
(28, 'b9504c95b092339d3460158c7feae9ff', 'http://localhost/dentsu.digital/fabric', NULL, 200, NULL, NULL, '0.28726400 1454573794', '::1', '', '', '{"user_agent":"Mozilla\\/5.0 (Macintosh; Intel Mac OS X 10.7; rv:43.0) Gecko\\/20100101 Firefox\\/43.0","platform":"Mac OS X","browser":"Firefox"}', 0, 1, 1454573794, 1454573794),
(29, '054f96ecfc4512efafdd957de4e707b5', 'http://localhost/dentsu.digital/fabric', NULL, 200, NULL, NULL, '0.78033900 1454575217', '::1', '', '', '{"user_agent":"Mozilla\\/5.0 (Macintosh; Intel Mac OS X 10.7; rv:43.0) Gecko\\/20100101 Firefox\\/43.0","platform":"Mac OS X","browser":"Firefox"}', 0, 1, 1454575217, 1454575217),
(30, 'bc95e39b77ef60c029fcee137b370499', 'http://localhost/dentsu.digital/fabric', NULL, 200, NULL, NULL, '0.38701300 1454575414', '::1', '', '', '{"user_agent":"Mozilla\\/5.0 (Macintosh; Intel Mac OS X 10.7; rv:43.0) Gecko\\/20100101 Firefox\\/43.0","platform":"Mac OS X","browser":"Firefox"}', 0, 1, 1454575414, 1454575414),
(31, '9249cc13ed9c2d9ff58587c4869d137d', 'http://localhost/dentsu.digital/fabric', NULL, 200, NULL, NULL, '0.60511400 1454575742', '::1', '', '', '{"user_agent":"Mozilla\\/5.0 (Macintosh; Intel Mac OS X 10.7; rv:43.0) Gecko\\/20100101 Firefox\\/43.0","platform":"Mac OS X","browser":"Firefox"}', 0, 1, 1454575742, 0),
(32, '09d03338a4219a4213e0679708423790', 'http://localhost/dentsu.digital/fabric', NULL, 200, NULL, NULL, '0.30183300 1454577108', '::1', '', '', '{"user_agent":"Mozilla\\/5.0 (Macintosh; Intel Mac OS X 10.7; rv:43.0) Gecko\\/20100101 Firefox\\/43.0","platform":"Mac OS X","browser":"Firefox"}', 0, 1, 1454577108, 0),
(33, 'e3509082d1d7741563ec66ee981d7ab2', 'http://localhost/dentsu.digital/fabric', NULL, 200, NULL, NULL, '0.62187000 1454577691', '::1', '', '', '{"user_agent":"Mozilla\\/5.0 (Macintosh; Intel Mac OS X 10.7; rv:43.0) Gecko\\/20100101 Firefox\\/43.0","platform":"Mac OS X","browser":"Firefox"}', 0, 1, 1454577691, 0),
(34, '29370db2791489f41c4e9d0d08286614', 'http://localhost/dentsu.digital/fabric', NULL, 200, NULL, NULL, '0.03070000 1454578453', '::1', '', '', '{"user_agent":"Mozilla\\/5.0 (Macintosh; Intel Mac OS X 10.7; rv:43.0) Gecko\\/20100101 Firefox\\/43.0","platform":"Mac OS X","browser":"Firefox"}', 0, 1, 1454578453, 1454578453),
(35, '006c8ffe9920fae481c259a8cdf0c831', 'http://localhost/dentsu.digital/upload/image', NULL, 200, NULL, NULL, '0.03742200 1454578777', '::1', 'http://localhost/dentsu.digital/fabric', '', '{"user_agent":"Mozilla\\/5.0 (Macintosh; Intel Mac OS X 10.7; rv:43.0) Gecko\\/20100101 Firefox\\/43.0","platform":"Mac OS X","browser":"Firefox"}', 0, 1, 1454578777, 1454578777),
(36, '984edbba924f6d1e629e642689f287f6', 'http://localhost/dentsu.digital/upload/image', NULL, 200, NULL, NULL, '0.41900200 1454579348', '::1', 'http://localhost/dentsu.digital/fabric', '', '{"user_agent":"Mozilla\\/5.0 (Macintosh; Intel Mac OS X 10.7; rv:43.0) Gecko\\/20100101 Firefox\\/43.0","platform":"Mac OS X","browser":"Firefox"}', 0, 1, 1454579348, 1454579348),
(37, '019df49f11be41f803f5913b0f829fac', 'http://localhost/dentsu.digital/upload/image', NULL, 200, NULL, NULL, '0.71324900 1454579653', '::1', 'http://localhost/dentsu.digital/fabric', '', '{"user_agent":"Mozilla\\/5.0 (Macintosh; Intel Mac OS X 10.7; rv:43.0) Gecko\\/20100101 Firefox\\/43.0","platform":"Mac OS X","browser":"Firefox"}', 0, 1, 1454579653, 1454579653),
(38, '95e4db48998c9ebc146b7d9930a7d69a', 'http://localhost/dentsu.digital/fabric', NULL, 200, NULL, NULL, '0.34002300 1454579777', '::1', '', '', '{"user_agent":"Mozilla\\/5.0 (Macintosh; Intel Mac OS X 10.7; rv:43.0) Gecko\\/20100101 Firefox\\/43.0","platform":"Mac OS X","browser":"Firefox"}', 0, 1, 1454579777, 1454579777),
(39, '8d87ef46705aba82ff1cf7cf80ca377b', 'http://localhost/dentsu.digital/fabric', NULL, 200, NULL, NULL, '0.37962200 1454580446', '::1', '', '', '{"user_agent":"Mozilla\\/5.0 (Macintosh; Intel Mac OS X 10.7; rv:43.0) Gecko\\/20100101 Firefox\\/43.0","platform":"Mac OS X","browser":"Firefox"}', 0, 1, 1454580446, 1454580446),
(40, '6f3f2d5d557904ca0b671e710850d795', 'http://localhost/dentsu.digital/fabric', NULL, 200, NULL, NULL, '0.21068700 1454580503', '::1', '', '', '{"user_agent":"Mozilla\\/5.0 (Macintosh; Intel Mac OS X 10.7; rv:43.0) Gecko\\/20100101 Firefox\\/43.0","platform":"Mac OS X","browser":"Firefox"}', 0, 1, 1454580503, 0),
(41, 'dc6ee08fae8bc0017429c9b0341f9f76', 'http://localhost/dentsu.digital/upload/image', NULL, 200, NULL, NULL, '0.63375300 1454581546', '::1', 'http://localhost/dentsu.digital/fabric', '', '{"user_agent":"Mozilla\\/5.0 (Macintosh; Intel Mac OS X 10.7; rv:43.0) Gecko\\/20100101 Firefox\\/43.0","platform":"Mac OS X","browser":"Firefox"}', 0, 1, 1454581546, 1454581546),
(42, '882caaa95378fc55ff1f4eecdb4b5caf', 'http://localhost/dentsu.digital/fabric', NULL, 200, NULL, NULL, '0.82663600 1454582108', '::1', '', '', '{"user_agent":"Mozilla\\/5.0 (Macintosh; Intel Mac OS X 10.7; rv:43.0) Gecko\\/20100101 Firefox\\/43.0","platform":"Mac OS X","browser":"Firefox"}', 0, 1, 1454582108, 1454582108),
(43, '5628229d87a92322d6f5dfd43684a6fd', 'http://localhost/dentsu.digital/fabric', NULL, 200, NULL, NULL, '0.61038000 1454583015', '::1', '', '', '{"user_agent":"Mozilla\\/5.0 (Macintosh; Intel Mac OS X 10.7; rv:43.0) Gecko\\/20100101 Firefox\\/43.0","platform":"Mac OS X","browser":"Firefox"}', 0, 1, 1454583015, 1454583015),
(44, 'dbf300f497e65889801dca444364f052', 'http://localhost/dentsu.digital/tracking', NULL, 200, NULL, NULL, '0.87592800 1454583741', '::1', '', '', '{"user_agent":"Mozilla\\/5.0 (Macintosh; Intel Mac OS X 10.7; rv:43.0) Gecko\\/20100101 Firefox\\/43.0","platform":"Mac OS X","browser":"Firefox"}', 0, 1, 1454583741, 1454583741),
(45, 'e002c378f8683aee40975ee6d40c10e9', 'http://localhost/dentsu.digital/tracking', NULL, 200, NULL, NULL, '0.76560400 1454585315', '::1', '', '', '{"user_agent":"Mozilla\\/5.0 (Macintosh; Intel Mac OS X 10.7; rv:43.0) Gecko\\/20100101 Firefox\\/43.0","platform":"Mac OS X","browser":"Firefox"}', 0, 1, 1454585315, 1454585315),
(46, 'a17665a5bd49e2f0826ea7d92cfaf6d4', 'http://localhost/dentsu.digital/tracking', NULL, 200, NULL, NULL, '0.55658100 1454585514', '::1', '', '', '{"user_agent":"Mozilla\\/5.0 (Macintosh; Intel Mac OS X 10.7; rv:43.0) Gecko\\/20100101 Firefox\\/43.0","platform":"Mac OS X","browser":"Firefox"}', 0, 1, 1454585514, 1454585514),
(47, '529669971699603a43d948fc769e1e3f', 'http://localhost/dentsu.digital/tracking', NULL, 200, NULL, NULL, '0.83574400 1454585936', '::1', '', '', '{"user_agent":"Mozilla\\/5.0 (Macintosh; Intel Mac OS X 10.7; rv:43.0) Gecko\\/20100101 Firefox\\/43.0","platform":"Mac OS X","browser":"Firefox"}', 0, 1, 1454585936, 0),
(48, '40bbb18e62a72e7a08992f8fa4dc65f0', 'http://localhost/dentsu.digital/tracking', NULL, 200, NULL, NULL, '0.81258900 1454590070', '::1', '', '', '{"user_agent":"Mozilla\\/5.0 (Macintosh; Intel Mac OS X 10.7; rv:43.0) Gecko\\/20100101 Firefox\\/43.0","platform":"Mac OS X","browser":"Firefox"}', 0, 1, 1454590070, 1454590070),
(49, 'b4ee4cd1795eaa03d1aca2c1cb3dc1ec', 'http://localhost/dentsu.digital/tracking', NULL, 200, NULL, NULL, '0.41945600 1454590779', '::1', '', '', '{"user_agent":"Mozilla\\/5.0 (Macintosh; Intel Mac OS X 10.7; rv:43.0) Gecko\\/20100101 Firefox\\/43.0","platform":"Mac OS X","browser":"Firefox"}', 0, 1, 1454590779, 1454590779),
(50, '73f05e67ebb5ff829cb12c3c92dca955', 'http://localhost/dentsu.digital/tracking', NULL, 200, NULL, NULL, '0.30490100 1454591200', '::1', '', '', '{"user_agent":"Mozilla\\/5.0 (Macintosh; Intel Mac OS X 10.7; rv:43.0) Gecko\\/20100101 Firefox\\/43.0","platform":"Mac OS X","browser":"Firefox"}', 0, 1, 1454591200, 1454591200),
(51, 'b07666cad74c55140b3c4515a70383f1', 'http://localhost/dentsu.digital/tracking', NULL, 200, NULL, NULL, '0.96815900 1454591810', '::1', '', '', '{"user_agent":"Mozilla\\/5.0 (Macintosh; Intel Mac OS X 10.7; rv:43.0) Gecko\\/20100101 Firefox\\/43.0","platform":"Mac OS X","browser":"Firefox"}', 0, 1, 1454591811, 0),
(52, '8e1a8b0cc971b009c9f2d28c580d7b5f', 'http://localhost/dentsu.digital/tracking', NULL, 200, NULL, NULL, '0.40890900 1454594597', '::1', '', '', '{"user_agent":"Mozilla\\/5.0 (Macintosh; Intel Mac OS X 10.7; rv:43.0) Gecko\\/20100101 Firefox\\/43.0","platform":"Mac OS X","browser":"Firefox"}', 0, 1, 1454594597, 1454594597),
(53, '653f5be54771cffc47fd0fa220e2914c', 'http://localhost/dentsu.digital/fabric', NULL, 200, NULL, NULL, '0.04715600 1454655935', '::1', '', '', '{"user_agent":"Mozilla\\/5.0 (Macintosh; Intel Mac OS X 10.7; rv:43.0) Gecko\\/20100101 Firefox\\/43.0","platform":"Mac OS X","browser":"Firefox"}', 0, 1, 1454655935, 1454655935),
(54, '36f2418741f45233190ea46125deb213', 'http://localhost/dentsu.digital/fabric', NULL, 200, NULL, NULL, '0.88539800 1454656258', '::1', '', '', '{"user_agent":"Mozilla\\/5.0 (Macintosh; Intel Mac OS X 10.7; rv:43.0) Gecko\\/20100101 Firefox\\/43.0","platform":"Mac OS X","browser":"Firefox"}', 0, 1, 1454656258, 1454656258),
(55, '37731c6c87067f30030b2d0c948a7014', 'http://localhost/dentsu.digital/fabric', NULL, 200, NULL, NULL, '0.59165700 1454659178', '::1', '', '', '{"user_agent":"Mozilla\\/5.0 (Macintosh; Intel Mac OS X 10.7; rv:43.0) Gecko\\/20100101 Firefox\\/43.0","platform":"Mac OS X","browser":"Firefox"}', 0, 1, 1454659178, 1454659178),
(56, 'acad884f82497e010196f238def9b8a0', 'http://localhost/dentsu.digital/fabric', NULL, 200, NULL, NULL, '0.70321100 1454660161', '::1', '', '', '{"user_agent":"Mozilla\\/5.0 (Macintosh; Intel Mac OS X 10.7; rv:43.0) Gecko\\/20100101 Firefox\\/43.0","platform":"Mac OS X","browser":"Firefox"}', 0, 1, 1454660161, 1454660161),
(57, 'f4ce11cd2099f331b4bd3e5fc11b245c', 'http://localhost/dentsu.digital/fabric', NULL, 200, NULL, NULL, '0.41625900 1454661123', '::1', '', '', '{"user_agent":"Mozilla\\/5.0 (Macintosh; Intel Mac OS X 10.7; rv:43.0) Gecko\\/20100101 Firefox\\/43.0","platform":"Mac OS X","browser":"Firefox"}', 0, 1, 1454661123, 1454661123),
(58, 'd039a7cda997c7403b9fc1b38f23289f', 'http://localhost/dentsu.digital/upload/image', NULL, 200, NULL, NULL, '0.99024100 1454664573', '::1', 'http://localhost/dentsu.digital/fabric', '', '{"user_agent":"Mozilla\\/5.0 (Macintosh; Intel Mac OS X 10.7; rv:43.0) Gecko\\/20100101 Firefox\\/43.0","platform":"Mac OS X","browser":"Firefox"}', 0, 1, 1454664574, 1454664574),
(59, 'ca8759a82835893a7c5b22c21d73085d', 'http://localhost/dentsu.digital/fabric', NULL, 200, NULL, NULL, '0.37751600 1454670889', '::1', '', '', '{"user_agent":"Mozilla\\/5.0 (Macintosh; Intel Mac OS X 10.7; rv:43.0) Gecko\\/20100101 Firefox\\/43.0","platform":"Mac OS X","browser":"Firefox"}', 0, 1, 1454670889, 1454670889),
(60, '6139ac5d5221d9030e56936a084daf2d', 'http://localhost/dentsu.digital/tracking', NULL, 200, NULL, NULL, '0.28188200 1454671348', '::1', '', '', '{"user_agent":"Mozilla\\/5.0 (Macintosh; Intel Mac OS X 10.7; rv:43.0) Gecko\\/20100101 Firefox\\/43.0","platform":"Mac OS X","browser":"Firefox"}', 0, 1, 1454671348, 1454671348),
(61, 'ec64ffc923e8f58031d0bc82f379dc4a', 'http://localhost/dentsu.digital/fabric', NULL, 200, NULL, NULL, '0.85579700 1454674006', '::1', '', '', '{"user_agent":"Mozilla\\/5.0 (Macintosh; Intel Mac OS X 10.7; rv:43.0) Gecko\\/20100101 Firefox\\/43.0","platform":"Mac OS X","browser":"Firefox"}', 0, 1, 1454674006, 1454674006),
(62, '903f4e988988cafb7172a5886c729dd5', 'http://localhost/dentsu.digital/upload/image', NULL, 200, NULL, NULL, '0.88638800 1454992793', '::1', 'http://localhost/dentsu.digital/fabric', '', '{"user_agent":"Mozilla\\/5.0 (Macintosh; Intel Mac OS X 10.7; rv:43.0) Gecko\\/20100101 Firefox\\/43.0","platform":"Mac OS X","browser":"Firefox"}', 0, 1, 1454992793, 1454992793),
(63, '7269ff6e0f5c767b7280572b3d1da063', 'http://localhost/dentsu.digital/upload/image', NULL, 200, NULL, NULL, '0.86217200 1455002314', '::1', 'http://localhost/dentsu.digital/fabric', '', '{"user_agent":"Mozilla\\/5.0 (Macintosh; Intel Mac OS X 10.7; rv:43.0) Gecko\\/20100101 Firefox\\/43.0","platform":"Mac OS X","browser":"Firefox"}', 0, 1, 1455002315, 0),
(64, '38259f31fd64caf848a62fcee94c407a', 'http://localhost/dentsu.digital/tracking', NULL, 200, NULL, NULL, '0.10158500 1455107387', '127.0.0.1', '', '', '{"user_agent":"Mozilla\\/5.0 (Macintosh; Intel Mac OS X 10.7; rv:43.0) Gecko\\/20100101 Firefox\\/43.0","platform":"Mac OS X","browser":"Firefox"}', 0, 1, 1455107387, 0),
(65, 'ee8910b7e81c31163a3e71d4737985d9', 'http://localhost/dentsu.digital/fabric', NULL, 200, NULL, NULL, '0.88157600 1455163604', '::1', '', '', '{"user_agent":"Mozilla\\/5.0 (Macintosh; Intel Mac OS X 10.7; rv:43.0) Gecko\\/20100101 Firefox\\/43.0","platform":"Mac OS X","browser":"Firefox"}', 0, 1, 1455163606, 0),
(66, '94e8fc13782d17aabcc9be693d7d5318', 'http://localhost/dentsu.digital/qrcoder', NULL, 200, NULL, NULL, '0.66124000 1455164452', '::1', '', '', '{"user_agent":"Mozilla\\/5.0 (Macintosh; Intel Mac OS X 10.7; rv:43.0) Gecko\\/20100101 Firefox\\/43.0","platform":"Mac OS X","browser":"Firefox"}', 0, 1, 1455164452, 0),
(67, '55feffa08f54cf38ca24262397d2d449', 'http://localhost/dentsu.digital/fabric', NULL, 200, NULL, NULL, '0.87203000 1455166362', '::1', '', '', '{"user_agent":"Mozilla\\/5.0 (Macintosh; Intel Mac OS X 10.7; rv:43.0) Gecko\\/20100101 Firefox\\/43.0","platform":"Mac OS X","browser":"Firefox"}', 0, 1, 1455166362, 1455166362),
(68, 'a7d228f6614551b8fcb13a01caf79429', 'http://localhost/dentsu.digital/fabric', NULL, 200, NULL, NULL, '0.58249300 1455166579', '::1', '', '', '{"user_agent":"Mozilla\\/5.0 (Macintosh; Intel Mac OS X 10.7; rv:43.0) Gecko\\/20100101 Firefox\\/43.0","platform":"Mac OS X","browser":"Firefox"}', 0, 1, 1455166579, 1455166579),
(69, '386965f40cc43d410b6ad23bde9dd369', 'http://localhost/dentsu.digital/fabric', NULL, 200, NULL, NULL, '0.06470600 1455167213', '::1', '', '', '{"user_agent":"Mozilla\\/5.0 (Macintosh; Intel Mac OS X 10.7; rv:43.0) Gecko\\/20100101 Firefox\\/43.0","platform":"Mac OS X","browser":"Firefox"}', 0, 1, 1455167213, 1455167213),
(70, '94951c837d9084e02d4ea9e9a9ec42ae', 'http://localhost/dentsu.digital/fabric', NULL, 200, NULL, NULL, '0.47203800 1455167753', '::1', '', '', '{"user_agent":"Mozilla\\/5.0 (Macintosh; Intel Mac OS X 10.7; rv:43.0) Gecko\\/20100101 Firefox\\/43.0","platform":"Mac OS X","browser":"Firefox"}', 0, 1, 1455167753, 1455167753),
(71, '4a1e1129363bed47a2d1384b49ebff5d', 'http://localhost/dentsu.digital/fabric', NULL, 200, NULL, NULL, '0.46067900 1455167910', '::1', '', '', '{"user_agent":"Mozilla\\/5.0 (Macintosh; Intel Mac OS X 10.7; rv:43.0) Gecko\\/20100101 Firefox\\/43.0","platform":"Mac OS X","browser":"Firefox"}', 0, 1, 1455167910, 1455167910),
(72, '34edb2516ea4e0e52811ddf73a56c0fd', 'http://localhost/dentsu.digital/fabric', NULL, 200, NULL, NULL, '0.36147800 1455175178', '::1', '', '', '{"user_agent":"Mozilla\\/5.0 (Macintosh; Intel Mac OS X 10.7; rv:43.0) Gecko\\/20100101 Firefox\\/43.0","platform":"Mac OS X","browser":"Firefox"}', 0, 1, 1455175178, 1455175178),
(73, '646dde110934cb9feaaf157d39b445f0', 'http://localhost/dentsu.digital/fabric', NULL, 200, NULL, NULL, '0.09937800 1455176118', '::1', '', '', '{"user_agent":"Mozilla\\/5.0 (Macintosh; Intel Mac OS X 10.7; rv:43.0) Gecko\\/20100101 Firefox\\/43.0","platform":"Mac OS X","browser":"Firefox"}', 0, 1, 1455176118, 0),
(74, 'ca357579fed05ab8f01996a01f344562', 'http://localhost/dentsu.digital/fabric', NULL, 200, NULL, NULL, '0.45103800 1455176457', '::1', '', '', '{"user_agent":"Mozilla\\/5.0 (Macintosh; Intel Mac OS X 10.7; rv:43.0) Gecko\\/20100101 Firefox\\/43.0","platform":"Mac OS X","browser":"Firefox"}', 0, 1, 1455176457, 1455176457),
(75, '55f53f31a5ffe133e6ff38f06ea841e2', 'http://localhost/dentsu.digital/fabric', NULL, 200, NULL, NULL, '0.07609000 1455176469', '::1', '', '', '{"user_agent":"Mozilla\\/5.0 (Macintosh; Intel Mac OS X 10.7; rv:43.0) Gecko\\/20100101 Firefox\\/43.0","platform":"Mac OS X","browser":"Firefox"}', 0, 1, 1455176469, 0),
(76, 'fd8df66fa96db9f0e47266a5d5a86ba0', 'http://localhost/dentsu.digital/fabric', NULL, 200, NULL, NULL, '0.97288900 1455178898', '::1', 'http://localhost/dentsu.digital/fabric', '', '{"user_agent":"Mozilla\\/5.0 (Macintosh; Intel Mac OS X 10.7; rv:43.0) Gecko\\/20100101 Firefox\\/43.0","platform":"Mac OS X","browser":"Firefox"}', 0, 1, 1455178899, 1455178899),
(77, 'cd1654d76f9f5c4d8c4ad5bd278358ba', 'http://localhost/dentsu.digital/fabric', NULL, 200, NULL, NULL, '0.57999700 1455179305', '::1', 'http://localhost/dentsu.digital/fabric', '', '{"user_agent":"Mozilla\\/5.0 (Macintosh; Intel Mac OS X 10.7; rv:43.0) Gecko\\/20100101 Firefox\\/43.0","platform":"Mac OS X","browser":"Firefox"}', 0, 1, 1455179305, 1455179305),
(78, '590cf02ad69b329a3d7a0a74be292bb3', 'http://localhost/dentsu.digital/fabric', NULL, 200, NULL, NULL, '0.47008000 1455179402', '::1', 'http://localhost/dentsu.digital/fabric', '', '{"user_agent":"Mozilla\\/5.0 (Macintosh; Intel Mac OS X 10.7; rv:43.0) Gecko\\/20100101 Firefox\\/43.0","platform":"Mac OS X","browser":"Firefox"}', 0, 1, 1455179402, 1455179402),
(79, '080ee93e0d21584231f74c69e633fa34', 'http://localhost/dentsu.digital/fabric', NULL, 200, NULL, NULL, '0.79736000 1455182356', '::1', '', '', '{"user_agent":"Mozilla\\/5.0 (Macintosh; Intel Mac OS X 10.7; rv:43.0) Gecko\\/20100101 Firefox\\/43.0","platform":"Mac OS X","browser":"Firefox"}', 0, 1, 1455182356, 1455182356),
(80, '5e398122769ed411608502c9f372954f', 'http://localhost/dentsu.digital/fabric', NULL, 200, NULL, NULL, '0.02296300 1455182660', '::1', '', '', '{"user_agent":"Mozilla\\/5.0 (Macintosh; Intel Mac OS X 10.7; rv:43.0) Gecko\\/20100101 Firefox\\/43.0","platform":"Mac OS X","browser":"Firefox"}', 0, 1, 1455182660, 1455182660),
(81, 'ba2d125a522d9c56e1d3f90961a9f621', 'http://localhost/dentsu.digital/fabric', NULL, 200, NULL, NULL, '0.73727700 1455182706', '::1', '', '', '{"user_agent":"Mozilla\\/5.0 (Macintosh; Intel Mac OS X 10.7; rv:43.0) Gecko\\/20100101 Firefox\\/43.0","platform":"Mac OS X","browser":"Firefox"}', 0, 1, 1455182706, 0),
(82, 'bea99e6f235de3b61f312650f34a0f25', 'http://localhost/dentsu.digital/fabric', NULL, 200, NULL, NULL, '0.65728900 1455183387', '::1', 'http://localhost/dentsu.digital/fabric', '', '{"user_agent":"Mozilla\\/5.0 (Macintosh; Intel Mac OS X 10.7; rv:43.0) Gecko\\/20100101 Firefox\\/43.0","platform":"Mac OS X","browser":"Firefox"}', 0, 1, 1455183387, 1455183387),
(83, 'bbc91a838432a4c7b6d81aa41dc983ac', 'http://localhost/dentsu.digital/fabric', NULL, 200, NULL, NULL, '0.72109100 1455184151', '::1', 'http://localhost/dentsu.digital/fabric', '', '{"user_agent":"Mozilla\\/5.0 (Macintosh; Intel Mac OS X 10.7; rv:43.0) Gecko\\/20100101 Firefox\\/43.0","platform":"Mac OS X","browser":"Firefox"}', 0, 1, 1455184151, 1455184151),
(84, '52ca2f142e6bdc69dab7e934d824dada', 'http://localhost/dentsu.digital/fabric', NULL, 200, NULL, NULL, '0.82898900 1455185480', '::1', 'http://localhost/dentsu.digital/fabric', '', '{"user_agent":"Mozilla\\/5.0 (Macintosh; Intel Mac OS X 10.7; rv:43.0) Gecko\\/20100101 Firefox\\/43.0","platform":"Mac OS X","browser":"Firefox"}', 0, 1, 1455185480, 1455185480),
(85, '94bc307fac554616a7997e8d5edd3944', 'http://localhost/dentsu.digital/fabric', NULL, 200, NULL, NULL, '0.63910000 1455185994', '::1', 'http://localhost/dentsu.digital/fabric', '', '{"user_agent":"Mozilla\\/5.0 (Macintosh; Intel Mac OS X 10.7; rv:43.0) Gecko\\/20100101 Firefox\\/43.0","platform":"Mac OS X","browser":"Firefox"}', 0, 1, 1455185994, 1455185994),
(86, '3fb752333749abf3f559a4b318fc7aea', 'http://localhost/dentsu.digital/fabric', NULL, 200, NULL, NULL, '0.21118400 1455189026', '::1', '', '', '{"user_agent":"Mozilla\\/5.0 (Macintosh; Intel Mac OS X 10.7; rv:43.0) Gecko\\/20100101 Firefox\\/43.0","platform":"Mac OS X","browser":"Firefox"}', 0, 1, 1455189026, 1455189026),
(87, 'a10508992b6b5db6d40d4e2360a8b242', 'http://localhost/dentsu.digital/fabric', NULL, 200, NULL, NULL, '0.84577800 1455189790', '::1', 'http://localhost/dentsu.digital/fabric', '', '{"user_agent":"Mozilla\\/5.0 (Macintosh; Intel Mac OS X 10.7; rv:43.0) Gecko\\/20100101 Firefox\\/43.0","platform":"Mac OS X","browser":"Firefox"}', 0, 1, 1455189790, 1455189790),
(88, '854f07c14b4c6486dd6bf0011dae6753', 'http://localhost/dentsu.digital/fabric', NULL, 200, NULL, NULL, '0.88012300 1455189808', '::1', 'http://localhost/dentsu.digital/fabric', '', '{"user_agent":"Mozilla\\/5.0 (Macintosh; Intel Mac OS X 10.7; rv:43.0) Gecko\\/20100101 Firefox\\/43.0","platform":"Mac OS X","browser":"Firefox"}', 0, 1, 1455189808, 1455189808),
(89, 'b4258f1efebc7a188f9bc8358afc9eb5', 'http://localhost/dentsu.digital/fabric', NULL, 200, NULL, NULL, '0.35120100 1455245948', '::1', 'http://localhost/dentsu.digital/fabric', '', '{"user_agent":"Mozilla\\/5.0 (Macintosh; Intel Mac OS X 10.7; rv:43.0) Gecko\\/20100101 Firefox\\/43.0","platform":"Mac OS X","browser":"Firefox"}', 0, 1, 1455245948, 1455245948),
(90, 'ee377598c3120e458d76fdc63e1ef7fd', 'http://localhost/dentsu.digital/fabric', NULL, 200, NULL, NULL, '0.32854000 1455249952', '::1', 'http://localhost/dentsu.digital/fabric', '', '{"user_agent":"Mozilla\\/5.0 (Macintosh; Intel Mac OS X 10.7; rv:43.0) Gecko\\/20100101 Firefox\\/43.0","platform":"Mac OS X","browser":"Firefox"}', 0, 1, 1455249952, 1455249952),
(91, '46895ea634f26d0378bd4f2396326482', 'http://localhost/dentsu.digital/fabric', NULL, 200, NULL, NULL, '0.00494800 1455252479', '::1', 'http://localhost/dentsu.digital/fabric', '', '{"user_agent":"Mozilla\\/5.0 (Macintosh; Intel Mac OS X 10.7; rv:43.0) Gecko\\/20100101 Firefox\\/43.0","platform":"Mac OS X","browser":"Firefox"}', 0, 1, 1455252479, 1455252479),
(92, '86ebd52c84d14d5b5bde530bb80820b8', 'http://localhost/dentsu.digital/fabric', NULL, 200, NULL, NULL, '0.49041900 1455252635', '::1', 'http://localhost/dentsu.digital/fabric', '', '{"user_agent":"Mozilla\\/5.0 (Macintosh; Intel Mac OS X 10.7; rv:43.0) Gecko\\/20100101 Firefox\\/43.0","platform":"Mac OS X","browser":"Firefox"}', 0, 1, 1455252635, 1455252635),
(93, 'f64eb78794324b249ae667a3a6a363aa', 'http://localhost/dentsu.digital/fabric', NULL, 200, NULL, NULL, '0.12040700 1455253379', '::1', 'http://localhost/dentsu.digital/fabric', '', '{"user_agent":"Mozilla\\/5.0 (Macintosh; Intel Mac OS X 10.7; rv:43.0) Gecko\\/20100101 Firefox\\/43.0","platform":"Mac OS X","browser":"Firefox"}', 0, 1, 1455253379, 1455253379),
(94, '5725b9b277e91d4c35d7739ccc4c744a', 'http://localhost/dentsu.digital/fabric', NULL, 200, NULL, NULL, '0.84934800 1455254639', '::1', 'http://localhost/dentsu.digital/fabric', '', '{"user_agent":"Mozilla\\/5.0 (Macintosh; Intel Mac OS X 10.7; rv:43.0) Gecko\\/20100101 Firefox\\/43.0","platform":"Mac OS X","browser":"Firefox"}', 0, 1, 1455254640, 0),
(95, 'ea543be620ff76b39777e3ac4423ffe3', 'http://localhost/dentsu.digital/fabric', NULL, 200, NULL, NULL, '0.30629700 1455254826', '::1', 'http://localhost/dentsu.digital/fabric', '', '{"user_agent":"Mozilla\\/5.0 (Macintosh; Intel Mac OS X 10.7; rv:43.0) Gecko\\/20100101 Firefox\\/43.0","platform":"Mac OS X","browser":"Firefox"}', 0, 1, 1455254826, 1455254826),
(96, '232d82826d17333a3c3743e9b14ef3df', 'http://localhost/dentsu.digital/fabric', NULL, 200, NULL, NULL, '0.97690300 1455267621', '::1', 'http://localhost/dentsu.digital/fabric', '', '{"user_agent":"Mozilla\\/5.0 (Macintosh; Intel Mac OS X 10.7; rv:43.0) Gecko\\/20100101 Firefox\\/43.0","platform":"Mac OS X","browser":"Firefox"}', 0, 1, 1455267622, 1455267622),
(97, 'cc0bd5863de6994d47778408a40176a5', 'http://localhost/dentsu.digital/tracking', NULL, 200, NULL, NULL, '0.19740500 1455268613', '::1', '', '', '{"user_agent":"Mozilla\\/5.0 (Macintosh; Intel Mac OS X 10.7; rv:43.0) Gecko\\/20100101 Firefox\\/43.0","platform":"Mac OS X","browser":"Firefox"}', 0, 1, 1455268613, 1455268613),
(98, 'a8c761a7601c60858728c4681a167ff1', 'http://localhost/dentsu.digital/fabric', NULL, 200, NULL, NULL, '0.27065500 1455277177', '::1', 'http://localhost/dentsu.digital/fabric', '', '{"user_agent":"Mozilla\\/5.0 (Macintosh; Intel Mac OS X 10.7; rv:43.0) Gecko\\/20100101 Firefox\\/43.0","platform":"Mac OS X","browser":"Firefox"}', 0, 1, 1455277177, 1455277177),
(99, 'e7718326b53d19a665a5bf54fd995bf6', 'http://localhost/dentsu.digital/upload/image', NULL, 200, NULL, NULL, '0.86318000 1455277362', '::1', 'http://localhost/dentsu.digital/fabric', '', '{"user_agent":"Mozilla\\/5.0 (Macintosh; Intel Mac OS X 10.7; rv:43.0) Gecko\\/20100101 Firefox\\/43.0","platform":"Mac OS X","browser":"Firefox"}', 0, 1, 1455277362, 1455277362),
(100, 'f324c86758d02c45a7ab6516d1e7d681', 'http://localhost/dentsu.digital/fabric', NULL, 200, NULL, NULL, '0.35631700 1455278140', '::1', 'http://localhost/dentsu.digital/fabric', '', '{"user_agent":"Mozilla\\/5.0 (Macintosh; Intel Mac OS X 10.7; rv:43.0) Gecko\\/20100101 Firefox\\/43.0","platform":"Mac OS X","browser":"Firefox"}', 0, 1, 1455278140, 0),
(101, '961983a242e72b7ef8e578df604748bd', 'http://localhost/dentsu.digital/fabric', NULL, 200, NULL, NULL, '0.23722600 1455509673', '::1', 'http://localhost/dentsu.digital/fabric', '', '{"user_agent":"Mozilla\\/5.0 (Macintosh; Intel Mac OS X 10.7; rv:44.0) Gecko\\/20100101 Firefox\\/44.0","platform":"Mac OS X","browser":"Firefox"}', 0, 1, 1455509673, 1455509673),
(102, 'ef7e55ec8b84b6ed16a60f59f7f4f4c2', 'http://localhost/dentsu.digital/fabric', NULL, 200, NULL, NULL, '0.09377000 1455523181', '::1', 'http://localhost/dentsu.digital/fabric', '', '{"user_agent":"Mozilla\\/5.0 (Macintosh; Intel Mac OS X 10.7; rv:44.0) Gecko\\/20100101 Firefox\\/44.0","platform":"Mac OS X","browser":"Firefox"}', 0, 1, 1455523181, 0),
(103, 'ca56c67820b6335111a9eff442c361dd', 'http://localhost/dentsu.digital/fabric', NULL, 200, NULL, NULL, '0.90136300 1455533123', '::1', 'http://localhost/dentsu.digital/fabric', '', '{"user_agent":"Mozilla\\/5.0 (Macintosh; Intel Mac OS X 10.7; rv:44.0) Gecko\\/20100101 Firefox\\/44.0","platform":"Mac OS X","browser":"Firefox"}', 0, 1, 1455533123, 1455533123),
(104, '1a6cdadc6d88528f691dde513235e50c', 'http://localhost/dentsu.digital/fabric', NULL, 200, NULL, NULL, '0.11052700 1455534482', '::1', 'http://localhost/dentsu.digital/fabric', '', '{"user_agent":"Mozilla\\/5.0 (Macintosh; Intel Mac OS X 10.7; rv:44.0) Gecko\\/20100101 Firefox\\/44.0","platform":"Mac OS X","browser":"Firefox"}', 0, 1, 1455534482, 1455534482),
(105, '28bf13cbaeb7941684d7827fdb410179', 'http://localhost/dentsu.digital/upload/image', NULL, 200, NULL, NULL, '0.18938300 1455534946', '::1', 'http://localhost/dentsu.digital/fabric', '', '{"user_agent":"Mozilla\\/5.0 (Macintosh; Intel Mac OS X 10.7; rv:44.0) Gecko\\/20100101 Firefox\\/44.0","platform":"Mac OS X","browser":"Firefox"}', 0, 1, 1455534946, 1455534946),
(106, '3e282e73e5cfb6c15c5b7a51dd5de2e1', 'http://localhost/dentsu.digital/upload/image', NULL, 200, NULL, NULL, '0.60178400 1455535263', '::1', 'http://localhost/dentsu.digital/fabric', '', '{"user_agent":"Mozilla\\/5.0 (Macintosh; Intel Mac OS X 10.7; rv:44.0) Gecko\\/20100101 Firefox\\/44.0","platform":"Mac OS X","browser":"Firefox"}', 0, 1, 1455535263, 1455535263),
(107, '478a85e305c2ff018428599d0c211175', 'http://localhost/dentsu.digital/upload/image', NULL, 200, NULL, NULL, '0.97780900 1455535447', '::1', 'http://localhost/dentsu.digital/fabric', '', '{"user_agent":"Mozilla\\/5.0 (Macintosh; Intel Mac OS X 10.7; rv:44.0) Gecko\\/20100101 Firefox\\/44.0","platform":"Mac OS X","browser":"Firefox"}', 0, 1, 1455535448, 1455535448),
(108, '9b84296171c2de30b1b99b7883f012f8', 'http://localhost/dentsu.digital/fabric', NULL, 200, NULL, NULL, '0.55982400 1455593605', '::1', '', '', '{"user_agent":"Mozilla\\/5.0 (Macintosh; Intel Mac OS X 10.7; rv:44.0) Gecko\\/20100101 Firefox\\/44.0","platform":"Mac OS X","browser":"Firefox"}', 0, 1, 1455593606, 0),
(109, '4ac5bb724be4239568a254efaddc6a2e', 'http://localhost/dentsu.digital/fabric', NULL, 200, NULL, NULL, '0.16197500 1455594673', '::1', 'http://localhost/dentsu.digital/fabric', '', '{"user_agent":"Mozilla\\/5.0 (Macintosh; Intel Mac OS X 10.7; rv:44.0) Gecko\\/20100101 Firefox\\/44.0","platform":"Mac OS X","browser":"Firefox"}', 0, 1, 1455594673, 1455594673),
(110, '42658e0c3b2e06d99cb26d96d8ea1977', 'http://localhost/dentsu.digital/fabric', NULL, 200, NULL, NULL, '0.65992500 1455595614', '::1', 'http://localhost/dentsu.digital/fabric', '', '{"user_agent":"Mozilla\\/5.0 (Macintosh; Intel Mac OS X 10.7; rv:44.0) Gecko\\/20100101 Firefox\\/44.0","platform":"Mac OS X","browser":"Firefox"}', 0, 1, 1455595614, 0),
(111, '920704556f575bd16419ef7a245ba62d', 'http://localhost/dentsu.digital/fabric', NULL, 200, NULL, NULL, '0.06337800 1455596356', '::1', 'http://localhost/dentsu.digital/fabric', '', '{"user_agent":"Mozilla\\/5.0 (Macintosh; Intel Mac OS X 10.7; rv:44.0) Gecko\\/20100101 Firefox\\/44.0","platform":"Mac OS X","browser":"Firefox"}', 0, 1, 1455596356, 1455596356),
(112, '5348697e1f7e7486eb47b3067ac4f066', 'http://localhost/dentsu.digital/upload/upload_result', NULL, 200, NULL, NULL, '0.01914600 1455598079', '::1', 'http://localhost/dentsu.digital/fabric', '', '{"user_agent":"Mozilla\\/5.0 (Macintosh; Intel Mac OS X 10.7; rv:44.0) Gecko\\/20100101 Firefox\\/44.0","platform":"Mac OS X","browser":"Firefox"}', 0, 1, 1455598079, 1455598079),
(113, 'a0c9a6881ca9793f846efcc4915a140e', 'http://localhost/dentsu.digital/fabric', NULL, 200, NULL, NULL, '0.41709600 1455598715', '::1', 'http://localhost/dentsu.digital/fabric', '', '{"user_agent":"Mozilla\\/5.0 (Macintosh; Intel Mac OS X 10.7; rv:44.0) Gecko\\/20100101 Firefox\\/44.0","platform":"Mac OS X","browser":"Firefox"}', 0, 1, 1455598715, 1455598715),
(114, '5b64c1d8cca14279da232ca93a4c4ce5', 'http://localhost/dentsu.digital/fabric', NULL, 200, NULL, NULL, '0.93732200 1455599788', '::1', 'http://localhost/dentsu.digital/fabric', '', '{"user_agent":"Mozilla\\/5.0 (Macintosh; Intel Mac OS X 10.7; rv:44.0) Gecko\\/20100101 Firefox\\/44.0","platform":"Mac OS X","browser":"Firefox"}', 0, 1, 1455599789, 0),
(115, '3f5d704ed5e1e017031e451fbdef7915', 'http://localhost/dentsu.digital/upload/upload_result', NULL, 200, NULL, NULL, '0.70383000 1455605218', '::1', 'http://localhost/dentsu.digital/fabric', '', '{"user_agent":"Mozilla\\/5.0 (Macintosh; Intel Mac OS X 10.7; rv:44.0) Gecko\\/20100101 Firefox\\/44.0","platform":"Mac OS X","browser":"Firefox"}', 0, 1, 1455605218, 1455605218),
(116, '30c32324ef7c1c156da04509a60a200c', 'http://localhost/dentsu.digital/upload/upload_result', NULL, 200, NULL, NULL, '0.99902500 1455605649', '::1', 'http://localhost/dentsu.digital/fabric', '', '{"user_agent":"Mozilla\\/5.0 (Macintosh; Intel Mac OS X 10.7; rv:44.0) Gecko\\/20100101 Firefox\\/44.0","platform":"Mac OS X","browser":"Firefox"}', 0, 1, 1455605650, 1455605650),
(117, '452e2d9bd4d6841412b213337319b134', 'http://localhost/dentsu.digital/fabric', NULL, 200, NULL, NULL, '0.55156900 1455606369', '::1', 'http://localhost/dentsu.digital/fabric', '', '{"user_agent":"Mozilla\\/5.0 (Macintosh; Intel Mac OS X 10.7; rv:44.0) Gecko\\/20100101 Firefox\\/44.0","platform":"Mac OS X","browser":"Firefox"}', 0, 1, 1455606369, 1455606369),
(118, 'dedd3c8c69d082930153169cb616934e', 'http://localhost/dentsu.digital/fabric', NULL, 200, NULL, NULL, '0.46921100 1455606907', '::1', 'http://localhost/dentsu.digital/fabric', '', '{"user_agent":"Mozilla\\/5.0 (Macintosh; Intel Mac OS X 10.7; rv:44.0) Gecko\\/20100101 Firefox\\/44.0","platform":"Mac OS X","browser":"Firefox"}', 0, 1, 1455606907, 1455606907),
(119, '98c88c01b7ff09826fb94f1b2abd7266', 'http://localhost/dentsu.digital/fabric', NULL, 200, NULL, NULL, '0.03511700 1455607600', '::1', 'http://localhost/dentsu.digital/fabric', '', '{"user_agent":"Mozilla\\/5.0 (Macintosh; Intel Mac OS X 10.7; rv:44.0) Gecko\\/20100101 Firefox\\/44.0","platform":"Mac OS X","browser":"Firefox"}', 0, 1, 1455607600, 1455607600),
(120, 'ed41cdc5c1f3ffd2b57fb99f4b84a712', 'http://localhost/dentsu.digital/quest', NULL, 200, NULL, NULL, '0.29321500 1455624412', '::1', 'http://localhost/dentsu.digital/quest', '', '{"user_agent":"Mozilla\\/5.0 (Macintosh; Intel Mac OS X 10.7; rv:44.0) Gecko\\/20100101 Firefox\\/44.0","platform":"Mac OS X","browser":"Firefox"}', 0, 1, 1455624412, 1455624412),
(121, 'da1c7838f4e9594cc77994d2f6e96a24', 'http://localhost/dentsu.digital/fabric', NULL, 200, NULL, NULL, '0.47215400 1455678151', '::1', 'http://localhost/dentsu.digital/fabric', '', '{"user_agent":"Mozilla\\/5.0 (Macintosh; Intel Mac OS X 10.7; rv:44.0) Gecko\\/20100101 Firefox\\/44.0","platform":"Mac OS X","browser":"Firefox"}', 0, 1, 1455678152, 0),
(122, '0d34e69254f6eb0af628cdb41d2f1404', 'http://localhost/dentsu.digital/fabric', NULL, 200, NULL, NULL, '0.58765100 1455678546', '::1', 'http://localhost/dentsu.digital/fabric', '', '{"user_agent":"Mozilla\\/5.0 (Macintosh; Intel Mac OS X 10.7; rv:44.0) Gecko\\/20100101 Firefox\\/44.0","platform":"Mac OS X","browser":"Firefox"}', 0, 1, 1455678546, 1455678546),
(123, 'c1d40e4499bc41d1ff455772b5b10413', 'http://localhost/dentsu.digital/fabric', NULL, 200, NULL, NULL, '0.43195000 1455683366', '::1', 'http://localhost/dentsu.digital/fabric', '', '{"user_agent":"Mozilla\\/5.0 (Macintosh; Intel Mac OS X 10.7; rv:44.0) Gecko\\/20100101 Firefox\\/44.0","platform":"Mac OS X","browser":"Firefox"}', 0, 1, 1455683366, 0),
(124, '99dde9b315895fc7367cada179239016', 'http://localhost/dentsu.digital/fabric', NULL, 200, NULL, NULL, '0.95212300 1455684663', '::1', 'http://localhost/dentsu.digital/fabric', '', '{"user_agent":"Mozilla\\/5.0 (Macintosh; Intel Mac OS X 10.7; rv:44.0) Gecko\\/20100101 Firefox\\/44.0","platform":"Mac OS X","browser":"Firefox"}', 0, 1, 1455684663, 1455684663),
(125, '5abf0d63a825da8e748749c139c55e7f', 'http://localhost/dentsu.digital/upload/upload_result', NULL, 200, NULL, NULL, '0.39669600 1455685212', '::1', 'http://localhost/dentsu.digital/fabric', '', '{"user_agent":"Mozilla\\/5.0 (Macintosh; Intel Mac OS X 10.7; rv:44.0) Gecko\\/20100101 Firefox\\/44.0","platform":"Mac OS X","browser":"Firefox"}', 0, 1, 1455685212, 1455685212),
(126, '0f6dadba507a9f2222f821c613dddd1d', 'http://localhost/dentsu.digital/upload/upload_result', NULL, 200, NULL, NULL, '0.95860100 1455685536', '::1', 'http://localhost/dentsu.digital/fabric', '', '{"user_agent":"Mozilla\\/5.0 (Macintosh; Intel Mac OS X 10.7; rv:44.0) Gecko\\/20100101 Firefox\\/44.0","platform":"Mac OS X","browser":"Firefox"}', 0, 1, 1455685537, 1455685537),
(127, '3def75e3b5c4400a993dcbf42016e4c4', 'http://localhost/dentsu.digital/fabric', NULL, 200, NULL, NULL, '0.36794400 1455685962', '::1', 'http://localhost/dentsu.digital/fabric', '', '{"user_agent":"Mozilla\\/5.0 (Macintosh; Intel Mac OS X 10.7; rv:44.0) Gecko\\/20100101 Firefox\\/44.0","platform":"Mac OS X","browser":"Firefox"}', 0, 1, 1455685962, 1455685962),
(128, 'ca37573dd9c49c37ab086ca62c5eb6c6', 'http://localhost/dentsu.digital/fabric', NULL, 200, NULL, NULL, '0.94276800 1455688831', '::1', 'http://localhost/dentsu.digital/fabric', '', '{"user_agent":"Mozilla\\/5.0 (Macintosh; Intel Mac OS X 10.7; rv:44.0) Gecko\\/20100101 Firefox\\/44.0","platform":"Mac OS X","browser":"Firefox"}', 0, 1, 1455688831, 1455688831),
(129, '643f39478c44fafa4e345345ed9a5a54', 'http://localhost/dentsu.digital/fabric', NULL, 200, NULL, NULL, '0.84846200 1455695920', '::1', 'http://localhost/dentsu.digital/fabric', '', '{"user_agent":"Mozilla\\/5.0 (Macintosh; Intel Mac OS X 10.7; rv:44.0) Gecko\\/20100101 Firefox\\/44.0","platform":"Mac OS X","browser":"Firefox"}', 0, 1, 1455695920, 1455695920),
(130, '7c093bc926a03577d992f1feacf536b4', 'http://localhost/dentsu.digital/tracking', NULL, 200, NULL, NULL, '0.95523500 1455697447', '::1', '', '', '{"user_agent":"Mozilla\\/5.0 (Macintosh; Intel Mac OS X 10.7; rv:44.0) Gecko\\/20100101 Firefox\\/44.0","platform":"Mac OS X","browser":"Firefox"}', 0, 1, 1455697447, 1455697447),
(131, '78c32184329297a41d415d55faf9ad88', 'http://localhost/dentsu.digital/tracking', NULL, 200, NULL, NULL, '0.85549100 1455697794', '::1', '', '', '{"user_agent":"Mozilla\\/5.0 (Macintosh; Intel Mac OS X 10.7; rv:44.0) Gecko\\/20100101 Firefox\\/44.0","platform":"Mac OS X","browser":"Firefox"}', 0, 1, 1455697795, 1455697795),
(132, '2ea339f55f357ec3d739c519cd15d253', 'http://localhost/dentsu.digital/tracking', NULL, 200, NULL, NULL, '0.66198300 1455698054', '::1', '', '', '{"user_agent":"Mozilla\\/5.0 (Macintosh; Intel Mac OS X 10.7; rv:44.0) Gecko\\/20100101 Firefox\\/44.0","platform":"Mac OS X","browser":"Firefox"}', 0, 1, 1455698055, 1455698055),
(133, 'd1fceb28522ecbcdb8895933f60ae267', 'http://localhost/dentsu.digital/tracking', NULL, 200, NULL, NULL, '0.18036800 1455698510', '::1', '', '', '{"user_agent":"Mozilla\\/5.0 (Macintosh; Intel Mac OS X 10.7; rv:44.0) Gecko\\/20100101 Firefox\\/44.0","platform":"Mac OS X","browser":"Firefox"}', 0, 1, 1455698510, 1455698510),
(134, 'd00bffac29e4e6513d3ddac1dbd7b806', 'http://localhost/dentsu.digital/tracking', NULL, 200, NULL, NULL, '0.42193300 1455699636', '::1', '', '', '{"user_agent":"Mozilla\\/5.0 (Macintosh; Intel Mac OS X 10.7; rv:44.0) Gecko\\/20100101 Firefox\\/44.0","platform":"Mac OS X","browser":"Firefox"}', 0, 1, 1455699636, 1455699636),
(135, 'f5705c6b1280566e508482dce3743134', 'http://localhost/dentsu.digital/fabric', NULL, 200, NULL, NULL, '0.08416900 1455699917', '::1', '', '', '{"user_agent":"Mozilla\\/5.0 (Macintosh; Intel Mac OS X 10.7; rv:44.0) Gecko\\/20100101 Firefox\\/44.0","platform":"Mac OS X","browser":"Firefox"}', 0, 1, 1455699917, 1455699917),
(136, '7fdcfe53304cb790dccd22dd0e3d2d46', 'http://localhost/dentsu.digital/fabric', NULL, 200, NULL, NULL, '0.78906800 1455700454', '::1', 'http://localhost/dentsu.digital/fabric', '', '{"user_agent":"Mozilla\\/5.0 (Macintosh; Intel Mac OS X 10.7; rv:44.0) Gecko\\/20100101 Firefox\\/44.0","platform":"Mac OS X","browser":"Firefox"}', 0, 1, 1455700454, 1455700454),
(137, 'fa22ebc6b4524bbd33efe171c7f6327e', 'http://localhost/dentsu.digital/fabric', NULL, 200, NULL, NULL, '0.10722900 1455701195', '::1', 'http://localhost/dentsu.digital/fabric', '', '{"user_agent":"Mozilla\\/5.0 (Macintosh; Intel Mac OS X 10.7; rv:44.0) Gecko\\/20100101 Firefox\\/44.0","platform":"Mac OS X","browser":"Firefox"}', 0, 1, 1455701195, 1455701195),
(138, '56b902c288ef010a26544f2327b7fa01', 'http://localhost/dentsu.digital/fabric', NULL, 200, NULL, NULL, '0.75745300 1455702994', '::1', 'http://localhost/dentsu.digital/fabric', '', '{"user_agent":"Mozilla\\/5.0 (Macintosh; Intel Mac OS X 10.7; rv:44.0) Gecko\\/20100101 Firefox\\/44.0","platform":"Mac OS X","browser":"Firefox"}', 0, 1, 1455702994, 1455702994),
(139, 'a41d895694f3f1c3d5ea1204a180fcec', 'http://localhost/dentsu.digital/fabric', NULL, 200, NULL, NULL, '0.95549100 1455703370', '::1', 'http://localhost/dentsu.digital/fabric', '', '{"user_agent":"Mozilla\\/5.0 (Macintosh; Intel Mac OS X 10.7; rv:44.0) Gecko\\/20100101 Firefox\\/44.0","platform":"Mac OS X","browser":"Firefox"}', 0, 1, 1455703370, 1455703370),
(140, '53e11776907cfb609b3d9232c492da62', 'http://localhost/dentsu.digital/fabric', NULL, 200, NULL, NULL, '0.29329300 1455703495', '::1', 'http://localhost/dentsu.digital/fabric', '', '{"user_agent":"Mozilla\\/5.0 (Macintosh; Intel Mac OS X 10.7; rv:44.0) Gecko\\/20100101 Firefox\\/44.0","platform":"Mac OS X","browser":"Firefox"}', 0, 1, 1455703495, 1455703495),
(141, 'a10eb65d8fbaf00f3203275565135229', 'http://localhost/dentsu.digital/fabric', NULL, 200, NULL, NULL, '0.73530900 1455703541', '::1', 'http://localhost/dentsu.digital/fabric', '', '{"user_agent":"Mozilla\\/5.0 (Macintosh; Intel Mac OS X 10.7; rv:44.0) Gecko\\/20100101 Firefox\\/44.0","platform":"Mac OS X","browser":"Firefox"}', 0, 1, 1455703541, 1455703541),
(142, 'a9b73ae1a6b108ac795ec35780f1c5f5', 'http://localhost/dentsu.digital/fabric', NULL, 200, NULL, NULL, '0.92216900 1455704427', '::1', 'http://localhost/dentsu.digital/fabric', '', '{"user_agent":"Mozilla\\/5.0 (Macintosh; Intel Mac OS X 10.7; rv:44.0) Gecko\\/20100101 Firefox\\/44.0","platform":"Mac OS X","browser":"Firefox"}', 0, 1, 1455704427, 1455704427),
(143, 'a1bc7bb9a33c7002eea62c7d94b070fb', 'http://localhost/dentsu.digital/fabric', NULL, 200, NULL, NULL, '0.78642500 1455704524', '::1', 'http://localhost/dentsu.digital/fabric', '', '{"user_agent":"Mozilla\\/5.0 (Macintosh; Intel Mac OS X 10.7; rv:44.0) Gecko\\/20100101 Firefox\\/44.0","platform":"Mac OS X","browser":"Firefox"}', 0, 1, 1455704524, 1455704524),
(144, '0cece9fed50180b28d3efcdd6f5b6025', 'http://localhost/dentsu.digital/fabric', NULL, 200, NULL, NULL, '0.03725400 1455704587', '::1', 'http://localhost/dentsu.digital/fabric', '', '{"user_agent":"Mozilla\\/5.0 (Macintosh; Intel Mac OS X 10.7; rv:44.0) Gecko\\/20100101 Firefox\\/44.0","platform":"Mac OS X","browser":"Firefox"}', 0, 1, 1455704587, 1455704587);
INSERT INTO `tbl_server_logs` (`id`, `session_id`, `url`, `user_id`, `http_code`, `status_code`, `bytes_served`, `total_time`, `ip_address`, `referrer`, `geolocation`, `user_agent`, `is_mobile`, `status`, `added`, `modified`) VALUES
(145, '2fe5b8a31169907d46d84123a5d1d0da', 'http://localhost/dentsu.digital/fabric', NULL, 200, NULL, NULL, '0.41415900 1455705274', '::1', 'http://localhost/dentsu.digital/fabric', '', '{"user_agent":"Mozilla\\/5.0 (Macintosh; Intel Mac OS X 10.7; rv:44.0) Gecko\\/20100101 Firefox\\/44.0","platform":"Mac OS X","browser":"Firefox"}', 0, 1, 1455705274, 1455705274),
(146, '5eab9c301a76adc41b541dfebae349ea', 'http://localhost/dentsu.digital/fabric', NULL, 200, NULL, NULL, '0.81520800 1455705480', '::1', 'http://localhost/dentsu.digital/fabric', '', '{"user_agent":"Mozilla\\/5.0 (Macintosh; Intel Mac OS X 10.7; rv:44.0) Gecko\\/20100101 Firefox\\/44.0","platform":"Mac OS X","browser":"Firefox"}', 0, 1, 1455705480, 1455705480),
(147, 'c4ed2fed9e8fdba606d4a34760ac32ac', 'http://localhost/dentsu.digital/fabric', NULL, 200, NULL, NULL, '0.44461300 1455706126', '::1', 'http://localhost/dentsu.digital/fabric', '', '{"user_agent":"Mozilla\\/5.0 (Macintosh; Intel Mac OS X 10.7; rv:44.0) Gecko\\/20100101 Firefox\\/44.0","platform":"Mac OS X","browser":"Firefox"}', 0, 1, 1455706126, 1455706126),
(148, 'f2de467a1e69c3f74e7509aece870b20', 'http://localhost/dentsu.digital/fabric', NULL, 200, NULL, NULL, '0.17479500 1455706196', '::1', 'http://localhost/dentsu.digital/fabric', '', '{"user_agent":"Mozilla\\/5.0 (Macintosh; Intel Mac OS X 10.7; rv:44.0) Gecko\\/20100101 Firefox\\/44.0","platform":"Mac OS X","browser":"Firefox"}', 0, 1, 1455706196, 1455706196),
(149, '0dc8ceee9dfd9300a88e1b9c5f1d3913', 'http://localhost/dentsu.digital/fabric', NULL, 200, NULL, NULL, '0.01065700 1455706271', '::1', 'http://localhost/dentsu.digital/fabric', '', '{"user_agent":"Mozilla\\/5.0 (Macintosh; Intel Mac OS X 10.7; rv:44.0) Gecko\\/20100101 Firefox\\/44.0","platform":"Mac OS X","browser":"Firefox"}', 0, 1, 1455706271, 1455706271),
(150, 'aae54d44c8df5ef0e48d8ea1be919fb3', 'http://localhost/dentsu.digital/fabric', NULL, 200, NULL, NULL, '0.18133600 1455706458', '::1', 'http://localhost/dentsu.digital/fabric', '', '{"user_agent":"Mozilla\\/5.0 (Macintosh; Intel Mac OS X 10.7; rv:44.0) Gecko\\/20100101 Firefox\\/44.0","platform":"Mac OS X","browser":"Firefox"}', 0, 1, 1455706458, 1455706458),
(151, '7e6dde6b8bc791f3f7e1a8c636e7ddeb', 'http://localhost/dentsu.digital/fabric', NULL, 200, NULL, NULL, '0.72075300 1455709075', '::1', '', '', '{"user_agent":"Mozilla\\/5.0 (Macintosh; Intel Mac OS X 10.7; rv:44.0) Gecko\\/20100101 Firefox\\/44.0","platform":"Mac OS X","browser":"Firefox"}', 0, 1, 1455709075, 1455709075),
(152, '0f31f1aed0c8455fceb0737ed7c8bb11', 'http://localhost/dentsu.digital/fabric', NULL, 200, NULL, NULL, '0.79623300 1455709292', '::1', '', '', '{"user_agent":"Mozilla\\/5.0 (Macintosh; Intel Mac OS X 10.7; rv:44.0) Gecko\\/20100101 Firefox\\/44.0","platform":"Mac OS X","browser":"Firefox"}', 0, 1, 1455709292, 1455709292),
(153, '94fda61888395e0c75cf8afbfcb3157a', 'http://localhost/dentsu.digital/fabric', NULL, 200, NULL, NULL, '0.68796400 1455709960', '::1', 'http://localhost/dentsu.digital/fabric', '', '{"user_agent":"Mozilla\\/5.0 (Macintosh; Intel Mac OS X 10.7; rv:44.0) Gecko\\/20100101 Firefox\\/44.0","platform":"Mac OS X","browser":"Firefox"}', 0, 1, 1455709960, 1455709960),
(154, '594d259fecc40de2588a2c54f7f7fc40', 'http://localhost/dentsu.digital/fabric', NULL, 200, NULL, NULL, '0.39857300 1455711292', '::1', 'http://localhost/dentsu.digital/fabric', '', '{"user_agent":"Mozilla\\/5.0 (Macintosh; Intel Mac OS X 10.7; rv:44.0) Gecko\\/20100101 Firefox\\/44.0","platform":"Mac OS X","browser":"Firefox"}', 0, 1, 1455711292, 1455711292),
(155, '69461b0b046e26f8d6db981b7065df6d', 'http://localhost/dentsu.digital/fabric', NULL, 200, NULL, NULL, '0.50369400 1455766347', '::1', 'http://localhost/dentsu.digital/fabric', '', '{"user_agent":"Mozilla\\/5.0 (Macintosh; Intel Mac OS X 10.7; rv:44.0) Gecko\\/20100101 Firefox\\/44.0","platform":"Mac OS X","browser":"Firefox"}', 0, 1, 1455766349, 0),
(156, 'd8f8ed903a23ef6a2dba0107adec776a', 'http://localhost/dentsu.digital/fabric', NULL, 200, NULL, NULL, '0.83879000 1455766510', '::1', 'http://localhost/dentsu.digital/fabric', '', '{"user_agent":"Mozilla\\/5.0 (Macintosh; Intel Mac OS X 10.7; rv:44.0) Gecko\\/20100101 Firefox\\/44.0","platform":"Mac OS X","browser":"Firefox"}', 0, 1, 1455766510, 1455766510),
(157, '13c3e1f12aaf5d8a1fdd7d20caa4a28f', 'http://localhost/dentsu.digital/fabric', NULL, 200, NULL, NULL, '0.23649800 1455767154', '::1', 'http://localhost/dentsu.digital/fabric', '', '{"user_agent":"Mozilla\\/5.0 (Macintosh; Intel Mac OS X 10.7; rv:44.0) Gecko\\/20100101 Firefox\\/44.0","platform":"Mac OS X","browser":"Firefox"}', 0, 1, 1455767154, 1455767154),
(158, '8c2b185118b2f266aaed9fc539b05164', 'http://localhost/dentsu.digital/fabric/participated', NULL, 200, NULL, NULL, '0.83583200 1455767638', '::1', 'http://localhost/dentsu.digital/fabric', '', '{"user_agent":"Mozilla\\/5.0 (Macintosh; Intel Mac OS X 10.7; rv:44.0) Gecko\\/20100101 Firefox\\/44.0","platform":"Mac OS X","browser":"Firefox"}', 0, 1, 1455767638, 1455767638),
(159, 'c53971b8b9fe5e3a580b96407027f958', 'http://localhost/dentsu.digital/fabric/participated', NULL, 200, NULL, NULL, '0.44326800 1455767954', '::1', 'http://localhost/dentsu.digital/fabric', '', '{"user_agent":"Mozilla\\/5.0 (Macintosh; Intel Mac OS X 10.7; rv:44.0) Gecko\\/20100101 Firefox\\/44.0","platform":"Mac OS X","browser":"Firefox"}', 0, 1, 1455767954, 1455767954),
(160, 'edbe87eda40bab365a6c41185ca0662d', 'http://localhost/dentsu.digital/fabric/participated', NULL, 200, NULL, NULL, '0.58273600 1455768385', '::1', 'http://localhost/dentsu.digital/fabric', '', '{"user_agent":"Mozilla\\/5.0 (Macintosh; Intel Mac OS X 10.7; rv:44.0) Gecko\\/20100101 Firefox\\/44.0","platform":"Mac OS X","browser":"Firefox"}', 0, 1, 1455768385, 1455768385),
(161, '6b0970f1b55980a1d10fd6e01b8bb161', 'http://localhost/dentsu.digital/fabric/participated', NULL, 200, NULL, NULL, '0.95981900 1455768660', '::1', '', '', '{"user_agent":"Mozilla\\/5.0 (Macintosh; Intel Mac OS X 10.7; rv:44.0) Gecko\\/20100101 Firefox\\/44.0","platform":"Mac OS X","browser":"Firefox"}', 0, 1, 1455768661, 1455768661),
(162, '50aa388c179ca0959739cdbe24bb2166', 'http://localhost/dentsu.digital/fabric/participated', NULL, 200, NULL, NULL, '0.24017800 1455772203', '::1', '', '', '{"user_agent":"Mozilla\\/5.0 (Macintosh; Intel Mac OS X 10.7; rv:44.0) Gecko\\/20100101 Firefox\\/44.0","platform":"Mac OS X","browser":"Firefox"}', 0, 1, 1455772203, 1455772203),
(163, 'ddb8ee2758dc30e9b851e1910afec4ef', 'http://localhost/dentsu.digital/fabric/participated', NULL, 200, NULL, NULL, '0.13368600 1455776359', '::1', '', '', '{"user_agent":"Mozilla\\/5.0 (Macintosh; Intel Mac OS X 10.7; rv:44.0) Gecko\\/20100101 Firefox\\/44.0","platform":"Mac OS X","browser":"Firefox"}', 0, 1, 1455776359, 1455776359),
(164, '8c9404d1b9ff6cc4f473944a79508914', 'http://localhost/dentsu.digital/fabric/participated', NULL, 200, NULL, NULL, '0.75350200 1455776612', '::1', '', '', '{"user_agent":"Mozilla\\/5.0 (Macintosh; Intel Mac OS X 10.7; rv:44.0) Gecko\\/20100101 Firefox\\/44.0","platform":"Mac OS X","browser":"Firefox"}', 0, 1, 1455776612, 1455776612),
(165, 'dc347db4dd5a1d7dfe844048caa3960f', 'http://localhost/dentsu.digital/fabric/participated', NULL, 200, NULL, NULL, '0.36145500 1455776958', '::1', '', '', '{"user_agent":"Mozilla\\/5.0 (Macintosh; Intel Mac OS X 10.7; rv:44.0) Gecko\\/20100101 Firefox\\/44.0","platform":"Mac OS X","browser":"Firefox"}', 0, 1, 1455776958, 0),
(166, 'b513f3d3a62339232e9527853450cd35', 'http://localhost/dentsu.digital/fabric/participated', NULL, 200, NULL, NULL, '0.05542900 1455779594', '::1', '', '', '{"user_agent":"Mozilla\\/5.0 (Macintosh; Intel Mac OS X 10.7; rv:44.0) Gecko\\/20100101 Firefox\\/44.0","platform":"Mac OS X","browser":"Firefox"}', 0, 1, 1455779594, 1455779594),
(167, '43a5084b353e707846e14a4f97842fbb', 'http://localhost/dentsu.digital/fabric/participated', NULL, 200, NULL, NULL, '0.25134300 1455779957', '::1', '', '', '{"user_agent":"Mozilla\\/5.0 (Macintosh; Intel Mac OS X 10.7; rv:44.0) Gecko\\/20100101 Firefox\\/44.0","platform":"Mac OS X","browser":"Firefox"}', 0, 1, 1455779957, 1455779957),
(168, '1aa69db163c35b7f4289bec625c04a68', 'http://localhost/dentsu.digital/fabric/participated', NULL, 200, NULL, NULL, '0.77812600 1455782737', '::1', '', '', '{"user_agent":"Mozilla\\/5.0 (Macintosh; Intel Mac OS X 10.7; rv:44.0) Gecko\\/20100101 Firefox\\/44.0","platform":"Mac OS X","browser":"Firefox"}', 0, 1, 1455782737, 1455782737),
(169, '4c46020277761f8c5bbf4f825b8b6eb6', 'http://localhost/dentsu.digital/fabric/participated', NULL, 200, NULL, NULL, '0.24674400 1455782906', '::1', '', '', '{"user_agent":"Mozilla\\/5.0 (Macintosh; Intel Mac OS X 10_7_5) AppleWebKit\\/537.36 (KHTML, like Gecko) Chrome\\/48.0.2564.109 Safari\\/537.36","platform":"Mac OS X","browser":"Chrome"}', 0, 1, 1455782906, 1455782906),
(170, '812c994a925e05a21838273c9ca303f9', 'http://localhost/dentsu.digital/tracking', NULL, 200, NULL, NULL, '0.34903100 1455783393', '::1', '', '', '{"user_agent":"Mozilla\\/5.0 (Macintosh; Intel Mac OS X 10.7; rv:44.0) Gecko\\/20100101 Firefox\\/44.0","platform":"Mac OS X","browser":"Firefox"}', 0, 1, 1455783393, 1455783393),
(171, '4ba72dc10536606d930e5dcc45a78ecc', 'http://localhost/dentsu.digital/fabric/participated', NULL, 200, NULL, NULL, '0.02509100 1455783382', '::1', '', '', '{"user_agent":"Mozilla\\/5.0 (Macintosh; Intel Mac OS X 10_7_5) AppleWebKit\\/537.36 (KHTML, like Gecko) Chrome\\/48.0.2564.109 Safari\\/537.36","platform":"Mac OS X","browser":"Chrome"}', 0, 1, 1455783382, 0),
(172, '11527f6f6976d0027a08eff651663593', 'http://localhost/dentsu.digital/tracking', NULL, 200, NULL, NULL, '0.10513200 1455784247', '::1', '', '', '{"user_agent":"Mozilla\\/5.0 (Macintosh; Intel Mac OS X 10.7; rv:44.0) Gecko\\/20100101 Firefox\\/44.0","platform":"Mac OS X","browser":"Firefox"}', 0, 1, 1455784247, 1455784247),
(173, 'd44b05c70a14033963ac3a8f38bdddb1', 'http://localhost/dentsu.digital/tracking', NULL, 200, NULL, NULL, '0.16295600 1455784489', '::1', '', '', '{"user_agent":"Mozilla\\/5.0 (Macintosh; Intel Mac OS X 10.7; rv:44.0) Gecko\\/20100101 Firefox\\/44.0","platform":"Mac OS X","browser":"Firefox"}', 0, 1, 1455784489, 1455784489),
(174, 'dd89f6f104732cfbd0171e8f915f4fce', 'http://localhost/dentsu.digital/tracking', NULL, 200, NULL, NULL, '0.25532500 1455785076', '::1', '', '', '{"user_agent":"Mozilla\\/5.0 (Macintosh; Intel Mac OS X 10.7; rv:44.0) Gecko\\/20100101 Firefox\\/44.0","platform":"Mac OS X","browser":"Firefox"}', 0, 1, 1455785076, 1455785076),
(175, '9c2d22cec415e8deecb6fd90657ff72f', 'http://localhost/dentsu.digital/tracking', NULL, 200, NULL, NULL, '0.49652100 1455785870', '::1', '', '', '{"user_agent":"Mozilla\\/5.0 (Macintosh; Intel Mac OS X 10.7; rv:44.0) Gecko\\/20100101 Firefox\\/44.0","platform":"Mac OS X","browser":"Firefox"}', 0, 1, 1455785870, 1455785870),
(176, '9a973df08bb3e9f73a78196d3606c0e5', 'http://localhost/dentsu.digital/tracking', NULL, 200, NULL, NULL, '0.70422900 1455786039', '::1', '', '', '{"user_agent":"Mozilla\\/5.0 (Macintosh; Intel Mac OS X 10.7; rv:44.0) Gecko\\/20100101 Firefox\\/44.0","platform":"Mac OS X","browser":"Firefox"}', 0, 1, 1455786039, 1455786039),
(177, 'f2add68b309a09861ea52d5741df14f2', 'http://localhost/dentsu.digital/tracking', NULL, 200, NULL, NULL, '0.87711200 1455786540', '::1', '', '', '{"user_agent":"Mozilla\\/5.0 (Macintosh; Intel Mac OS X 10.7; rv:44.0) Gecko\\/20100101 Firefox\\/44.0","platform":"Mac OS X","browser":"Firefox"}', 0, 1, 1455786540, 1455786540),
(178, 'c8c4c9538608835fb9ba8345aeed6c93', 'http://localhost/dentsu.digital/tracking', NULL, 200, NULL, NULL, '0.06508600 1455786844', '::1', '', '', '{"user_agent":"Mozilla\\/5.0 (Macintosh; Intel Mac OS X 10.7; rv:44.0) Gecko\\/20100101 Firefox\\/44.0","platform":"Mac OS X","browser":"Firefox"}', 0, 1, 1455786844, 1455786844),
(179, 'f374e107e6b8ba2e67e5fb57ee67a0ba', 'http://localhost/dentsu.digital/tracking', NULL, 200, NULL, NULL, '0.88175100 1455787339', '::1', '', '', '{"user_agent":"Mozilla\\/5.0 (Macintosh; Intel Mac OS X 10.7; rv:44.0) Gecko\\/20100101 Firefox\\/44.0","platform":"Mac OS X","browser":"Firefox"}', 0, 1, 1455787339, 1455787339),
(180, '749ab745e42c9124e8a741d2fe501d7c', 'http://localhost/dentsu.digital/tracking', NULL, 200, NULL, NULL, '0.25650500 1455787595', '::1', '', '', '{"user_agent":"Mozilla\\/5.0 (Macintosh; Intel Mac OS X 10.7; rv:44.0) Gecko\\/20100101 Firefox\\/44.0","platform":"Mac OS X","browser":"Firefox"}', 0, 1, 1455787595, 1455787595),
(181, 'ecd91cc105dd324bc7d799f71114b488', 'http://localhost/dentsu.digital/tracking', NULL, 200, NULL, NULL, '0.60511000 1455787697', '::1', '', '', '{"user_agent":"Mozilla\\/5.0 (Macintosh; Intel Mac OS X 10.7; rv:44.0) Gecko\\/20100101 Firefox\\/44.0","platform":"Mac OS X","browser":"Firefox"}', 0, 1, 1455787697, 1455787697),
(182, 'a844791e596d445b56fd7ff905412799', 'http://localhost/dentsu.digital/tracking', NULL, 200, NULL, NULL, '0.21534700 1455788256', '::1', '', '', '{"user_agent":"Mozilla\\/5.0 (Macintosh; Intel Mac OS X 10.7; rv:44.0) Gecko\\/20100101 Firefox\\/44.0","platform":"Mac OS X","browser":"Firefox"}', 0, 1, 1455788256, 1455788256),
(183, 'f29f2eecee556662580530244d3b10ee', 'http://localhost/dentsu.digital/tracking', NULL, 200, NULL, NULL, '0.58020200 1455788575', '::1', '', '', '{"user_agent":"Mozilla\\/5.0 (Macintosh; Intel Mac OS X 10.7; rv:44.0) Gecko\\/20100101 Firefox\\/44.0","platform":"Mac OS X","browser":"Firefox"}', 0, 1, 1455788575, 1455788575),
(184, 'c4b85b8183b4f3d648322999d2d4334f', 'http://localhost/dentsu.digital/tracking', NULL, 200, NULL, NULL, '0.58840400 1455789614', '::1', '', '', '{"user_agent":"Mozilla\\/5.0 (Macintosh; Intel Mac OS X 10.7; rv:44.0) Gecko\\/20100101 Firefox\\/44.0","platform":"Mac OS X","browser":"Firefox"}', 0, 1, 1455789614, 1455789614),
(185, '8b02c3bd4b2e6ad2820893103d460bf6', 'http://localhost/dentsu.digital/tracking', NULL, 200, NULL, NULL, '0.43741900 1455789893', '::1', '', '', '{"user_agent":"Mozilla\\/5.0 (Macintosh; Intel Mac OS X 10.7; rv:44.0) Gecko\\/20100101 Firefox\\/44.0","platform":"Mac OS X","browser":"Firefox"}', 0, 1, 1455789893, 0),
(186, 'e2c8a9b5e97fdb1ea99214ea141252bc', 'http://localhost/dentsu.digital/tracking', NULL, 200, NULL, NULL, '0.52133000 1455854499', '::1', '', '', '{"user_agent":"Mozilla\\/5.0 (Macintosh; Intel Mac OS X 10.7; rv:44.0) Gecko\\/20100101 Firefox\\/44.0","platform":"Mac OS X","browser":"Firefox"}', 0, 1, 1455854499, 0),
(187, '89f6e954436f3813c9601eccf7644ecd', 'http://localhost/dentsu.digital/tracking', NULL, 200, NULL, NULL, '0.24966800 1455854559', '::1', '', '', '{"user_agent":"Mozilla\\/5.0 (Macintosh; Intel Mac OS X 10.7; rv:44.0) Gecko\\/20100101 Firefox\\/44.0","platform":"Mac OS X","browser":"Firefox"}', 0, 1, 1455854559, 1455854559),
(188, '86115354fa7a0fc487842553343a7886', 'http://localhost/dentsu.digital/tracking', NULL, 200, NULL, NULL, '0.23213200 1455855638', '::1', '', '', '{"user_agent":"Mozilla\\/5.0 (Macintosh; Intel Mac OS X 10.7; rv:44.0) Gecko\\/20100101 Firefox\\/44.0","platform":"Mac OS X","browser":"Firefox"}', 0, 1, 1455855638, 0),
(189, '53ee29d13ee9c45e8663a2c6c00e1e2d', 'http://localhost/dentsu.digital/tracking', NULL, 200, NULL, NULL, '0.74000300 1455868365', '::1', '', '', '{"user_agent":"Mozilla\\/5.0 (Macintosh; Intel Mac OS X 10.7; rv:44.0) Gecko\\/20100101 Firefox\\/44.0","platform":"Mac OS X","browser":"Firefox"}', 0, 1, 1455868365, 0),
(190, '21d15e375f246ea341dd4042c0448d05', 'http://localhost/dentsu.digital/fabric/participated', NULL, 200, NULL, NULL, '0.78602500 1455874190', '::1', 'http://localhost/dentsu.digital/fabric/', '', '{"user_agent":"Mozilla\\/5.0 (Macintosh; Intel Mac OS X 10.7; rv:44.0) Gecko\\/20100101 Firefox\\/44.0","platform":"Mac OS X","browser":"Firefox"}', 0, 1, 1455874190, 1455874190),
(191, '13f432eec77d8b0a3f7623dbc099b696', 'http://localhost/dentsu.digital/tracking', NULL, 200, NULL, NULL, '0.90020400 1455874711', '::1', '', '', '{"user_agent":"Mozilla\\/5.0 (Macintosh; Intel Mac OS X 10.7; rv:44.0) Gecko\\/20100101 Firefox\\/44.0","platform":"Mac OS X","browser":"Firefox"}', 0, 1, 1455874711, 0),
(192, '870772e084f14cad78dc14a1a84995be', 'http://localhost/dentsu.digital/fabric/participated', NULL, 200, NULL, NULL, '0.30519600 1455875256', '::1', 'http://localhost/dentsu.digital/fabric/', '', '{"user_agent":"Mozilla\\/5.0 (Macintosh; Intel Mac OS X 10.7; rv:44.0) Gecko\\/20100101 Firefox\\/44.0","platform":"Mac OS X","browser":"Firefox"}', 0, 1, 1455875256, 1455875256),
(193, 'c4d32efbf1aea2273ec253dd8bcc5820', 'http://localhost/dentsu.digital/fabric', NULL, 200, NULL, NULL, '0.99617600 1455875454', '::1', 'http://localhost/dentsu.digital/fabric', '', '{"user_agent":"Mozilla\\/5.0 (Macintosh; Intel Mac OS X 10.7; rv:44.0) Gecko\\/20100101 Firefox\\/44.0","platform":"Mac OS X","browser":"Firefox"}', 0, 1, 1455875455, 1455875455),
(194, '48d962ec5c2f393f7a8a11f349a4d621', 'http://localhost/dentsu.digital/fabric', NULL, 200, NULL, NULL, '0.32698000 1455876026', '::1', 'http://localhost/dentsu.digital/fabric', '', '{"user_agent":"Mozilla\\/5.0 (Macintosh; Intel Mac OS X 10.7; rv:44.0) Gecko\\/20100101 Firefox\\/44.0","platform":"Mac OS X","browser":"Firefox"}', 0, 1, 1455876026, 1455876026),
(195, '1da68dc7fabd18eca952e1ea1218381a', 'http://localhost/dentsu.digital/fabric/participated', NULL, 200, NULL, NULL, '0.50394600 1455876372', '::1', 'http://localhost/dentsu.digital/fabric', '', '{"user_agent":"Mozilla\\/5.0 (Macintosh; Intel Mac OS X 10.7; rv:44.0) Gecko\\/20100101 Firefox\\/44.0","platform":"Mac OS X","browser":"Firefox"}', 0, 1, 1455876372, 1455876372),
(196, 'a63edac633882327f29e44fb7be2e05d', 'http://localhost/dentsu.digital/fabric', NULL, 200, NULL, NULL, '0.49600200 1455876732', '::1', '', '', '{"user_agent":"Mozilla\\/5.0 (Macintosh; Intel Mac OS X 10.7; rv:44.0) Gecko\\/20100101 Firefox\\/44.0","platform":"Mac OS X","browser":"Firefox"}', 0, 1, 1455876732, 1455876732),
(197, '964c0c3da26750bd5a55b0ac0e778fb6', 'http://localhost/dentsu.digital/upload/upload_result', NULL, 200, NULL, NULL, '0.07247900 1455877077', '::1', 'http://localhost/dentsu.digital/fabric', '', '{"user_agent":"Mozilla\\/5.0 (Macintosh; Intel Mac OS X 10.7; rv:44.0) Gecko\\/20100101 Firefox\\/44.0","platform":"Mac OS X","browser":"Firefox"}', 0, 1, 1455877077, 1455877077),
(198, '84a67d5bb34abcb92ee4cc98cc4b0fc5', 'http://localhost/dentsu.digital/fabric', NULL, 200, NULL, NULL, '0.99898500 1455877401', '::1', '', '', '{"user_agent":"Mozilla\\/5.0 (Macintosh; Intel Mac OS X 10.7; rv:44.0) Gecko\\/20100101 Firefox\\/44.0","platform":"Mac OS X","browser":"Firefox"}', 0, 1, 1455877402, 1455877402),
(199, 'd543d3bce8e027813338a5ec93443726', 'http://localhost/dentsu.digital/upload/upload_result', NULL, 200, NULL, NULL, '0.82149100 1455877613', '::1', 'http://localhost/dentsu.digital/fabric', '', '{"user_agent":"Mozilla\\/5.0 (Macintosh; Intel Mac OS X 10.7; rv:44.0) Gecko\\/20100101 Firefox\\/44.0","platform":"Mac OS X","browser":"Firefox"}', 0, 1, 1455877614, 1455877614),
(200, '9bfe3e0f37296df466817b7bb80544b4', 'http://localhost/dentsu.digital/upload/upload_result', NULL, 200, NULL, NULL, '0.32752900 1455878001', '::1', 'http://localhost/dentsu.digital/fabric', '', '{"user_agent":"Mozilla\\/5.0 (Macintosh; Intel Mac OS X 10.7; rv:44.0) Gecko\\/20100101 Firefox\\/44.0","platform":"Mac OS X","browser":"Firefox"}', 0, 1, 1455878002, 1455878002),
(201, '84d2eafb1c192d646d0ea23113bb8873', 'http://localhost/dentsu.digital/upload/upload_result', NULL, 200, NULL, NULL, '0.56319300 1455878415', '::1', 'http://localhost/dentsu.digital/fabric', '', '{"user_agent":"Mozilla\\/5.0 (Macintosh; Intel Mac OS X 10.7; rv:44.0) Gecko\\/20100101 Firefox\\/44.0","platform":"Mac OS X","browser":"Firefox"}', 0, 1, 1455878416, 1455878416),
(202, '4d1662555fd322469dd866c20eb0266a', 'http://localhost/dentsu.digital/fabric', NULL, 200, NULL, NULL, '0.81387400 1455878785', '::1', '', '', '{"user_agent":"Mozilla\\/5.0 (Macintosh; Intel Mac OS X 10.7; rv:44.0) Gecko\\/20100101 Firefox\\/44.0","platform":"Mac OS X","browser":"Firefox"}', 0, 1, 1455878785, 1455878785),
(203, 'da6ae69fcc49263fb63dff38818a6f4e', 'http://localhost/dentsu.digital/upload/upload_result', NULL, 200, NULL, NULL, '0.84521300 1455879052', '::1', 'http://localhost/dentsu.digital/fabric', '', '{"user_agent":"Mozilla\\/5.0 (Macintosh; Intel Mac OS X 10.7; rv:44.0) Gecko\\/20100101 Firefox\\/44.0","platform":"Mac OS X","browser":"Firefox"}', 0, 1, 1455879053, 1455879053),
(204, 'ebf95a7e8a2aed6f86b2037161cd642e', 'http://localhost/dentsu.digital/upload/upload_result', NULL, 200, NULL, NULL, '0.41987300 1455879411', '::1', 'http://localhost/dentsu.digital/fabric', '', '{"user_agent":"Mozilla\\/5.0 (Macintosh; Intel Mac OS X 10.7; rv:44.0) Gecko\\/20100101 Firefox\\/44.0","platform":"Mac OS X","browser":"Firefox"}', 0, 1, 1455879412, 1455879412),
(205, '51315341254dc4f007e98f49a6c3e583', 'http://localhost/dentsu.digital/upload/upload_result', NULL, 200, NULL, NULL, '0.16301300 1455879529', '::1', 'http://localhost/dentsu.digital/fabric', '', '{"user_agent":"Mozilla\\/5.0 (Macintosh; Intel Mac OS X 10.7; rv:44.0) Gecko\\/20100101 Firefox\\/44.0","platform":"Mac OS X","browser":"Firefox"}', 0, 1, 1455879529, 1455879529),
(206, 'd6d6e464caca056fc001f51fcdbad697', 'http://localhost/dentsu.digital/fabric', NULL, 200, NULL, NULL, '0.10105200 1455881032', '::1', '', '', '{"user_agent":"Mozilla\\/5.0 (Macintosh; Intel Mac OS X 10.7; rv:44.0) Gecko\\/20100101 Firefox\\/44.0","platform":"Mac OS X","browser":"Firefox"}', 0, 1, 1455881032, 1455881032),
(207, '7de7a7b6e5571484cab415d018ff3edd', 'http://localhost/dentsu.digital/upload/upload_result', NULL, 200, NULL, NULL, '0.97427200 1455881449', '::1', 'http://localhost/dentsu.digital/fabric', '', '{"user_agent":"Mozilla\\/5.0 (Macintosh; Intel Mac OS X 10.7; rv:44.0) Gecko\\/20100101 Firefox\\/44.0","platform":"Mac OS X","browser":"Firefox"}', 0, 1, 1455881450, 1455881450),
(208, 'ca586b4b0e2fa27c124e43804032eba9', 'http://localhost/dentsu.digital/upload/upload_result', NULL, 200, NULL, NULL, '0.07389200 1455881478', '::1', 'http://localhost/dentsu.digital/fabric', '', '{"user_agent":"Mozilla\\/5.0 (Macintosh; Intel Mac OS X 10.7; rv:44.0) Gecko\\/20100101 Firefox\\/44.0","platform":"Mac OS X","browser":"Firefox"}', 0, 1, 1455881478, 0),
(209, '75e0eedd3802b3c27ce03b1c25995635', 'http://localhost/dentsu.digital/upload/upload_result', NULL, 200, NULL, NULL, '0.18591900 1455882824', '::1', 'http://localhost/dentsu.digital/fabric', '', '{"user_agent":"Mozilla\\/5.0 (Macintosh; Intel Mac OS X 10.7; rv:44.0) Gecko\\/20100101 Firefox\\/44.0","platform":"Mac OS X","browser":"Firefox"}', 0, 1, 1455882825, 1455882825),
(210, '10e2ba4c34a890655b5b239c940fa811', 'http://localhost/dentsu.digital/upload/upload_result', NULL, 200, NULL, NULL, '0.02373300 1455883156', '::1', 'http://localhost/dentsu.digital/fabric', '', '{"user_agent":"Mozilla\\/5.0 (Macintosh; Intel Mac OS X 10.7; rv:44.0) Gecko\\/20100101 Firefox\\/44.0","platform":"Mac OS X","browser":"Firefox"}', 0, 1, 1455883156, 1455883156),
(211, '4d036392ef166b5443dfa8255fbd5b16', 'http://localhost/dentsu.digital/upload/upload_result', NULL, 200, NULL, NULL, '0.76660100 1455883426', '::1', 'http://localhost/dentsu.digital/fabric', '', '{"user_agent":"Mozilla\\/5.0 (Macintosh; Intel Mac OS X 10.7; rv:44.0) Gecko\\/20100101 Firefox\\/44.0","platform":"Mac OS X","browser":"Firefox"}', 0, 1, 1455883427, 1455883427),
(212, 'd01e0f4acd2478775f13ab5b1b20d010', 'http://localhost/dentsu.digital/upload/upload_result', NULL, 200, NULL, NULL, '0.69534400 1455883794', '::1', 'http://localhost/dentsu.digital/fabric', '', '{"user_agent":"Mozilla\\/5.0 (Macintosh; Intel Mac OS X 10.7; rv:44.0) Gecko\\/20100101 Firefox\\/44.0","platform":"Mac OS X","browser":"Firefox"}', 0, 1, 1455883795, 1455883795),
(213, '8fb7e7cab2154402674b80addccf3d80', 'http://localhost/dentsu.digital/upload/upload_result', NULL, 200, NULL, NULL, '0.28196000 1455883984', '::1', 'http://localhost/dentsu.digital/fabric', '', '{"user_agent":"Mozilla\\/5.0 (Macintosh; Intel Mac OS X 10.7; rv:44.0) Gecko\\/20100101 Firefox\\/44.0","platform":"Mac OS X","browser":"Firefox"}', 0, 1, 1455883985, 1455883985),
(214, '33de76860ac5009f0f98134bb2cd47e6', 'http://localhost/dentsu.digital/upload/upload_result', NULL, 200, NULL, NULL, '0.25718100 1455884566', '::1', 'http://localhost/dentsu.digital/fabric', '', '{"user_agent":"Mozilla\\/5.0 (Macintosh; Intel Mac OS X 10.7; rv:44.0) Gecko\\/20100101 Firefox\\/44.0","platform":"Mac OS X","browser":"Firefox"}', 0, 1, 1455884567, 1455884567),
(215, '37b1fbd19b7c9d178bc5bc7ee18adb44', 'http://localhost/dentsu.digital/fabric', NULL, 200, NULL, NULL, '0.68586400 1455884823', '::1', '', '', '{"user_agent":"Mozilla\\/5.0 (Macintosh; Intel Mac OS X 10.7; rv:44.0) Gecko\\/20100101 Firefox\\/44.0","platform":"Mac OS X","browser":"Firefox"}', 0, 1, 1455884823, 1455884823),
(216, '17df58d93eac73ab20638fe69266d461', 'http://localhost/dentsu.digital/upload/upload_result', NULL, 200, NULL, NULL, '0.81137400 1455885317', '::1', 'http://localhost/dentsu.digital/fabric', '', '{"user_agent":"Mozilla\\/5.0 (Macintosh; Intel Mac OS X 10.7; rv:44.0) Gecko\\/20100101 Firefox\\/44.0","platform":"Mac OS X","browser":"Firefox"}', 0, 1, 1455885318, 1455885318),
(217, 'bc620228ec53870a52ea1b74bc817e70', 'http://localhost/dentsu.digital/upload/upload_result', NULL, 200, NULL, NULL, '0.38166800 1455885753', '::1', 'http://localhost/dentsu.digital/fabric', '', '{"user_agent":"Mozilla\\/5.0 (Macintosh; Intel Mac OS X 10.7; rv:44.0) Gecko\\/20100101 Firefox\\/44.0","platform":"Mac OS X","browser":"Firefox"}', 0, 1, 1455885754, 1455885754),
(218, '2d51b4ad74d96ef2a5b1e106740f3a95', 'http://localhost/dentsu.digital/upload/upload_result', NULL, 200, NULL, NULL, '0.24164400 1455886102', '::1', 'http://localhost/dentsu.digital/fabric', '', '{"user_agent":"Mozilla\\/5.0 (Macintosh; Intel Mac OS X 10.7; rv:44.0) Gecko\\/20100101 Firefox\\/44.0","platform":"Mac OS X","browser":"Firefox"}', 0, 1, 1455886103, 1455886103),
(219, '0e100e5e97a0ea928331eebbd017f1c3', 'http://localhost/dentsu.digital/fabric/participated', NULL, 200, NULL, NULL, '0.84277000 1455886180', '::1', 'http://localhost/dentsu.digital/fabric', '', '{"user_agent":"Mozilla\\/5.0 (Macintosh; Intel Mac OS X 10_7_5) AppleWebKit\\/537.36 (KHTML, like Gecko) Chrome\\/48.0.2564.109 Safari\\/537.36","platform":"Mac OS X","browser":"Chrome"}', 0, 1, 1455886180, 1455886180),
(220, '5e0d2261dd83a06f91142b2cb9590bd1', 'http://localhost/dentsu.digital/fabric', NULL, 200, NULL, NULL, '0.30724000 1455886262', '::1', 'http://localhost/dentsu.digital/fabric', '', '{"user_agent":"Mozilla\\/5.0 (Macintosh; Intel Mac OS X 10_7_5) AppleWebKit\\/537.36 (KHTML, like Gecko) Chrome\\/48.0.2564.109 Safari\\/537.36","platform":"Mac OS X","browser":"Chrome"}', 0, 1, 1455886262, 1455886262),
(221, 'dee5456f74dffc3d72bdbf908187e281', 'http://localhost/dentsu.digital/fabric/participated', NULL, 200, NULL, NULL, '0.78992500 1455886278', '::1', 'http://localhost/dentsu.digital/fabric', '', '{"user_agent":"Mozilla\\/5.0 (Macintosh; Intel Mac OS X 10_7_5) AppleWebKit\\/537.36 (KHTML, like Gecko) Chrome\\/48.0.2564.109 Safari\\/537.36","platform":"Mac OS X","browser":"Chrome"}', 0, 1, 1455886278, 1455886278),
(222, '232f0daac8225b279d51c1f06623ce36', 'http://localhost/dentsu.digital/fabric/participated', NULL, 200, NULL, NULL, '0.74318000 1455886292', '::1', 'http://localhost/dentsu.digital/fabric', '', '{"user_agent":"Mozilla\\/5.0 (Macintosh; Intel Mac OS X 10_7_5) AppleWebKit\\/537.36 (KHTML, like Gecko) Chrome\\/48.0.2564.109 Safari\\/537.36","platform":"Mac OS X","browser":"Chrome"}', 0, 1, 1455886292, 0),
(223, '890f9334b23d2ff52c4815386b07b733', 'http://localhost/dentsu.digital/fabric/participated', NULL, 200, NULL, NULL, '0.03221700 1455886667', '::1', 'http://localhost/dentsu.digital/fabric', '', '{"user_agent":"Mozilla\\/5.0 (Macintosh; Intel Mac OS X 10.7; rv:44.0) Gecko\\/20100101 Firefox\\/44.0","platform":"Mac OS X","browser":"Firefox"}', 0, 1, 1455886667, 1455886667),
(224, '8afc71f99174548a3c2f6dc86cb4605e', 'http://localhost/dentsu.digital/fabric/participated', NULL, 200, NULL, NULL, '0.14346800 1455887594', '::1', 'http://localhost/dentsu.digital/fabric', '', '{"user_agent":"Mozilla\\/5.0 (Macintosh; Intel Mac OS X 10.7; rv:44.0) Gecko\\/20100101 Firefox\\/44.0","platform":"Mac OS X","browser":"Firefox"}', 0, 1, 1455887594, 0),
(225, '13ab27f19644cefc59c6a8d8431cf421', 'http://localhost/dentsu.digital/fabric/participated', NULL, 200, NULL, NULL, '0.67453700 1455887789', '::1', 'http://localhost/dentsu.digital/fabric', '', '{"user_agent":"Mozilla\\/5.0 (Macintosh; Intel Mac OS X 10.7; rv:44.0) Gecko\\/20100101 Firefox\\/44.0","platform":"Mac OS X","browser":"Firefox"}', 0, 1, 1455887789, 1455887789),
(226, '1620160fe20a8016f726bd5241a7dd38', 'http://localhost/dentsu.digital/fabric', NULL, 200, NULL, NULL, '0.33743900 1455887867', '::1', '', '', '{"user_agent":"Mozilla\\/5.0 (Macintosh; Intel Mac OS X 10.7; rv:44.0) Gecko\\/20100101 Firefox\\/44.0","platform":"Mac OS X","browser":"Firefox"}', 0, 1, 1455887867, 1455887867),
(227, 'c1e6d1d32f6392c33807733f0877f4de', 'http://localhost/dentsu.digital/fabric', NULL, 200, NULL, NULL, '0.19513100 1455976633', '::1', '', '', '{"user_agent":"Mozilla\\/5.0 (Macintosh; Intel Mac OS X 10.7; rv:44.0) Gecko\\/20100101 Firefox\\/44.0","platform":"Mac OS X","browser":"Firefox"}', 0, 1, 1455976633, 1455976633),
(228, '473c61cbf11a95a105bf8c13dd4dd9bc', 'http://localhost/dentsu.digital/fabric', NULL, 200, NULL, NULL, '0.48828500 1455976965', '::1', '', '', '{"user_agent":"Mozilla\\/5.0 (Macintosh; Intel Mac OS X 10.7; rv:44.0) Gecko\\/20100101 Firefox\\/44.0","platform":"Mac OS X","browser":"Firefox"}', 0, 1, 1455976965, 1455976965),
(229, 'b9bf4168395f2e486cd387da0eadfc80', 'http://localhost/dentsu.digital/fabric', NULL, 200, NULL, NULL, '0.73212600 1455977275', '::1', '', '', '{"user_agent":"Mozilla\\/5.0 (Macintosh; Intel Mac OS X 10.7; rv:44.0) Gecko\\/20100101 Firefox\\/44.0","platform":"Mac OS X","browser":"Firefox"}', 0, 1, 1455977275, 1455977275),
(230, 'f92af509d5562ba970787d8ad510edc0', 'http://localhost/dentsu.digital/fabric', NULL, 200, NULL, NULL, '0.80123800 1455977293', '::1', '', '', '{"user_agent":"Mozilla\\/5.0 (Macintosh; Intel Mac OS X 10.7; rv:44.0) Gecko\\/20100101 Firefox\\/44.0","platform":"Mac OS X","browser":"Firefox"}', 0, 1, 1455977293, 0),
(231, '7bc77e83f0bda7ea5b98b17bcd2d7138', 'http://localhost/dentsu.digital/fabric', NULL, 200, NULL, NULL, '0.63392400 1456036527', '::1', '', '', '{"user_agent":"Mozilla\\/5.0 (Macintosh; Intel Mac OS X 10.7; rv:44.0) Gecko\\/20100101 Firefox\\/44.0","platform":"Mac OS X","browser":"Firefox"}', 0, 1, 1456036533, 0),
(232, '70ea9b2c783dd2f6307aa0cf1a177858', 'http://localhost/dentsu.digital/quest', NULL, 200, NULL, NULL, '0.96093800 1456115100', '::1', 'http://localhost/dentsu.digital/quest', '', '{"user_agent":"Mozilla\\/5.0 (Macintosh; Intel Mac OS X 10.7; rv:44.0) Gecko\\/20100101 Firefox\\/44.0","platform":"Mac OS X","browser":"Firefox"}', 0, 1, 1456115101, 1456115101),
(233, '4bdc9a4722e72f33c384817da3e71540', 'http://localhost/dentsu.digital/fabric', NULL, 200, NULL, NULL, '0.55643500 1456119162', '::1', '', '', '{"user_agent":"Mozilla\\/5.0 (Macintosh; Intel Mac OS X 10.7; rv:44.0) Gecko\\/20100101 Firefox\\/44.0","platform":"Mac OS X","browser":"Firefox"}', 0, 1, 1456119162, 0),
(234, 'b3591f5ed732d995ecc1acfa3f849bf2', 'http://localhost/dentsu.digital/fabric', NULL, 200, NULL, NULL, '0.71628400 1456119935', '::1', '', '', '{"user_agent":"Mozilla\\/5.0 (Macintosh; Intel Mac OS X 10.7; rv:44.0) Gecko\\/20100101 Firefox\\/44.0","platform":"Mac OS X","browser":"Firefox"}', 0, 1, 1456119935, 1456119935),
(235, 'd8e6a71aa44a886894956886b538e1c1', 'http://localhost/dentsu.digital/fabric', NULL, 200, NULL, NULL, '0.34681400 1456120137', '::1', '', '', '{"user_agent":"Mozilla\\/5.0 (Macintosh; Intel Mac OS X 10.7; rv:44.0) Gecko\\/20100101 Firefox\\/44.0","platform":"Mac OS X","browser":"Firefox"}', 0, 1, 1456120137, 1456120137),
(236, '8e9186394bd2c6da8318d97e73c7c410', 'http://localhost/dentsu.digital/fabric', NULL, 200, NULL, NULL, '0.69724400 1456120624', '::1', '', '', '{"user_agent":"Mozilla\\/5.0 (Macintosh; Intel Mac OS X 10.7; rv:44.0) Gecko\\/20100101 Firefox\\/44.0","platform":"Mac OS X","browser":"Firefox"}', 0, 1, 1456120624, 1456120624),
(237, '0cb44166b06c1a6f345e8a4aa1e56d4e', 'http://localhost/dentsu.digital/fabric', NULL, 200, NULL, NULL, '0.27796500 1456121046', '::1', '', '', '{"user_agent":"Mozilla\\/5.0 (Macintosh; Intel Mac OS X 10.7; rv:44.0) Gecko\\/20100101 Firefox\\/44.0","platform":"Mac OS X","browser":"Firefox"}', 0, 1, 1456121046, 1456121046),
(238, '6bd3e9d4c98eff59b277676e7ff0fb0a', 'http://localhost/dentsu.digital/fabric', NULL, 200, NULL, NULL, '0.90050000 1456121357', '::1', '', '', '{"user_agent":"Mozilla\\/5.0 (Macintosh; Intel Mac OS X 10.7; rv:44.0) Gecko\\/20100101 Firefox\\/44.0","platform":"Mac OS X","browser":"Firefox"}', 0, 1, 1456121357, 1456121357),
(239, '438e5a148ccecee4708a0934b7cf506c', 'http://localhost/dentsu.digital/tracking', NULL, 200, NULL, NULL, '0.09793300 1456121677', '::1', '', '', '{"user_agent":"Mozilla\\/5.0 (Macintosh; Intel Mac OS X 10.7; rv:44.0) Gecko\\/20100101 Firefox\\/44.0","platform":"Mac OS X","browser":"Firefox"}', 0, 1, 1456121677, 1456121677),
(240, '7fee04ccb89e1a90f05a2ee6d695dd61', 'http://localhost/dentsu.digital/tracking', NULL, 200, NULL, NULL, '0.71592800 1456121960', '::1', '', '', '{"user_agent":"Mozilla\\/5.0 (Macintosh; Intel Mac OS X 10.7; rv:44.0) Gecko\\/20100101 Firefox\\/44.0","platform":"Mac OS X","browser":"Firefox"}', 0, 1, 1456121960, 1456121960),
(241, 'fdb857069d00af4fa46a69074030a7d9', 'http://localhost/dentsu.digital/tracking', NULL, 200, NULL, NULL, '0.50450100 1456122322', '::1', '', '', '{"user_agent":"Mozilla\\/5.0 (Macintosh; Intel Mac OS X 10.7; rv:44.0) Gecko\\/20100101 Firefox\\/44.0","platform":"Mac OS X","browser":"Firefox"}', 0, 1, 1456122322, 1456122322),
(242, '81cb7cd0b00fa9d45a86581c6cdbd764', 'http://localhost/dentsu.digital/tracking', NULL, 200, NULL, NULL, '0.92253200 1456122639', '::1', '', '', '{"user_agent":"Mozilla\\/5.0 (Macintosh; Intel Mac OS X 10.7; rv:44.0) Gecko\\/20100101 Firefox\\/44.0","platform":"Mac OS X","browser":"Firefox"}', 0, 1, 1456122639, 1456122639),
(243, '62681bb6a3373b3f27369142f2b6211c', 'http://localhost/dentsu.digital/tracking', NULL, 200, NULL, NULL, '0.61856700 1456122924', '::1', '', '', '{"user_agent":"Mozilla\\/5.0 (Macintosh; Intel Mac OS X 10.7; rv:44.0) Gecko\\/20100101 Firefox\\/44.0","platform":"Mac OS X","browser":"Firefox"}', 0, 1, 1456122924, 1456122924),
(244, 'ae34b7770366a0862eb4726dca7abe55', 'http://localhost/dentsu.digital/qrcoder', NULL, 200, NULL, NULL, '0.59415500 1456123242', '::1', '', '', '{"user_agent":"Mozilla\\/5.0 (Macintosh; Intel Mac OS X 10.7; rv:44.0) Gecko\\/20100101 Firefox\\/44.0","platform":"Mac OS X","browser":"Firefox"}', 0, 1, 1456123242, 1456123242),
(245, 'cc6c395b0d66bc03dc55b4beb0ab1ef7', 'http://localhost/dentsu.digital/tracking', NULL, 200, NULL, NULL, '0.40800300 1456123592', '::1', '', '', '{"user_agent":"Mozilla\\/5.0 (Macintosh; Intel Mac OS X 10.7; rv:44.0) Gecko\\/20100101 Firefox\\/44.0","platform":"Mac OS X","browser":"Firefox"}', 0, 1, 1456123592, 1456123592),
(246, '74c6b826076d28c8d17eede6760e3db6', 'http://localhost/dentsu.digital/tracking', NULL, 200, NULL, NULL, '0.97749500 1456123828', '::1', '', '', '{"user_agent":"Mozilla\\/5.0 (Macintosh; Intel Mac OS X 10.7; rv:44.0) Gecko\\/20100101 Firefox\\/44.0","platform":"Mac OS X","browser":"Firefox"}', 0, 1, 1456123829, 1456123829),
(247, '0ffc2d1b0bbcad0309bec97f98db0fec', 'http://localhost/dentsu.digital/tracking', NULL, 200, NULL, NULL, '0.58127800 1456124177', '::1', '', '', '{"user_agent":"Mozilla\\/5.0 (Macintosh; Intel Mac OS X 10.7; rv:44.0) Gecko\\/20100101 Firefox\\/44.0","platform":"Mac OS X","browser":"Firefox"}', 0, 1, 1456124177, 1456124177),
(248, '1e256da008085e5d2116d67af6213115', 'http://localhost/dentsu.digital/tracking', NULL, 200, NULL, NULL, '0.24010500 1456124545', '::1', '', '', '{"user_agent":"Mozilla\\/5.0 (Macintosh; Intel Mac OS X 10.7; rv:44.0) Gecko\\/20100101 Firefox\\/44.0","platform":"Mac OS X","browser":"Firefox"}', 0, 1, 1456124545, 1456124545),
(249, '74c97597551165fc6219fa7e6a417e7a', 'http://localhost/dentsu.digital/tracking', NULL, 200, NULL, NULL, '0.18462600 1456124820', '::1', '', '', '{"user_agent":"Mozilla\\/5.0 (Macintosh; Intel Mac OS X 10.7; rv:44.0) Gecko\\/20100101 Firefox\\/44.0","platform":"Mac OS X","browser":"Firefox"}', 0, 1, 1456124820, 1456124820),
(250, '0b811591f3a60b7efd44f97cef906938', 'http://localhost/dentsu.digital/tracking', NULL, 200, NULL, NULL, '0.12655900 1456125204', '::1', '', '', '{"user_agent":"Mozilla\\/5.0 (Macintosh; Intel Mac OS X 10.7; rv:44.0) Gecko\\/20100101 Firefox\\/44.0","platform":"Mac OS X","browser":"Firefox"}', 0, 1, 1456125204, 1456125204),
(251, 'c3a000fd3f5fc4678ac5aa51c1672771', 'http://localhost/dentsu.digital/tracking', NULL, 200, NULL, NULL, '0.44674800 1456125462', '::1', '', '', '{"user_agent":"Mozilla\\/5.0 (Macintosh; Intel Mac OS X 10.7; rv:44.0) Gecko\\/20100101 Firefox\\/44.0","platform":"Mac OS X","browser":"Firefox"}', 0, 1, 1456125462, 1456125462),
(252, '31722c6b723ab1bba10db986c9086f87', 'http://localhost/dentsu.digital/fabric', NULL, 200, NULL, NULL, '0.34635000 1456125735', '::1', '', '', '{"user_agent":"Mozilla\\/5.0 (Macintosh; Intel Mac OS X 10.7; rv:44.0) Gecko\\/20100101 Firefox\\/44.0","platform":"Mac OS X","browser":"Firefox"}', 0, 1, 1456125735, 1456125735),
(253, '5333179ac9ebabb9181bfff690721fc2', 'http://localhost/dentsu.digital/qrcoder', NULL, 200, NULL, NULL, '0.54044700 1456128766', '::1', '', '', '{"user_agent":"Mozilla\\/5.0 (Macintosh; Intel Mac OS X 10.7; rv:44.0) Gecko\\/20100101 Firefox\\/44.0","platform":"Mac OS X","browser":"Firefox"}', 0, 1, 1456128766, 1456128766),
(254, '0d5bacd4f2afcd1cfb8de53ebc251154', 'http://localhost/dentsu.digital/qrcoder', NULL, 200, NULL, NULL, '0.63306100 1456129097', '::1', '', '', '{"user_agent":"Mozilla\\/5.0 (Macintosh; Intel Mac OS X 10.7; rv:44.0) Gecko\\/20100101 Firefox\\/44.0","platform":"Mac OS X","browser":"Firefox"}', 0, 1, 1456129097, 1456129097),
(255, 'd7e0d9d26c0729a8ccc96f39cb8a492d', 'http://localhost/dentsu.digital/tracking', NULL, 200, NULL, NULL, '0.35221800 1456130615', '::1', '', '', '{"user_agent":"Mozilla\\/5.0 (Macintosh; Intel Mac OS X 10.7; rv:44.0) Gecko\\/20100101 Firefox\\/44.0","platform":"Mac OS X","browser":"Firefox"}', 0, 1, 1456130615, 1456130615),
(256, 'b6d8861751d5a7907e15395acaa7a74d', 'http://localhost/dentsu.digital/tracking', NULL, 200, NULL, NULL, '0.10564000 1456130937', '::1', '', '', '{"user_agent":"Mozilla\\/5.0 (Macintosh; Intel Mac OS X 10.7; rv:44.0) Gecko\\/20100101 Firefox\\/44.0","platform":"Mac OS X","browser":"Firefox"}', 0, 1, 1456130937, 1456130937),
(257, 'c1a1e98dc6bf9203e1b9069e4f6454b4', 'http://localhost/dentsu.digital/fabric', NULL, 200, NULL, NULL, '0.18101500 1456131149', '::1', '', '', '{"user_agent":"Mozilla\\/5.0 (Macintosh; Intel Mac OS X 10.7; rv:44.0) Gecko\\/20100101 Firefox\\/44.0","platform":"Mac OS X","browser":"Firefox"}', 0, 1, 1456131149, 1456131149),
(258, 'fa2d66b923097676c36ea1f9a7b61f42', 'http://localhost/dentsu.digital/tracking', NULL, 200, NULL, NULL, '0.12516300 1456132212', '::1', '', '', '{"user_agent":"Mozilla\\/5.0 (Macintosh; Intel Mac OS X 10.7; rv:44.0) Gecko\\/20100101 Firefox\\/44.0","platform":"Mac OS X","browser":"Firefox"}', 0, 1, 1456132212, 1456132212),
(259, '9890b6f64135e43ae1bc51e5e325ce22', 'http://localhost/dentsu.digital/qrcoder', NULL, 200, NULL, NULL, '0.54569100 1456132717', '::1', '', '', '{"user_agent":"Mozilla\\/5.0 (Macintosh; Intel Mac OS X 10.7; rv:44.0) Gecko\\/20100101 Firefox\\/44.0","platform":"Mac OS X","browser":"Firefox"}', 0, 1, 1456132717, 0),
(260, '08319ae9127727ade4189c1d67e5d0e5', 'http://localhost/dentsu.digital/tracking', NULL, 200, NULL, NULL, '0.80293700 1456133561', '::1', '', '', '{"user_agent":"Mozilla\\/5.0 (Macintosh; Intel Mac OS X 10.7; rv:44.0) Gecko\\/20100101 Firefox\\/44.0","platform":"Mac OS X","browser":"Firefox"}', 0, 1, 1456133561, 1456133561),
(261, 'cb3ada10b85ca827e1afa4a33dd2e6f0', 'http://localhost/dentsu.digital/quest', NULL, 200, NULL, NULL, '0.59728800 1456134137', '::1', 'http://localhost/dentsu.digital/quest', '', '{"user_agent":"Mozilla\\/5.0 (Macintosh; Intel Mac OS X 10.7; rv:44.0) Gecko\\/20100101 Firefox\\/44.0","platform":"Mac OS X","browser":"Firefox"}', 0, 1, 1456134137, 1456134137),
(262, 'd2853e6f520e918116b2e2dcec156f6c', 'http://localhost/dentsu.digital/tracking', NULL, 200, NULL, NULL, '0.42132500 1456134813', '::1', '', '', '{"user_agent":"Mozilla\\/5.0 (Macintosh; Intel Mac OS X 10.7; rv:44.0) Gecko\\/20100101 Firefox\\/44.0","platform":"Mac OS X","browser":"Firefox"}', 0, 1, 1456134813, 1456134813),
(263, '8dd4dd9b0927ab33666b35e6d1d1053c', 'http://localhost/dentsu.digital/quest', NULL, 200, NULL, NULL, '0.15260800 1456135161', '::1', 'http://localhost/dentsu.digital/quest', '', '{"user_agent":"Mozilla\\/5.0 (Macintosh; Intel Mac OS X 10.7; rv:44.0) Gecko\\/20100101 Firefox\\/44.0","platform":"Mac OS X","browser":"Firefox"}', 0, 1, 1456135161, 1456135161),
(264, '7430a36c261811e6482fd8cab8998686', 'http://localhost/dentsu.digital/quest', NULL, 200, NULL, NULL, '0.75472900 1456135575', '::1', 'http://localhost/dentsu.digital/quest', '', '{"user_agent":"Mozilla\\/5.0 (Macintosh; Intel Mac OS X 10.7; rv:44.0) Gecko\\/20100101 Firefox\\/44.0","platform":"Mac OS X","browser":"Firefox"}', 0, 1, 1456135575, 1456135575),
(265, '0ab1506f79d82d3830229ccfb473f78e', 'http://localhost/dentsu.digital/quest', NULL, 200, NULL, NULL, '0.70150900 1456135767', '::1', '', '', '{"user_agent":"Mozilla\\/5.0 (Macintosh; Intel Mac OS X 10.7; rv:44.0) Gecko\\/20100101 Firefox\\/44.0","platform":"Mac OS X","browser":"Firefox"}', 0, 1, 1456135767, 1456135767),
(266, '4902ca8e8e1032524964b14c3cdd16fb', 'http://localhost/dentsu.digital/quest', NULL, 200, NULL, NULL, '0.63783300 1456137555', '::1', '', '', '{"user_agent":"Mozilla\\/5.0 (Macintosh; Intel Mac OS X 10.7; rv:44.0) Gecko\\/20100101 Firefox\\/44.0","platform":"Mac OS X","browser":"Firefox"}', 0, 1, 1456137555, 1456137555),
(267, '80a8e822e8b0b1d5477bc2f650ca7c74', 'http://localhost/dentsu.digital/fabric', NULL, 200, NULL, NULL, '0.94083200 1456140548', '::1', '', '', '{"user_agent":"Mozilla\\/5.0 (Macintosh; Intel Mac OS X 10.7; rv:44.0) Gecko\\/20100101 Firefox\\/44.0","platform":"Mac OS X","browser":"Firefox"}', 0, 1, 1456140548, 0),
(268, '29275f692103490d4ede5b7a8a3846cf', 'http://localhost/dentsu.digital/fabric', NULL, 200, NULL, NULL, '0.17374400 1456140566', '::1', '', '', '{"user_agent":"Mozilla\\/5.0 (Macintosh; Intel Mac OS X 10.7; rv:44.0) Gecko\\/20100101 Firefox\\/44.0","platform":"Mac OS X","browser":"Firefox"}', 0, 1, 1456140566, 0),
(269, 'cc4d15cfc7adb77958b017ff20a0e2ca', 'http://localhost/dentsu.digital/fabric/participated', NULL, 200, NULL, NULL, '0.50139700 1456140650', '::1', 'http://localhost/dentsu.digital/fabric', '', '{"user_agent":"Mozilla\\/5.0 (Macintosh; Intel Mac OS X 10.7; rv:44.0) Gecko\\/20100101 Firefox\\/44.0","platform":"Mac OS X","browser":"Firefox"}', 0, 1, 1456140650, 1456140650),
(270, '72b5ce1eb5b9771c0039fbcaa9447521', 'http://localhost/dentsu.digital/quest', NULL, 200, NULL, NULL, '0.74993600 1456142135', '::1', 'http://localhost/dentsu.digital/quest', '', '{"user_agent":"Mozilla\\/5.0 (Macintosh; Intel Mac OS X 10.7; rv:44.0) Gecko\\/20100101 Firefox\\/44.0","platform":"Mac OS X","browser":"Firefox"}', 0, 1, 1456142135, 1456142135),
(271, 'ca4e8b5fef279007d2702619308fb5a5', 'http://localhost/dentsu.digital/tracking', NULL, 200, NULL, NULL, '0.38858100 1456142727', '::1', '', '', '{"user_agent":"Mozilla\\/5.0 (Macintosh; Intel Mac OS X 10.7; rv:44.0) Gecko\\/20100101 Firefox\\/44.0","platform":"Mac OS X","browser":"Firefox"}', 0, 1, 1456142727, 1456142727),
(272, 'c5aeeb67910bad668b3a0e950601ab7b', 'http://localhost/dentsu.digital/tracking', NULL, 200, NULL, NULL, '0.37194700 1456143101', '::1', '', '', '{"user_agent":"Mozilla\\/5.0 (Macintosh; Intel Mac OS X 10.7; rv:44.0) Gecko\\/20100101 Firefox\\/44.0","platform":"Mac OS X","browser":"Firefox"}', 0, 1, 1456143101, 1456143101),
(273, 'd06bf1aa5dd8e7f594434488e343d38a', 'http://localhost/dentsu.digital/tracking', NULL, 200, NULL, NULL, '0.48700800 1456143369', '::1', '', '', '{"user_agent":"Mozilla\\/5.0 (Macintosh; Intel Mac OS X 10.7; rv:44.0) Gecko\\/20100101 Firefox\\/44.0","platform":"Mac OS X","browser":"Firefox"}', 0, 1, 1456143369, 1456143369),
(274, '8cc924eb398e71327e9a28bec76185a6', 'http://localhost/dentsu.digital/fabric/participated', NULL, 200, NULL, NULL, '0.08420800 1456196033', '::1', 'http://localhost/dentsu.digital/fabric', '', '{"user_agent":"Mozilla\\/5.0 (Macintosh; Intel Mac OS X 10.7; rv:44.0) Gecko\\/20100101 Firefox\\/44.0","platform":"Mac OS X","browser":"Firefox"}', 0, 1, 1456196033, 1456196033),
(275, '1e0336c7e8a5b2dfb6a832d615fe3df8', 'http://localhost/dentsu.digital/fabric/participated', NULL, 200, NULL, NULL, '0.52421400 1456216402', '::1', 'http://localhost/dentsu.digital/fabric', '', '{"user_agent":"Mozilla\\/5.0 (Macintosh; Intel Mac OS X 10.7; rv:44.0) Gecko\\/20100101 Firefox\\/44.0","platform":"Mac OS X","browser":"Firefox"}', 0, 1, 1456216403, 0),
(276, '146d1ba7b55b3a13e980bbc0bda5585c', 'http://localhost/dentsu.digital/fabric/participated', NULL, 200, NULL, NULL, '0.27138200 1456224452', '::1', 'http://localhost/dentsu.digital/fabric', '', '{"user_agent":"Mozilla\\/5.0 (Macintosh; Intel Mac OS X 10.7; rv:44.0) Gecko\\/20100101 Firefox\\/44.0","platform":"Mac OS X","browser":"Firefox"}', 0, 1, 1456224452, 1456224452),
(277, '5931139458f324491eebc0b8aa8be5c8', 'http://localhost/dentsu.digital/fabric/participated', NULL, 200, NULL, NULL, '0.92787100 1456224837', '::1', 'http://localhost/dentsu.digital/fabric', '', '{"user_agent":"Mozilla\\/5.0 (Macintosh; Intel Mac OS X 10.7; rv:44.0) Gecko\\/20100101 Firefox\\/44.0","platform":"Mac OS X","browser":"Firefox"}', 0, 1, 1456224837, 1456224837),
(278, '3adf1df34199045aed796b9310e1fa1a', 'http://localhost/dentsu.digital/fabric/participated', NULL, 200, NULL, NULL, '0.66577800 1456225140', '::1', 'http://localhost/dentsu.digital/fabric', '', '{"user_agent":"Mozilla\\/5.0 (Macintosh; Intel Mac OS X 10.7; rv:44.0) Gecko\\/20100101 Firefox\\/44.0","platform":"Mac OS X","browser":"Firefox"}', 0, 1, 1456225140, 1456225140),
(279, '08818f82b5a822f1794dbb3418f9719d', 'http://localhost/dentsu.digital/fabric/participated', NULL, 200, NULL, NULL, '0.33829400 1456225646', '::1', 'http://localhost/dentsu.digital/fabric', '', '{"user_agent":"Mozilla\\/5.0 (Macintosh; Intel Mac OS X 10.7; rv:44.0) Gecko\\/20100101 Firefox\\/44.0","platform":"Mac OS X","browser":"Firefox"}', 0, 1, 1456225646, 1456225646),
(280, 'f7748fb62e9f36f91757477baa3d667a', 'http://localhost/dentsu.digital/fabric/participated', NULL, 200, NULL, NULL, '0.07957500 1456226345', '::1', 'http://localhost/dentsu.digital/fabric', '', '{"user_agent":"Mozilla\\/5.0 (Macintosh; Intel Mac OS X 10.7; rv:44.0) Gecko\\/20100101 Firefox\\/44.0","platform":"Mac OS X","browser":"Firefox"}', 0, 1, 1456226345, 1456226345),
(281, '8bc9b2a31e756c31280493ff9737f89b', 'http://localhost/dentsu.digital/fabric/participated', NULL, 200, NULL, NULL, '0.32639500 1456226436', '::1', 'http://localhost/dentsu.digital/fabric', '', '{"user_agent":"Mozilla\\/5.0 (Macintosh; Intel Mac OS X 10.7; rv:44.0) Gecko\\/20100101 Firefox\\/44.0","platform":"Mac OS X","browser":"Firefox"}', 0, 1, 1456226436, 1456226436),
(282, 'eb9ad2b9439f76fab80d82a4be785915', 'http://localhost/dentsu.digital/fabric/participated', NULL, 200, NULL, NULL, '0.63693000 1456227989', '::1', 'http://localhost/dentsu.digital/fabric', '', '{"user_agent":"Mozilla\\/5.0 (Macintosh; Intel Mac OS X 10.7; rv:44.0) Gecko\\/20100101 Firefox\\/44.0","platform":"Mac OS X","browser":"Firefox"}', 0, 1, 1456227989, 1456227989),
(283, '64eac1369292c52a8455469dd559d71e', 'http://localhost/dentsu.digital/fabric', NULL, 200, NULL, NULL, '0.07119600 1456228723', '::1', 'http://localhost/dentsu.digital/fabric', '', '{"user_agent":"Mozilla\\/5.0 (Macintosh; Intel Mac OS X 10_7_5) AppleWebKit\\/537.36 (KHTML, like Gecko) Chrome\\/48.0.2564.116 Safari\\/537.36","platform":"Mac OS X","browser":"Chrome"}', 0, 1, 1456228723, 1456228723),
(284, 'cc527f1082f7b3356e720d1ed52de522', 'http://localhost/dentsu.digital/fabric', NULL, 200, NULL, NULL, '0.90473000 1456229095', '::1', 'http://localhost/dentsu.digital/fabric', '', '{"user_agent":"Mozilla\\/5.0 (Macintosh; Intel Mac OS X 10_7_5) AppleWebKit\\/537.36 (KHTML, like Gecko) Chrome\\/48.0.2564.116 Safari\\/537.36","platform":"Mac OS X","browser":"Chrome"}', 0, 1, 1456229095, 1456229095),
(285, 'c67e5dd8b3d9697e48d1f746b0b4bbc1', 'http://localhost/dentsu.digital/fabric/participated', NULL, 200, NULL, NULL, '0.38379400 1456229164', '::1', 'http://localhost/dentsu.digital/fabric', '', '{"user_agent":"Mozilla\\/5.0 (Macintosh; Intel Mac OS X 10_7_5) AppleWebKit\\/537.36 (KHTML, like Gecko) Chrome\\/48.0.2564.116 Safari\\/537.36","platform":"Mac OS X","browser":"Chrome"}', 0, 1, 1456229164, 1456229164),
(286, '02f1b23a485f0b91dcb82553bdc77a2d', 'http://localhost/dentsu.digital/fabric/participated', NULL, 200, NULL, NULL, '0.66270000 1456229193', '::1', 'http://localhost/dentsu.digital/fabric', '', '{"user_agent":"Mozilla\\/5.0 (Macintosh; Intel Mac OS X 10_7_5) AppleWebKit\\/537.36 (KHTML, like Gecko) Chrome\\/48.0.2564.116 Safari\\/537.36","platform":"Mac OS X","browser":"Chrome"}', 0, 1, 1456229193, 1456229193);
INSERT INTO `tbl_server_logs` (`id`, `session_id`, `url`, `user_id`, `http_code`, `status_code`, `bytes_served`, `total_time`, `ip_address`, `referrer`, `geolocation`, `user_agent`, `is_mobile`, `status`, `added`, `modified`) VALUES
(287, 'ff915ebbb0a79e9001e782de9c11dcfe', 'http://localhost/dentsu.digital/fabric', NULL, 200, NULL, NULL, '0.00843500 1456229504', '::1', 'http://localhost/dentsu.digital/fabric', '', '{"user_agent":"Mozilla\\/5.0 (Macintosh; Intel Mac OS X 10_7_5) AppleWebKit\\/537.36 (KHTML, like Gecko) Chrome\\/48.0.2564.116 Safari\\/537.36","platform":"Mac OS X","browser":"Chrome"}', 0, 1, 1456229504, 1456229504),
(288, '49f6ca6c8bd63da2b0bd1cab2a703bfb', 'http://localhost/dentsu.digital/fabric', NULL, 200, NULL, NULL, '0.61198500 1456229812', '::1', 'http://localhost/dentsu.digital/fabric', '', '{"user_agent":"Mozilla\\/5.0 (Macintosh; Intel Mac OS X 10_7_5) AppleWebKit\\/537.36 (KHTML, like Gecko) Chrome\\/48.0.2564.116 Safari\\/537.36","platform":"Mac OS X","browser":"Chrome"}', 0, 1, 1456229812, 1456229812),
(289, '65b65b1c8df8f2c4b4ddbcc3ff628c8e', 'http://localhost/dentsu.digital/fabric/participated', NULL, 200, NULL, NULL, '0.94343700 1456229876', '::1', 'http://localhost/dentsu.digital/fabric', '', '{"user_agent":"Mozilla\\/5.0 (Macintosh; Intel Mac OS X 10_7_5) AppleWebKit\\/537.36 (KHTML, like Gecko) Chrome\\/48.0.2564.116 Safari\\/537.36","platform":"Mac OS X","browser":"Chrome"}', 0, 1, 1456229876, 1456229876),
(290, '767f98bac37423f1e9032fd849362f1e', 'http://localhost/dentsu.digital/fabric', NULL, 200, NULL, NULL, '0.42986000 1456230199', '::1', 'http://localhost/dentsu.digital/fabric', '', '{"user_agent":"Mozilla\\/5.0 (Macintosh; Intel Mac OS X 10_7_5) AppleWebKit\\/537.36 (KHTML, like Gecko) Chrome\\/48.0.2564.116 Safari\\/537.36","platform":"Mac OS X","browser":"Chrome"}', 0, 1, 1456230199, 1456230199),
(291, '97e58012ab2f2bf4ba970d419fd9a938', 'http://localhost/dentsu.digital/fabric/participated', NULL, 200, NULL, NULL, '0.88087400 1456230341', '::1', 'http://localhost/dentsu.digital/fabric', '', '{"user_agent":"Mozilla\\/5.0 (Macintosh; Intel Mac OS X 10_7_5) AppleWebKit\\/537.36 (KHTML, like Gecko) Chrome\\/48.0.2564.116 Safari\\/537.36","platform":"Mac OS X","browser":"Chrome"}', 0, 1, 1456230341, 1456230341),
(292, '43d9951f7c5dc9350166292c78278843', 'http://localhost/dentsu.digital/fabric/participated', NULL, 200, NULL, NULL, '0.21445200 1456230359', '::1', 'http://localhost/dentsu.digital/fabric', '', '{"user_agent":"Mozilla\\/5.0 (Macintosh; Intel Mac OS X 10_7_5) AppleWebKit\\/537.36 (KHTML, like Gecko) Chrome\\/48.0.2564.116 Safari\\/537.36","platform":"Mac OS X","browser":"Chrome"}', 0, 1, 1456230359, 0),
(293, '37daedf1482ac7a83af1abb2dd959ae9', 'http://localhost/dentsu.digital/fabric', NULL, 200, NULL, NULL, '0.72063000 1456230829', '::1', 'http://localhost/dentsu.digital/fabric', '', '{"user_agent":"Mozilla\\/5.0 (Macintosh; Intel Mac OS X 10_7_5) AppleWebKit\\/537.36 (KHTML, like Gecko) Chrome\\/48.0.2564.116 Safari\\/537.36","platform":"Mac OS X","browser":"Chrome"}', 0, 1, 1456230829, 1456230829),
(294, '0c13c1279f210c3a78a702ff92517672', 'http://localhost/dentsu.digital/fabric', NULL, 200, NULL, NULL, '0.97408500 1456282102', '::1', 'http://localhost/dentsu.digital/fabric', '', '{"user_agent":"Mozilla\\/5.0 (Macintosh; Intel Mac OS X 10_7_5) AppleWebKit\\/537.36 (KHTML, like Gecko) Chrome\\/48.0.2564.116 Safari\\/537.36","platform":"Mac OS X","browser":"Chrome"}', 0, 1, 1456282110, 0),
(295, '00284929ddd302f66779f5ee17200879', 'http://localhost/dentsu.digital/fabric/participated', NULL, 200, NULL, NULL, '0.61453000 1456282147', '::1', 'http://localhost/dentsu.digital/fabric', '', '{"user_agent":"Mozilla\\/5.0 (Macintosh; Intel Mac OS X 10.7; rv:44.0) Gecko\\/20100101 Firefox\\/44.0","platform":"Mac OS X","browser":"Firefox"}', 0, 1, 1456282147, 0),
(296, 'aab2351ae96d149c1bc961f4c8f895c2', 'http://localhost/dentsu.digital/fabric', NULL, 200, NULL, NULL, '0.83581000 1456296467', '::1', 'http://localhost/dentsu.digital/fabric', '', '{"user_agent":"Mozilla\\/5.0 (Macintosh; Intel Mac OS X 10_7_5) AppleWebKit\\/537.36 (KHTML, like Gecko) Chrome\\/48.0.2564.116 Safari\\/537.36","platform":"Mac OS X","browser":"Chrome"}', 0, 1, 1456296467, 0),
(297, '761824525062c892a74143c576f16df6', 'http://localhost/dentsu.digital/tracking', NULL, 200, NULL, NULL, '0.50260200 1456296757', '::1', '', '', '{"user_agent":"Mozilla\\/5.0 (Macintosh; Intel Mac OS X 10.7; rv:44.0) Gecko\\/20100101 Firefox\\/44.0","platform":"Mac OS X","browser":"Firefox"}', 0, 1, 1456296757, 1456296757),
(298, '41ace2b7ab797e4a0fb955607ead1937', 'http://localhost/dentsu.digital/tracking', NULL, 200, NULL, NULL, '0.66801800 1456296788', '::1', '', '', '{"user_agent":"Mozilla\\/5.0 (Macintosh; Intel Mac OS X 10.7; rv:44.0) Gecko\\/20100101 Firefox\\/44.0","platform":"Mac OS X","browser":"Firefox"}', 0, 1, 1456296788, 0),
(299, '455390cea5fc7da068173fe35f9dc023', 'http://localhost/dentsu.digital/fabric/participated', NULL, 200, NULL, NULL, '0.06118900 1456296832', '::1', 'http://localhost/dentsu.digital/fabric', '', '{"user_agent":"Mozilla\\/5.0 (Macintosh; Intel Mac OS X 10.7; rv:44.0) Gecko\\/20100101 Firefox\\/44.0","platform":"Mac OS X","browser":"Firefox"}', 0, 1, 1456296832, 1456296832),
(300, '45a255558158529cfcce8468b639c94a', 'http://localhost/dentsu.digital/fabric', NULL, 200, NULL, NULL, '0.99170800 1456297418', '::1', '', '', '{"user_agent":"Mozilla\\/5.0 (Macintosh; Intel Mac OS X 10.7; rv:44.0) Gecko\\/20100101 Firefox\\/44.0","platform":"Mac OS X","browser":"Firefox"}', 0, 1, 1456297419, 1456297419),
(301, 'bd4f668dd9231c25404793b31515fa9e', 'http://localhost/dentsu.digital/tracking', NULL, 200, NULL, NULL, '0.81635600 1456297690', '::1', '', '', '{"user_agent":"Mozilla\\/5.0 (Macintosh; Intel Mac OS X 10.7; rv:44.0) Gecko\\/20100101 Firefox\\/44.0","platform":"Mac OS X","browser":"Firefox"}', 0, 1, 1456297690, 1456297690),
(302, '4658bef1c318d92cc1d646a26cd8d856', 'http://localhost/dentsu.digital/fabric', NULL, 200, NULL, NULL, '0.53707100 1456297492', '::1', '', '', '{"user_agent":"Mozilla\\/5.0 (Macintosh; Intel Mac OS X 10_7_5) AppleWebKit\\/537.36 (KHTML, like Gecko) Chrome\\/48.0.2564.116 Safari\\/537.36","platform":"Mac OS X","browser":"Chrome"}', 0, 1, 1456297492, 1456297492),
(303, '70087862f5c2ab6f15fb479546b24dfc', 'http://localhost/dentsu.digital/tracking', NULL, 200, NULL, NULL, '0.89215500 1456297991', '::1', '', '', '{"user_agent":"Mozilla\\/5.0 (Macintosh; Intel Mac OS X 10.7; rv:44.0) Gecko\\/20100101 Firefox\\/44.0","platform":"Mac OS X","browser":"Firefox"}', 0, 1, 1456297991, 1456297991),
(304, 'c3ad9a3ef26343b64e8461612ceb0f1c', 'http://localhost/dentsu.digital/tracking', NULL, 200, NULL, NULL, '0.89274300 1456298375', '::1', '', '', '{"user_agent":"Mozilla\\/5.0 (Macintosh; Intel Mac OS X 10.7; rv:44.0) Gecko\\/20100101 Firefox\\/44.0","platform":"Mac OS X","browser":"Firefox"}', 0, 1, 1456298375, 1456298375),
(305, '7ac0c067c0bc5c301bd2872fb99b3db4', 'http://localhost/dentsu.digital/tracking', NULL, 200, NULL, NULL, '0.48535500 1456298759', '::1', '', '', '{"user_agent":"Mozilla\\/5.0 (Macintosh; Intel Mac OS X 10.7; rv:44.0) Gecko\\/20100101 Firefox\\/44.0","platform":"Mac OS X","browser":"Firefox"}', 0, 1, 1456298759, 1456298759),
(306, 'bd0e134b6dd764e6d17693281b87fb11', 'http://localhost/dentsu.digital/tracking', NULL, 200, NULL, NULL, '0.19308600 1456298800', '::1', '', '', '{"user_agent":"Mozilla\\/5.0 (Macintosh; Intel Mac OS X 10.7; rv:44.0) Gecko\\/20100101 Firefox\\/44.0","platform":"Mac OS X","browser":"Firefox"}', 0, 1, 1456298800, 0),
(307, 'c1dc03c8716f4bd48028879f17e51790', 'http://localhost/dentsu.digital/tracking', NULL, 200, NULL, NULL, '0.94416800 1456299707', '::1', '', '', '{"user_agent":"Mozilla\\/5.0 (Macintosh; Intel Mac OS X 10.7; rv:44.0) Gecko\\/20100101 Firefox\\/44.0","platform":"Mac OS X","browser":"Firefox"}', 0, 1, 1456299707, 1456299707),
(308, 'f719a35d926caad24549134f564de15f', 'http://localhost/dentsu.digital/tracking', NULL, 200, NULL, NULL, '0.41058200 1456305614', '::1', '', '', '{"user_agent":"Mozilla\\/5.0 (Macintosh; Intel Mac OS X 10.7; rv:44.0) Gecko\\/20100101 Firefox\\/44.0","platform":"Mac OS X","browser":"Firefox"}', 0, 1, 1456305614, 1456305614),
(309, '1892573d574865056609397e99934070', 'http://localhost/dentsu.digital/tracking', NULL, 200, NULL, NULL, '0.61483200 1456306034', '::1', '', '', '{"user_agent":"Mozilla\\/5.0 (Macintosh; Intel Mac OS X 10.7; rv:44.0) Gecko\\/20100101 Firefox\\/44.0","platform":"Mac OS X","browser":"Firefox"}', 0, 1, 1456306034, 1456306034),
(310, '9ac3a483247081eb4d725023f346be15', 'http://localhost/dentsu.digital/fabric/participated', NULL, 200, NULL, NULL, '0.86815700 1456306235', '::1', 'http://localhost/dentsu.digital/fabric', '', '{"user_agent":"Mozilla\\/5.0 (Macintosh; Intel Mac OS X 10.7; rv:44.0) Gecko\\/20100101 Firefox\\/44.0","platform":"Mac OS X","browser":"Firefox"}', 0, 1, 1456306235, 1456306235),
(311, 'aea7e90ab8001f5997fd27d65a6f8f83', 'http://localhost/dentsu.digital/tracking', NULL, 200, NULL, NULL, '0.40766800 1456308100', '::1', '', '', '{"user_agent":"Mozilla\\/5.0 (Macintosh; Intel Mac OS X 10.7; rv:44.0) Gecko\\/20100101 Firefox\\/44.0","platform":"Mac OS X","browser":"Firefox"}', 0, 1, 1456308100, 0);

-- --------------------------------------------------------

--
-- Table structure for table `tbl_settings`
--

CREATE TABLE IF NOT EXISTS `tbl_settings` (
  `id` int(11) unsigned NOT NULL AUTO_INCREMENT,
  `parameter` varchar(255) DEFAULT NULL,
  `alias` varchar(255) DEFAULT NULL,
  `value` varchar(255) DEFAULT NULL,
  `is_system` tinyint(1) DEFAULT '1',
  `status` tinyint(1) DEFAULT '1',
  `added` int(11) DEFAULT NULL,
  `modified` int(11) DEFAULT NULL,
  PRIMARY KEY (`id`),
  KEY `name` (`parameter`,`status`)
) ENGINE=MyISAM  DEFAULT CHARSET=latin1 AUTO_INCREMENT=29 ;

--
-- Dumping data for table `tbl_settings`
--

INSERT INTO `tbl_settings` (`id`, `parameter`, `alias`, `value`, `is_system`, `status`, `added`, `modified`) VALUES
(1, 'email_marketing', 'Email Marketing', 'marketing@', 1, 1, 1334835773, NULL),
(2, 'email_administrator', 'Email Administrator', 'administrator@', 1, 1, 1334835773, 1336122482),
(3, 'email_hrd', 'Email HRD', 'hrd@', 1, 1, 1334835773, NULL),
(4, 'email_info', 'Email Info', 'info@d3.dentsu.co.id', 1, 1, 1334835773, NULL),
(5, 'email_template', 'Email Template', '&dash;', 1, 1, 1334835773, NULL),
(6, 'maintenance_template', 'Maintenance Mode Template', '<h2>The site is off for <span><h1>MAINTENANCE</h1></span></h2>', 1, 1, 1334835773, NULL),
(7, 'contactus_address', 'Contact Address', '22nd Floor, Mandiri Tower Plaza Bapindo <br/>\nJl. Jend. Sudirman Kav. 54-55 <br/>\nJakarta 12190, Indonesia', 1, 1, 1334835773, NULL),
(8, 'contactus_gmap', 'GMaps Location', 'http://maps.google.com/maps?q=-6.217668,106.812992&num=1&t=m&z=18', 1, 1, 1334835773, NULL),
(9, 'no_phone', 'Number Phone', '(021) 299-501-10 / (021) 526-0286', 1, 1, 1334835773, NULL),
(10, 'no_fax', 'Number Fax', '(021) 522.3718', 1, 1, 1334835773, NULL),
(11, 'title_default', 'Website Title Default', 'Connecting you to your consumer', 1, 1, NULL, NULL),
(12, 'title_name', 'Company Title Name', 'PT. Default (Web Agency in Jakarta)', 1, 1, NULL, 1336118568),
(13, 'language', 'Default Language', 'en', 1, 1, NULL, 1336118568),
(14, 'counter', 'Site Counter', '123', 1, 1, NULL, 1336118568),
(15, 'copyright', 'Copyright', ' 2012 COMPANY NAME COPYRIGHT. All Rights Reserved.', 1, 1, NULL, 1336118568),
(16, 'site_name', 'Site Name', ' Default <br/> PT. Default (Web Agency in Jakarta).', 1, 1, NULL, 1336118568),
(17, 'site_quote', 'Quote', 'We provide solution for your Websites', 1, 1, NULL, 1336118568),
(18, 'site_description', 'Website Description', 'We provide solution for your Company Website ', 1, 1, NULL, 1336118568),
(19, 'socmed_facebook', 'Facebook', 'http://facebook.com', 1, 1, NULL, 1336118568),
(20, 'socmed_twitter', 'Twitter', 'http://twitter.com', 1, 1, NULL, 1336118568),
(21, 'socmed_gplus', 'Google Plus', 'http://plus.google.com', 1, 1, NULL, 1336118568),
(22, 'socmed_linkedin', 'LinkedIn', 'http://linkedin.com', 1, 1, NULL, 1424754067),
(23, 'socmed_pinterest', 'Pinterest', 'http://pinterest.com', 1, 1, NULL, 1336118568),
(24, 'registered_mark', 'Registered', 'We provide solution for your Websites', 1, 1, NULL, 1336118568),
(25, 'google_analytics', 'Analytics', 'Code Snippet', 1, 1, NULL, 1336118568),
(26, 'ext_link', 'Ext Link', 'http://www.apb-career.net', 1, 1, NULL, 1423732944);

-- --------------------------------------------------------

--
-- Table structure for table `tbl_users`
--

CREATE TABLE IF NOT EXISTS `tbl_users` (
  `id` int(6) NOT NULL AUTO_INCREMENT,
  `username` char(64) CHARACTER SET latin1 NOT NULL,
  `email` varchar(64) CHARACTER SET latin1 NOT NULL,
  `password` char(124) CHARACTER SET latin1 NOT NULL,
  `group_id` tinyint(1) unsigned NOT NULL,
  `last_login` int(11) NOT NULL,
  `logged_in` int(1) NOT NULL,
  `status` tinyint(1) NOT NULL DEFAULT '1',
  `session_id` varchar(160) NOT NULL,
  `verify` varchar(8) DEFAULT NULL,
  `added` int(11) NOT NULL,
  `modified` int(11) NOT NULL,
  PRIMARY KEY (`id`)
) ENGINE=MyISAM  DEFAULT CHARSET=utf8 AUTO_INCREMENT=35 ;

--
-- Dumping data for table `tbl_users`
--

INSERT INTO `tbl_users` (`id`, `username`, `email`, `password`, `group_id`, `last_login`, `logged_in`, `status`, `session_id`, `verify`, `added`, `modified`) VALUES
(1, 'admin', 'admin@admin.com', 'a03c997e5e5643a11d77287d82856b9f83bd8fe4', 1, 1456230357, 1, 1, 'bd4f668dd9231c25404793b31515fa9e', 'Q12C', 0, 0),
(2, 'joni', 'admin1@admin.com', '9003d1df22eb4d3820015070385194c8', 2, 1417003004, 0, 1, '', 'Q12C', 0, 1424687676),
(3, 'qc', 'asdf@asdf.com', 'fb00378895cf135de3b135f385c0012f3823e4fb', 3, 1417001008, 0, 2, '', 'Q12C', 0, 1449223462),
(29, 'dyarfi', 'dyarfi20@gmail.com', '647dc5d75f6ce3c6a859eb3b91fa6ccaab05b245', 116, 0, 0, 1, '', 'Q12C', 1417065898, 0),
(7, 'gmp', 'defrian.yarfi@gmail.com', '4d60cf3ac1381a533090412a84466000437eee1f', 4, 1417003001, 0, 1, '', 'Q12C', 0, 0),
(28, 'public', 'defrian.yarfi@gmail.com', '616eae925a4c10a70f2675d13d5c9e909f4d60c6', 100, 1417001002, 1, 1, '', 'Q12C', 1424854403, 1424689343),
(30, 'user.gen', 'defrian.yarfi@yahoo.com', '616eae925a4c10a70f2675d13d5c9e909f4d60c6', 100, 1417001002, 1, 2, '', 'Q12C', 1416993998, 1449223462),
(31, 'zxcvxcvzxcv', 'defrian.yarfi@gmail.comv', '19bfae76572363c2fa22ce08024fece149ac3303', 100, 0, 0, 1, '', 'Q12C', 1424854664, 0),
(32, 'admin@admin.com', 'admin@admin.com', '23aab64707ea295a6d8fa04d77a6db67e2d57c57', 100, 0, 0, 1, '', 'Q12C', 1425380399, 0),
(34, 'dyarfi20@gmail.com', 'dyarfi20@gmail.com', '70ccd9007338d6d81dd3b6271621b9cf9a97ea00', 100, 0, 0, 1, '', NULL, 1455016671, 0);

-- --------------------------------------------------------

--
-- Table structure for table `tbl_user_groups`
--

CREATE TABLE IF NOT EXISTS `tbl_user_groups` (
  `id` int(11) unsigned NOT NULL AUTO_INCREMENT,
  `name` varchar(32) NOT NULL,
  `backend_access` tinyint(1) DEFAULT NULL,
  `full_backend_access` tinyint(1) DEFAULT NULL,
  `status` tinyint(1) NOT NULL DEFAULT '1',
  `is_system` tinyint(1) NOT NULL DEFAULT '0',
  `added` int(11) unsigned NOT NULL,
  `modified` int(11) unsigned NOT NULL,
  PRIMARY KEY (`id`),
  KEY `parent_id` (`status`)
) ENGINE=MyISAM  DEFAULT CHARSET=utf8 AUTO_INCREMENT=119 ;

--
-- Dumping data for table `tbl_user_groups`
--

INSERT INTO `tbl_user_groups` (`id`, `name`, `backend_access`, `full_backend_access`, `status`, `is_system`, `added`, `modified`) VALUES
(1, 'Super Administrator', 1, 1, 1, 1, 1416499923, 0),
(2, 'Administrator', 1, 1, 1, 1, 1416499923, 0),
(99, 'User', 0, 0, 1, 1, 1416499923, 0),
(111, 'Manager', 1, 1, 1, 0, 0, 1425320008),
(112, 'Executive', 0, 0, 1, 0, 0, 0),
(113, 'Director', 0, 0, 1, 0, 0, 0),
(114, 'General', 0, 0, 1, 0, 0, 1424689329),
(116, 'Publisher', 1, 1, 1, 0, 0, 0),
(100, 'Employee', 1, NULL, 1, 0, 0, 0);

-- --------------------------------------------------------

--
-- Table structure for table `tbl_user_histories`
--

CREATE TABLE IF NOT EXISTS `tbl_user_histories` (
  `id` int(11) unsigned NOT NULL AUTO_INCREMENT,
  `module` varchar(24) NOT NULL,
  `user_id` int(11) unsigned NOT NULL,
  `controller` varchar(160) NOT NULL,
  `action` char(20) DEFAULT NULL,
  `time` int(11) unsigned NOT NULL,
  PRIMARY KEY (`id`),
  KEY `id` (`id`,`module`,`user_id`)
) ENGINE=MyISAM  DEFAULT CHARSET=utf8 AUTO_INCREMENT=3 ;

--
-- Dumping data for table `tbl_user_histories`
--

INSERT INTO `tbl_user_histories` (`id`, `module`, `user_id`, `controller`, `action`, `time`) VALUES
(1, 'user', 1, 'history', 'index', 1416281220),
(2, 'user', 1, 'history', 'index', 1416281220);

-- --------------------------------------------------------

--
-- Table structure for table `tbl_user_profiles`
--

CREATE TABLE IF NOT EXISTS `tbl_user_profiles` (
  `user_id` int(11) unsigned NOT NULL,
  `gender` enum('male','female') NOT NULL DEFAULT 'male',
  `about` text,
  `first_name` varchar(64) DEFAULT NULL,
  `last_name` varchar(64) DEFAULT NULL,
  `division` varchar(64) DEFAULT NULL,
  `country` varchar(64) DEFAULT NULL,
  `state` varchar(64) DEFAULT NULL,
  `city` varchar(128) DEFAULT NULL,
  `address` text,
  `postal_code` varchar(8) DEFAULT NULL,
  `birthday` date DEFAULT NULL,
  `phone` varchar(16) DEFAULT NULL,
  `mobile_phone` varchar(16) DEFAULT NULL,
  `fax` varchar(16) DEFAULT NULL,
  `website` varchar(255) DEFAULT NULL,
  `file_type` varchar(64) DEFAULT NULL,
  `file_name` varchar(48) DEFAULT NULL,
  `status` tinyint(1) NOT NULL DEFAULT '1',
  `added` int(11) unsigned NOT NULL,
  `modified` int(11) unsigned NOT NULL,
  KEY `user_id` (`user_id`,`phone`)
) ENGINE=MyISAM DEFAULT CHARSET=utf8;

--
-- Dumping data for table `tbl_user_profiles`
--

INSERT INTO `tbl_user_profiles` (`user_id`, `gender`, `about`, `first_name`, `last_name`, `division`, `country`, `state`, `city`, `address`, `postal_code`, `birthday`, `phone`, `mobile_phone`, `fax`, `website`, `file_type`, `file_name`, `status`, `added`, `modified`) VALUES
(1, 'male', 'Top Administrator of this website and portal', 'Administrator', 'Website', 'Web Programmer', 'DKI Jakarta', 'Jakarta', 'Jl. Gading Putih 1 F2 No. 4', '14240', '', '2010-09-06', '1234', '081807244697', '0', 'http://google.com', 'image/jpeg', '03.jpg', 1, 1283760138, 1428349886),
(2, 'male', 'Administrator of this Website', '', '', 'Web Designer', 'DKI Jakarta', 'Jakarta', 'Jl. Gading Putih 1 F2 No. 4', '14240', '', '2010-09-06', '1234', '081807244697', '0', '', 'image/jpeg', '78d57b4b5a0c6048b75bb0c9d91a8392.jpg', 1, 1283760138, 1424687676),
(3, 'male', 'User of this Website', '', '', 'Jakarta', '', '', 'Jl. Pulomas Barat 1 No. 31', '', '', '0000-00-00', '1234', '', '', '', 'image/jpeg', 'a8a484572c007e1e17648ae2c7ad629c.jpg', 2, 1285152397, 1449223462),
(28, 'male', 'Test', 'Public', 'Viewers', 'Web Programmer', NULL, NULL, NULL, NULL, NULL, '0000-00-00', '909090090', '909090090', NULL, NULL, NULL, NULL, 1, 1424854403, 1424689343),
(29, 'male', 'Web Programmer not a full stack', 'Defrian', 'Yarfi', 'Web Programmer', NULL, NULL, NULL, NULL, NULL, '0000-00-00', '081807244697', '081807244697', NULL, NULL, NULL, NULL, 1, 1417065898, 0),
(111, 'male', '', 'Web Developer', '', '', '', '', '', '', '', '0000-00-00', '', '', '', '', '', '', 1, 1333442128, 1333442192),
(110, 'male', '', 'Web Developer', '', '', '', '', '', '', '', '0000-00-00', '', '', '', '', '', '', 1, 1333441986, 1333442058),
(31, 'male', 'Test', 'Defrian', 'Yarfi', 'Web Programmer', NULL, NULL, NULL, NULL, NULL, '2012-02-25', '081807244697', '909090090', NULL, NULL, NULL, NULL, 1, 1424854664, 0),
(32, 'male', NULL, 'Test', NULL, NULL, NULL, NULL, NULL, NULL, NULL, NULL, NULL, NULL, NULL, NULL, NULL, '5cae9-_7___felix_boyeaux_studios_by_fixxxxx.png', 1, 1425380399, 0),
(34, 'male', NULL, 'Masdasda', NULL, NULL, NULL, NULL, NULL, NULL, NULL, NULL, NULL, NULL, NULL, NULL, NULL, NULL, 1, 1455016671, 0);

/*!40101 SET CHARACTER_SET_CLIENT=@OLD_CHARACTER_SET_CLIENT */;
/*!40101 SET CHARACTER_SET_RESULTS=@OLD_CHARACTER_SET_RESULTS */;
/*!40101 SET COLLATION_CONNECTION=@OLD_COLLATION_CONNECTION */;
